[0.000000] (-) TimerEvent: {}
[0.001476] (coco_detector) JobQueued: {'identifier': 'coco_detector', 'dependencies': OrderedDict()}
[0.001770] (go2_interfaces) JobQueued: {'identifier': 'go2_interfaces', 'dependencies': OrderedDict()}
[0.001950] (ros2_bag_to_image) JobQueued: {'identifier': 'ros2_bag_to_image', 'dependencies': OrderedDict()}
[0.002117] (unitree_go) JobQueued: {'identifier': 'unitree_go', 'dependencies': OrderedDict()}
[0.002484] (go2_robot_sdk) JobQueued: {'identifier': 'go2_robot_sdk', 'dependencies': OrderedDict([('go2_interfaces', '/home/orin2/ros2_ws/install/go2_interfaces'), ('unitree_go', '/home/orin2/ros2_ws/install/unitree_go')])}
[0.002677] (go2_interfaces) JobStarted: {'identifier': 'go2_interfaces'}
[0.038703] (unitree_go) JobStarted: {'identifier': 'unitree_go'}
[0.045244] (coco_detector) JobStarted: {'identifier': 'coco_detector'}
[0.069079] (ros2_bag_to_image) JobStarted: {'identifier': 'ros2_bag_to_image'}
[0.079383] (go2_interfaces) JobProgress: {'identifier': 'go2_interfaces', 'progress': 'cmake'}
[0.081164] (go2_interfaces) JobProgress: {'identifier': 'go2_interfaces', 'progress': 'build'}
[0.084983] (go2_interfaces) Command: {'cmd': ['/usr/bin/cmake', '--build', '/home/orin2/ros2_ws/build/go2_interfaces', '--', '-j8', '-l8'], 'cwd': '/home/orin2/ros2_ws/build/go2_interfaces', 'env': OrderedDict([('ROBOT_IP', '192.168.123.161'), ('LESSOPEN', '| /usr/bin/lesspipe %s'), ('USER', 'orin2'), ('SSH_CLIENT', '192.168.0.128 48182 22'), ('XDG_SESSION_TYPE', 'tty'), ('SHLVL', '1'), ('LD_LIBRARY_PATH', '/usr/local/cuda-12.6/lib64:/opt/ros/humble/opt/rviz_ogre_vendor/lib:/opt/ros/humble/lib/aarch64-linux-gnu:/opt/ros/humble/lib:/usr/local/cuda-12.2/lib64:'), ('BROWSER', '/home/orin2/.vscode-server/bin/ddc367ed5c8936efe395cffeec279b04ffd7db78/bin/helpers/browser.sh'), ('MAP_NAME', '3d_map'), ('MOTD_SHOWN', 'pam'), ('HOME', '/home/orin2'), ('OLDPWD', '/home/orin2/ros2_ws/src'), ('TERM_PROGRAM_VERSION', '1.98.2'), ('VSCODE_IPC_HOOK_CLI', '/run/user/1000/vscode-ipc-e7d8a6a6-2694-4128-8dce-50e771882e45.sock'), ('ROS_PYTHON_VERSION', '3'), ('PYDEVD_DISABLE_FILE_VALIDATION', '1'), ('BUNDLED_DEBUGPY_PATH', '/home/orin2/.vscode-server/extensions/ms-python.debugpy-2025.4.1-linux-arm64/bundled/libs/debugpy'), ('DBUS_SESSION_BUS_ADDRESS', 'unix:path=/run/user/1000/bus'), ('COLORTERM', 'truecolor'), ('ROS_DISTRO', 'humble'), ('LOGNAME', 'orin2'), ('_', '/usr/bin/colcon'), ('ROS_VERSION', '2'), ('XDG_SESSION_CLASS', 'user'), ('TERM', 'xterm-256color'), ('XDG_SESSION_ID', '2'), ('MAP_SAVE', 'True'), ('ROS_LOCALHOST_ONLY', '0'), ('PATH', '/usr/local/cuda-12.6/bin:/opt/ros/humble/bin:/usr/local/cuda-12.2/bin:/home/orin2/.vscode-server/bin/ddc367ed5c8936efe395cffeec279b04ffd7db78/bin/remote-cli:/usr/local/sbin:/usr/local/bin:/usr/sbin:/usr/bin:/sbin:/bin:/usr/games:/usr/local/games:/snap/bin:/home/orin2/.vscode-server/extensions/ms-python.debugpy-2025.4.1-linux-arm64/bundled/scripts/noConfigScripts:/home/orin2/.vscode-server/data/User/globalStorage/github.copilot-chat/debugCommand:/home/orin2/Repository/mcap/go/cli/mcap/bin:/usr/local/go/bin'), ('XDG_RUNTIME_DIR', '/run/user/1000'), ('DISPLAY', 'localhost:10.0'), ('VSCODE_DEBUGPY_ADAPTER_ENDPOINTS', '/home/orin2/.vscode-server/extensions/ms-python.debugpy-2025.4.1-linux-arm64/.noConfigDebugAdapterEndpoints/endpoint-7ad11a21a46cf7ea.txt'), ('LANG', 'en_US.UTF-8'), ('RMW_IMPLEMENTATION', 'rmw_fastrtps_cpp'), ('LS_COLORS', 'rs=0:di=01;34:ln=01;36:mh=00:pi=40;33:so=01;35:do=01;35:bd=40;33;01:cd=40;33;01:or=40;31;01:mi=00:su=37;41:sg=30;43:ca=30;41:tw=30;42:ow=34;42:st=37;44:ex=01;32:*.tar=01;31:*.tgz=01;31:*.arc=01;31:*.arj=01;31:*.taz=01;31:*.lha=01;31:*.lz4=01;31:*.lzh=01;31:*.lzma=01;31:*.tlz=01;31:*.txz=01;31:*.tzo=01;31:*.t7z=01;31:*.zip=01;31:*.z=01;31:*.dz=01;31:*.gz=01;31:*.lrz=01;31:*.lz=01;31:*.lzo=01;31:*.xz=01;31:*.zst=01;31:*.tzst=01;31:*.bz2=01;31:*.bz=01;31:*.tbz=01;31:*.tbz2=01;31:*.tz=01;31:*.deb=01;31:*.rpm=01;31:*.jar=01;31:*.war=01;31:*.ear=01;31:*.sar=01;31:*.rar=01;31:*.alz=01;31:*.ace=01;31:*.zoo=01;31:*.cpio=01;31:*.7z=01;31:*.rz=01;31:*.cab=01;31:*.wim=01;31:*.swm=01;31:*.dwm=01;31:*.esd=01;31:*.jpg=01;35:*.jpeg=01;35:*.mjpg=01;35:*.mjpeg=01;35:*.gif=01;35:*.bmp=01;35:*.pbm=01;35:*.pgm=01;35:*.ppm=01;35:*.tga=01;35:*.xbm=01;35:*.xpm=01;35:*.tif=01;35:*.tiff=01;35:*.png=01;35:*.svg=01;35:*.svgz=01;35:*.mng=01;35:*.pcx=01;35:*.mov=01;35:*.mpg=01;35:*.mpeg=01;35:*.m2v=01;35:*.mkv=01;35:*.webm=01;35:*.webp=01;35:*.ogm=01;35:*.mp4=01;35:*.m4v=01;35:*.mp4v=01;35:*.vob=01;35:*.qt=01;35:*.nuv=01;35:*.wmv=01;35:*.asf=01;35:*.rm=01;35:*.rmvb=01;35:*.flc=01;35:*.avi=01;35:*.fli=01;35:*.flv=01;35:*.gl=01;35:*.dl=01;35:*.xcf=01;35:*.xwd=01;35:*.yuv=01;35:*.cgm=01;35:*.emf=01;35:*.ogv=01;35:*.ogx=01;35:*.aac=00;36:*.au=00;36:*.flac=00;36:*.m4a=00;36:*.mid=00;36:*.midi=00;36:*.mka=00;36:*.mp3=00;36:*.mpc=00;36:*.ogg=00;36:*.ra=00;36:*.wav=00;36:*.oga=00;36:*.opus=00;36:*.spx=00;36:*.xspf=00;36:'), ('VSCODE_GIT_IPC_HANDLE', '/run/user/1000/vscode-git-fe0705986e.sock'), ('HUMBLE_ROS', 'humble'), ('TERM_PROGRAM', 'vscode'), ('AMENT_PREFIX_PATH', '/opt/ros/humble'), ('SHELL', '/bin/bash'), ('LESSCLOSE', '/usr/bin/lesspipe %s %s'), ('ROS_EDITION', 'ROS2'), ('PWD', '/home/orin2/ros2_ws/build/go2_interfaces'), ('SSH_CONNECTION', '192.168.0.128 48182 192.168.0.226 22'), ('PYTHONPATH', '/home/orin2/unitree_ros2/src/install/go2_robot_sdk/lib/python3.10/site-packages:/home/orin2/unitree_ros2/src/install/unitree_go/local/lib/python3.10/dist-packages:/home/orin2/unitree_ros2/src/install/go2_interfaces/local/lib/python3.10/dist-packages:/home/orin2/unitree_ros2/src/install/coco_detector/lib/python3.10/site-packages:/opt/ros/humble/lib/python3.10/site-packages:/opt/ros/humble/local/lib/python3.10/dist-packages:/home/orin2/unitree_ros2/BuddyNav/robot/unitree_sdk2_python'), ('CONN_TYPE', 'cyclonedds'), ('COLCON', '1'), ('CMAKE_PREFIX_PATH', '/opt/ros/humble')]), 'shell': False}
[0.096919] (-) TimerEvent: {}
[0.105067] (unitree_go) JobProgress: {'identifier': 'unitree_go', 'progress': 'cmake'}
[0.107354] (unitree_go) JobProgress: {'identifier': 'unitree_go', 'progress': 'build'}
[0.109049] (unitree_go) Command: {'cmd': ['/usr/bin/cmake', '--build', '/home/orin2/ros2_ws/build/unitree_go', '--', '-j8', '-l8'], 'cwd': '/home/orin2/ros2_ws/build/unitree_go', 'env': OrderedDict([('ROBOT_IP', '192.168.123.161'), ('LESSOPEN', '| /usr/bin/lesspipe %s'), ('USER', 'orin2'), ('SSH_CLIENT', '192.168.0.128 48182 22'), ('XDG_SESSION_TYPE', 'tty'), ('SHLVL', '1'), ('LD_LIBRARY_PATH', '/usr/local/cuda-12.6/lib64:/opt/ros/humble/opt/rviz_ogre_vendor/lib:/opt/ros/humble/lib/aarch64-linux-gnu:/opt/ros/humble/lib:/usr/local/cuda-12.2/lib64:'), ('BROWSER', '/home/orin2/.vscode-server/bin/ddc367ed5c8936efe395cffeec279b04ffd7db78/bin/helpers/browser.sh'), ('MAP_NAME', '3d_map'), ('MOTD_SHOWN', 'pam'), ('HOME', '/home/orin2'), ('OLDPWD', '/home/orin2/ros2_ws/src'), ('TERM_PROGRAM_VERSION', '1.98.2'), ('VSCODE_IPC_HOOK_CLI', '/run/user/1000/vscode-ipc-e7d8a6a6-2694-4128-8dce-50e771882e45.sock'), ('ROS_PYTHON_VERSION', '3'), ('PYDEVD_DISABLE_FILE_VALIDATION', '1'), ('BUNDLED_DEBUGPY_PATH', '/home/orin2/.vscode-server/extensions/ms-python.debugpy-2025.4.1-linux-arm64/bundled/libs/debugpy'), ('DBUS_SESSION_BUS_ADDRESS', 'unix:path=/run/user/1000/bus'), ('COLORTERM', 'truecolor'), ('ROS_DISTRO', 'humble'), ('LOGNAME', 'orin2'), ('_', '/usr/bin/colcon'), ('ROS_VERSION', '2'), ('XDG_SESSION_CLASS', 'user'), ('TERM', 'xterm-256color'), ('XDG_SESSION_ID', '2'), ('MAP_SAVE', 'True'), ('ROS_LOCALHOST_ONLY', '0'), ('PATH', '/usr/local/cuda-12.6/bin:/opt/ros/humble/bin:/usr/local/cuda-12.2/bin:/home/orin2/.vscode-server/bin/ddc367ed5c8936efe395cffeec279b04ffd7db78/bin/remote-cli:/usr/local/sbin:/usr/local/bin:/usr/sbin:/usr/bin:/sbin:/bin:/usr/games:/usr/local/games:/snap/bin:/home/orin2/.vscode-server/extensions/ms-python.debugpy-2025.4.1-linux-arm64/bundled/scripts/noConfigScripts:/home/orin2/.vscode-server/data/User/globalStorage/github.copilot-chat/debugCommand:/home/orin2/Repository/mcap/go/cli/mcap/bin:/usr/local/go/bin'), ('XDG_RUNTIME_DIR', '/run/user/1000'), ('DISPLAY', 'localhost:10.0'), ('VSCODE_DEBUGPY_ADAPTER_ENDPOINTS', '/home/orin2/.vscode-server/extensions/ms-python.debugpy-2025.4.1-linux-arm64/.noConfigDebugAdapterEndpoints/endpoint-7ad11a21a46cf7ea.txt'), ('LANG', 'en_US.UTF-8'), ('RMW_IMPLEMENTATION', 'rmw_fastrtps_cpp'), ('LS_COLORS', 'rs=0:di=01;34:ln=01;36:mh=00:pi=40;33:so=01;35:do=01;35:bd=40;33;01:cd=40;33;01:or=40;31;01:mi=00:su=37;41:sg=30;43:ca=30;41:tw=30;42:ow=34;42:st=37;44:ex=01;32:*.tar=01;31:*.tgz=01;31:*.arc=01;31:*.arj=01;31:*.taz=01;31:*.lha=01;31:*.lz4=01;31:*.lzh=01;31:*.lzma=01;31:*.tlz=01;31:*.txz=01;31:*.tzo=01;31:*.t7z=01;31:*.zip=01;31:*.z=01;31:*.dz=01;31:*.gz=01;31:*.lrz=01;31:*.lz=01;31:*.lzo=01;31:*.xz=01;31:*.zst=01;31:*.tzst=01;31:*.bz2=01;31:*.bz=01;31:*.tbz=01;31:*.tbz2=01;31:*.tz=01;31:*.deb=01;31:*.rpm=01;31:*.jar=01;31:*.war=01;31:*.ear=01;31:*.sar=01;31:*.rar=01;31:*.alz=01;31:*.ace=01;31:*.zoo=01;31:*.cpio=01;31:*.7z=01;31:*.rz=01;31:*.cab=01;31:*.wim=01;31:*.swm=01;31:*.dwm=01;31:*.esd=01;31:*.jpg=01;35:*.jpeg=01;35:*.mjpg=01;35:*.mjpeg=01;35:*.gif=01;35:*.bmp=01;35:*.pbm=01;35:*.pgm=01;35:*.ppm=01;35:*.tga=01;35:*.xbm=01;35:*.xpm=01;35:*.tif=01;35:*.tiff=01;35:*.png=01;35:*.svg=01;35:*.svgz=01;35:*.mng=01;35:*.pcx=01;35:*.mov=01;35:*.mpg=01;35:*.mpeg=01;35:*.m2v=01;35:*.mkv=01;35:*.webm=01;35:*.webp=01;35:*.ogm=01;35:*.mp4=01;35:*.m4v=01;35:*.mp4v=01;35:*.vob=01;35:*.qt=01;35:*.nuv=01;35:*.wmv=01;35:*.asf=01;35:*.rm=01;35:*.rmvb=01;35:*.flc=01;35:*.avi=01;35:*.fli=01;35:*.flv=01;35:*.gl=01;35:*.dl=01;35:*.xcf=01;35:*.xwd=01;35:*.yuv=01;35:*.cgm=01;35:*.emf=01;35:*.ogv=01;35:*.ogx=01;35:*.aac=00;36:*.au=00;36:*.flac=00;36:*.m4a=00;36:*.mid=00;36:*.midi=00;36:*.mka=00;36:*.mp3=00;36:*.mpc=00;36:*.ogg=00;36:*.ra=00;36:*.wav=00;36:*.oga=00;36:*.opus=00;36:*.spx=00;36:*.xspf=00;36:'), ('VSCODE_GIT_IPC_HANDLE', '/run/user/1000/vscode-git-fe0705986e.sock'), ('HUMBLE_ROS', 'humble'), ('TERM_PROGRAM', 'vscode'), ('AMENT_PREFIX_PATH', '/opt/ros/humble'), ('SHELL', '/bin/bash'), ('LESSCLOSE', '/usr/bin/lesspipe %s %s'), ('ROS_EDITION', 'ROS2'), ('PWD', '/home/orin2/ros2_ws/build/unitree_go'), ('SSH_CONNECTION', '192.168.0.128 48182 192.168.0.226 22'), ('PYTHONPATH', '/home/orin2/unitree_ros2/src/install/go2_robot_sdk/lib/python3.10/site-packages:/home/orin2/unitree_ros2/src/install/unitree_go/local/lib/python3.10/dist-packages:/home/orin2/unitree_ros2/src/install/go2_interfaces/local/lib/python3.10/dist-packages:/home/orin2/unitree_ros2/src/install/coco_detector/lib/python3.10/site-packages:/opt/ros/humble/lib/python3.10/site-packages:/opt/ros/humble/local/lib/python3.10/dist-packages:/home/orin2/unitree_ros2/BuddyNav/robot/unitree_sdk2_python'), ('CONN_TYPE', 'cyclonedds'), ('COLCON', '1'), ('CMAKE_PREFIX_PATH', '/opt/ros/humble')]), 'shell': False}
[0.197069] (-) TimerEvent: {}
[0.270271] (go2_interfaces) StdoutLine: {'line': b'[  1%] Built target go2_interfaces__cpp\n'}
[0.285593] (go2_interfaces) StdoutLine: {'line': b'[  1%] Built target ament_cmake_python_copy_go2_interfaces\n'}
[0.297236] (-) TimerEvent: {}
[0.309807] (go2_interfaces) StdoutLine: {'line': b'[ 12%] Built target go2_interfaces__rosidl_generator_c\n'}
[0.322546] (unitree_go) StdoutLine: {'line': b'[  0%] Built target unitree_go__cpp\n'}
[0.333033] (unitree_go) StdoutLine: {'line': b'[ 12%] Built target unitree_go__rosidl_generator_c\n'}
[0.365775] (go2_interfaces) StdoutLine: {'line': b'[ 23%] Built target go2_interfaces__rosidl_typesupport_fastrtps_cpp\n'}
[0.368068] (go2_interfaces) StdoutLine: {'line': b'[ 34%] Built target go2_interfaces__rosidl_typesupport_cpp\n'}
[0.394121] (go2_interfaces) StdoutLine: {'line': b'[ 46%] Built target go2_interfaces__rosidl_typesupport_introspection_cpp\n'}
[0.398962] (-) TimerEvent: {}
[0.416494] (unitree_go) StdoutLine: {'line': b'[ 12%] Built target ament_cmake_python_copy_unitree_go\n'}
[0.447054] (unitree_go) StdoutLine: {'line': b'[ 24%] Built target unitree_go__rosidl_typesupport_fastrtps_cpp\n'}
[0.458557] (unitree_go) StdoutLine: {'line': b'[ 37%] Built target unitree_go__rosidl_typesupport_introspection_cpp\n'}
[0.465657] (go2_interfaces) StdoutLine: {'line': b'[ 60%] Built target go2_interfaces__rosidl_typesupport_fastrtps_c\n'}
[0.466199] (go2_interfaces) StdoutLine: {'line': b'[ 68%] Built target go2_interfaces__rosidl_typesupport_introspection_c\n'}
[0.467345] (unitree_go) StdoutLine: {'line': b'[ 49%] Built target unitree_go__rosidl_typesupport_fastrtps_c\n'}
[0.471120] (go2_interfaces) StdoutLine: {'line': b'[ 79%] Built target go2_interfaces__rosidl_typesupport_c\n'}
[0.483526] (unitree_go) StdoutLine: {'line': b'[ 61%] Built target unitree_go__rosidl_typesupport_c\n'}
[0.489476] (unitree_go) StdoutLine: {'line': b'[ 74%] Built target unitree_go__rosidl_typesupport_introspection_c\n'}
[0.499119] (-) TimerEvent: {}
[0.500299] (unitree_go) StdoutLine: {'line': b'[ 86%] Built target unitree_go__rosidl_typesupport_cpp\n'}
[0.534065] (go2_interfaces) StdoutLine: {'line': b'[ 79%] Built target go2_interfaces\n'}
[0.575070] (go2_interfaces) StdoutLine: {'line': b'[ 80%] Built target go2_interfaces__py\n'}
[0.599264] (-) TimerEvent: {}
[0.600991] (unitree_go) StdoutLine: {'line': b'[ 86%] Built target unitree_go\n'}
[0.641787] (go2_interfaces) StdoutLine: {'line': b'[ 90%] Built target go2_interfaces__rosidl_generator_py\n'}
[0.653783] (unitree_go) StdoutLine: {'line': b'[ 86%] Built target unitree_go__py\n'}
[0.699423] (-) TimerEvent: {}
[0.714502] (go2_interfaces) StdoutLine: {'line': b'[ 96%] Built target go2_interfaces__rosidl_typesupport_introspection_c__pyext\n'}
[0.714974] (go2_interfaces) StdoutLine: {'line': b'[ 96%] Built target go2_interfaces__rosidl_typesupport_fastrtps_c__pyext\n'}
[0.751462] (unitree_go) StdoutLine: {'line': b'[ 98%] Built target unitree_go__rosidl_generator_py\n'}
[0.780116] (go2_interfaces) StdoutLine: {'line': b'[100%] Built target go2_interfaces__rosidl_typesupport_c__pyext\n'}
[0.799597] (-) TimerEvent: {}
[0.818877] (unitree_go) StdoutLine: {'line': b'[ 99%] Built target unitree_go__rosidl_typesupport_fastrtps_c__pyext\n'}
[0.826754] (unitree_go) StdoutLine: {'line': b'[ 99%] Built target unitree_go__rosidl_typesupport_introspection_c__pyext\n'}
[0.828843] (unitree_go) StdoutLine: {'line': b'[100%] Built target unitree_go__rosidl_typesupport_c__pyext\n'}
[0.899777] (-) TimerEvent: {}
[0.901051] (ros2_bag_to_image) JobProgress: {'identifier': 'ros2_bag_to_image', 'progress': 'cmake'}
[0.903420] (ros2_bag_to_image) JobProgress: {'identifier': 'ros2_bag_to_image', 'progress': 'build'}
[0.904032] (ros2_bag_to_image) Command: {'cmd': ['/usr/bin/cmake', '--build', '/home/orin2/ros2_ws/build/ros2_bag_to_image', '--', '-j8', '-l8'], 'cwd': '/home/orin2/ros2_ws/build/ros2_bag_to_image', 'env': OrderedDict([('ROBOT_IP', '192.168.123.161'), ('LESSOPEN', '| /usr/bin/lesspipe %s'), ('USER', 'orin2'), ('SSH_CLIENT', '192.168.0.128 48182 22'), ('XDG_SESSION_TYPE', 'tty'), ('SHLVL', '1'), ('LD_LIBRARY_PATH', '/usr/local/cuda-12.6/lib64:/opt/ros/humble/opt/rviz_ogre_vendor/lib:/opt/ros/humble/lib/aarch64-linux-gnu:/opt/ros/humble/lib:/usr/local/cuda-12.2/lib64:'), ('BROWSER', '/home/orin2/.vscode-server/bin/ddc367ed5c8936efe395cffeec279b04ffd7db78/bin/helpers/browser.sh'), ('MAP_NAME', '3d_map'), ('MOTD_SHOWN', 'pam'), ('HOME', '/home/orin2'), ('OLDPWD', '/home/orin2/ros2_ws/src'), ('TERM_PROGRAM_VERSION', '1.98.2'), ('VSCODE_IPC_HOOK_CLI', '/run/user/1000/vscode-ipc-e7d8a6a6-2694-4128-8dce-50e771882e45.sock'), ('ROS_PYTHON_VERSION', '3'), ('PYDEVD_DISABLE_FILE_VALIDATION', '1'), ('BUNDLED_DEBUGPY_PATH', '/home/orin2/.vscode-server/extensions/ms-python.debugpy-2025.4.1-linux-arm64/bundled/libs/debugpy'), ('DBUS_SESSION_BUS_ADDRESS', 'unix:path=/run/user/1000/bus'), ('COLORTERM', 'truecolor'), ('ROS_DISTRO', 'humble'), ('LOGNAME', 'orin2'), ('_', '/usr/bin/colcon'), ('ROS_VERSION', '2'), ('XDG_SESSION_CLASS', 'user'), ('TERM', 'xterm-256color'), ('XDG_SESSION_ID', '2'), ('MAP_SAVE', 'True'), ('ROS_LOCALHOST_ONLY', '0'), ('PATH', '/usr/local/cuda-12.6/bin:/opt/ros/humble/bin:/usr/local/cuda-12.2/bin:/home/orin2/.vscode-server/bin/ddc367ed5c8936efe395cffeec279b04ffd7db78/bin/remote-cli:/usr/local/sbin:/usr/local/bin:/usr/sbin:/usr/bin:/sbin:/bin:/usr/games:/usr/local/games:/snap/bin:/home/orin2/.vscode-server/extensions/ms-python.debugpy-2025.4.1-linux-arm64/bundled/scripts/noConfigScripts:/home/orin2/.vscode-server/data/User/globalStorage/github.copilot-chat/debugCommand:/home/orin2/Repository/mcap/go/cli/mcap/bin:/usr/local/go/bin'), ('XDG_RUNTIME_DIR', '/run/user/1000'), ('DISPLAY', 'localhost:10.0'), ('VSCODE_DEBUGPY_ADAPTER_ENDPOINTS', '/home/orin2/.vscode-server/extensions/ms-python.debugpy-2025.4.1-linux-arm64/.noConfigDebugAdapterEndpoints/endpoint-7ad11a21a46cf7ea.txt'), ('LANG', 'en_US.UTF-8'), ('RMW_IMPLEMENTATION', 'rmw_fastrtps_cpp'), ('LS_COLORS', 'rs=0:di=01;34:ln=01;36:mh=00:pi=40;33:so=01;35:do=01;35:bd=40;33;01:cd=40;33;01:or=40;31;01:mi=00:su=37;41:sg=30;43:ca=30;41:tw=30;42:ow=34;42:st=37;44:ex=01;32:*.tar=01;31:*.tgz=01;31:*.arc=01;31:*.arj=01;31:*.taz=01;31:*.lha=01;31:*.lz4=01;31:*.lzh=01;31:*.lzma=01;31:*.tlz=01;31:*.txz=01;31:*.tzo=01;31:*.t7z=01;31:*.zip=01;31:*.z=01;31:*.dz=01;31:*.gz=01;31:*.lrz=01;31:*.lz=01;31:*.lzo=01;31:*.xz=01;31:*.zst=01;31:*.tzst=01;31:*.bz2=01;31:*.bz=01;31:*.tbz=01;31:*.tbz2=01;31:*.tz=01;31:*.deb=01;31:*.rpm=01;31:*.jar=01;31:*.war=01;31:*.ear=01;31:*.sar=01;31:*.rar=01;31:*.alz=01;31:*.ace=01;31:*.zoo=01;31:*.cpio=01;31:*.7z=01;31:*.rz=01;31:*.cab=01;31:*.wim=01;31:*.swm=01;31:*.dwm=01;31:*.esd=01;31:*.jpg=01;35:*.jpeg=01;35:*.mjpg=01;35:*.mjpeg=01;35:*.gif=01;35:*.bmp=01;35:*.pbm=01;35:*.pgm=01;35:*.ppm=01;35:*.tga=01;35:*.xbm=01;35:*.xpm=01;35:*.tif=01;35:*.tiff=01;35:*.png=01;35:*.svg=01;35:*.svgz=01;35:*.mng=01;35:*.pcx=01;35:*.mov=01;35:*.mpg=01;35:*.mpeg=01;35:*.m2v=01;35:*.mkv=01;35:*.webm=01;35:*.webp=01;35:*.ogm=01;35:*.mp4=01;35:*.m4v=01;35:*.mp4v=01;35:*.vob=01;35:*.qt=01;35:*.nuv=01;35:*.wmv=01;35:*.asf=01;35:*.rm=01;35:*.rmvb=01;35:*.flc=01;35:*.avi=01;35:*.fli=01;35:*.flv=01;35:*.gl=01;35:*.dl=01;35:*.xcf=01;35:*.xwd=01;35:*.yuv=01;35:*.cgm=01;35:*.emf=01;35:*.ogv=01;35:*.ogx=01;35:*.aac=00;36:*.au=00;36:*.flac=00;36:*.m4a=00;36:*.mid=00;36:*.midi=00;36:*.mka=00;36:*.mp3=00;36:*.mpc=00;36:*.ogg=00;36:*.ra=00;36:*.wav=00;36:*.oga=00;36:*.opus=00;36:*.spx=00;36:*.xspf=00;36:'), ('VSCODE_GIT_IPC_HANDLE', '/run/user/1000/vscode-git-fe0705986e.sock'), ('HUMBLE_ROS', 'humble'), ('TERM_PROGRAM', 'vscode'), ('AMENT_PREFIX_PATH', '/opt/ros/humble'), ('SHELL', '/bin/bash'), ('LESSCLOSE', '/usr/bin/lesspipe %s %s'), ('ROS_EDITION', 'ROS2'), ('PWD', '/home/orin2/ros2_ws/build/ros2_bag_to_image'), ('SSH_CONNECTION', '192.168.0.128 48182 192.168.0.226 22'), ('PYTHONPATH', '/home/orin2/unitree_ros2/src/install/go2_robot_sdk/lib/python3.10/site-packages:/home/orin2/unitree_ros2/src/install/unitree_go/local/lib/python3.10/dist-packages:/home/orin2/unitree_ros2/src/install/go2_interfaces/local/lib/python3.10/dist-packages:/home/orin2/unitree_ros2/src/install/coco_detector/lib/python3.10/site-packages:/opt/ros/humble/lib/python3.10/site-packages:/opt/ros/humble/local/lib/python3.10/dist-packages:/home/orin2/unitree_ros2/BuddyNav/robot/unitree_sdk2_python'), ('CONN_TYPE', 'cyclonedds'), ('COLCON', '1'), ('CMAKE_PREFIX_PATH', '/opt/ros/humble')]), 'shell': False}
[0.999946] (-) TimerEvent: {}
[1.037818] (ros2_bag_to_image) StdoutLine: {'line': b'\x1b[35m\x1b[1mConsolidate compiler generated dependencies of target topic_to_image_node\x1b[0m\n'}
[1.041026] (ros2_bag_to_image) StdoutLine: {'line': b'\x1b[35m\x1b[1mConsolidate compiler generated dependencies of target bag_to_image_node\x1b[0m\n'}
[1.062968] (ros2_bag_to_image) StdoutLine: {'line': b'\x1b[35m\x1b[1mConsolidate compiler generated dependencies of target topic_to_image\x1b[0m\n'}
[1.086534] (ros2_bag_to_image) StdoutLine: {'line': b'[ 25%] Built target topic_to_image_node\n'}
[1.100106] (-) TimerEvent: {}
[1.112818] (ros2_bag_to_image) StdoutLine: {'line': b'[ 50%] Built target bag_to_image_node\n'}
[1.135207] (ros2_bag_to_image) StdoutLine: {'line': b'[ 75%] Built target topic_to_image\n'}
[1.149898] (unitree_go) StdoutLine: {'line': b'running egg_info\n'}
[1.152650] (unitree_go) StdoutLine: {'line': b'writing unitree_go.egg-info/PKG-INFO\n'}
[1.154170] (unitree_go) StdoutLine: {'line': b'writing dependency_links to unitree_go.egg-info/dependency_links.txt\n'}
[1.155529] (unitree_go) StdoutLine: {'line': b'writing top-level names to unitree_go.egg-info/top_level.txt\n'}
[1.165347] (unitree_go) StdoutLine: {'line': b"reading manifest file 'unitree_go.egg-info/SOURCES.txt'\n"}
[1.167915] (unitree_go) StdoutLine: {'line': b"writing manifest file 'unitree_go.egg-info/SOURCES.txt'\n"}
[1.176091] (ros2_bag_to_image) StdoutLine: {'line': b'\x1b[35m\x1b[1mConsolidate compiler generated dependencies of target bag_to_image\x1b[0m\n'}
[1.176650] (go2_interfaces) StdoutLine: {'line': b'running egg_info\n'}
[1.181141] (go2_interfaces) StdoutLine: {'line': b'writing go2_interfaces.egg-info/PKG-INFO\n'}
[1.182301] (go2_interfaces) StdoutLine: {'line': b'writing dependency_links to go2_interfaces.egg-info/dependency_links.txt\n'}
[1.182955] (go2_interfaces) StdoutLine: {'line': b'writing top-level names to go2_interfaces.egg-info/top_level.txt\n'}
[1.200271] (-) TimerEvent: {}
[1.206613] (go2_interfaces) StdoutLine: {'line': b"reading manifest file 'go2_interfaces.egg-info/SOURCES.txt'\n"}
[1.207178] (go2_interfaces) StdoutLine: {'line': b"writing manifest file 'go2_interfaces.egg-info/SOURCES.txt'\n"}
[1.260138] (ros2_bag_to_image) StdoutLine: {'line': b'[ 87%] \x1b[32mBuilding CXX object CMakeFiles/bag_to_image.dir/src/bag_to_image.cpp.o\x1b[0m\n'}
[1.297472] (unitree_go) StdoutLine: {'line': b'[100%] Built target ament_cmake_python_build_unitree_go_egg\n'}
[1.300426] (-) TimerEvent: {}
[1.337270] (go2_interfaces) StdoutLine: {'line': b'[100%] Built target ament_cmake_python_build_go2_interfaces_egg\n'}
[1.341411] (unitree_go) CommandEnded: {'returncode': 0}
[1.347672] (unitree_go) JobProgress: {'identifier': 'unitree_go', 'progress': 'install'}
[1.371762] (unitree_go) Command: {'cmd': ['/usr/bin/cmake', '--install', '/home/orin2/ros2_ws/build/unitree_go'], 'cwd': '/home/orin2/ros2_ws/build/unitree_go', 'env': OrderedDict([('ROBOT_IP', '192.168.123.161'), ('LESSOPEN', '| /usr/bin/lesspipe %s'), ('USER', 'orin2'), ('SSH_CLIENT', '192.168.0.128 48182 22'), ('XDG_SESSION_TYPE', 'tty'), ('SHLVL', '1'), ('LD_LIBRARY_PATH', '/usr/local/cuda-12.6/lib64:/opt/ros/humble/opt/rviz_ogre_vendor/lib:/opt/ros/humble/lib/aarch64-linux-gnu:/opt/ros/humble/lib:/usr/local/cuda-12.2/lib64:'), ('BROWSER', '/home/orin2/.vscode-server/bin/ddc367ed5c8936efe395cffeec279b04ffd7db78/bin/helpers/browser.sh'), ('MAP_NAME', '3d_map'), ('MOTD_SHOWN', 'pam'), ('HOME', '/home/orin2'), ('OLDPWD', '/home/orin2/ros2_ws/src'), ('TERM_PROGRAM_VERSION', '1.98.2'), ('VSCODE_IPC_HOOK_CLI', '/run/user/1000/vscode-ipc-e7d8a6a6-2694-4128-8dce-50e771882e45.sock'), ('ROS_PYTHON_VERSION', '3'), ('PYDEVD_DISABLE_FILE_VALIDATION', '1'), ('BUNDLED_DEBUGPY_PATH', '/home/orin2/.vscode-server/extensions/ms-python.debugpy-2025.4.1-linux-arm64/bundled/libs/debugpy'), ('DBUS_SESSION_BUS_ADDRESS', 'unix:path=/run/user/1000/bus'), ('COLORTERM', 'truecolor'), ('ROS_DISTRO', 'humble'), ('LOGNAME', 'orin2'), ('_', '/usr/bin/colcon'), ('ROS_VERSION', '2'), ('XDG_SESSION_CLASS', 'user'), ('TERM', 'xterm-256color'), ('XDG_SESSION_ID', '2'), ('MAP_SAVE', 'True'), ('ROS_LOCALHOST_ONLY', '0'), ('PATH', '/usr/local/cuda-12.6/bin:/opt/ros/humble/bin:/usr/local/cuda-12.2/bin:/home/orin2/.vscode-server/bin/ddc367ed5c8936efe395cffeec279b04ffd7db78/bin/remote-cli:/usr/local/sbin:/usr/local/bin:/usr/sbin:/usr/bin:/sbin:/bin:/usr/games:/usr/local/games:/snap/bin:/home/orin2/.vscode-server/extensions/ms-python.debugpy-2025.4.1-linux-arm64/bundled/scripts/noConfigScripts:/home/orin2/.vscode-server/data/User/globalStorage/github.copilot-chat/debugCommand:/home/orin2/Repository/mcap/go/cli/mcap/bin:/usr/local/go/bin'), ('XDG_RUNTIME_DIR', '/run/user/1000'), ('DISPLAY', 'localhost:10.0'), ('VSCODE_DEBUGPY_ADAPTER_ENDPOINTS', '/home/orin2/.vscode-server/extensions/ms-python.debugpy-2025.4.1-linux-arm64/.noConfigDebugAdapterEndpoints/endpoint-7ad11a21a46cf7ea.txt'), ('LANG', 'en_US.UTF-8'), ('RMW_IMPLEMENTATION', 'rmw_fastrtps_cpp'), ('LS_COLORS', 'rs=0:di=01;34:ln=01;36:mh=00:pi=40;33:so=01;35:do=01;35:bd=40;33;01:cd=40;33;01:or=40;31;01:mi=00:su=37;41:sg=30;43:ca=30;41:tw=30;42:ow=34;42:st=37;44:ex=01;32:*.tar=01;31:*.tgz=01;31:*.arc=01;31:*.arj=01;31:*.taz=01;31:*.lha=01;31:*.lz4=01;31:*.lzh=01;31:*.lzma=01;31:*.tlz=01;31:*.txz=01;31:*.tzo=01;31:*.t7z=01;31:*.zip=01;31:*.z=01;31:*.dz=01;31:*.gz=01;31:*.lrz=01;31:*.lz=01;31:*.lzo=01;31:*.xz=01;31:*.zst=01;31:*.tzst=01;31:*.bz2=01;31:*.bz=01;31:*.tbz=01;31:*.tbz2=01;31:*.tz=01;31:*.deb=01;31:*.rpm=01;31:*.jar=01;31:*.war=01;31:*.ear=01;31:*.sar=01;31:*.rar=01;31:*.alz=01;31:*.ace=01;31:*.zoo=01;31:*.cpio=01;31:*.7z=01;31:*.rz=01;31:*.cab=01;31:*.wim=01;31:*.swm=01;31:*.dwm=01;31:*.esd=01;31:*.jpg=01;35:*.jpeg=01;35:*.mjpg=01;35:*.mjpeg=01;35:*.gif=01;35:*.bmp=01;35:*.pbm=01;35:*.pgm=01;35:*.ppm=01;35:*.tga=01;35:*.xbm=01;35:*.xpm=01;35:*.tif=01;35:*.tiff=01;35:*.png=01;35:*.svg=01;35:*.svgz=01;35:*.mng=01;35:*.pcx=01;35:*.mov=01;35:*.mpg=01;35:*.mpeg=01;35:*.m2v=01;35:*.mkv=01;35:*.webm=01;35:*.webp=01;35:*.ogm=01;35:*.mp4=01;35:*.m4v=01;35:*.mp4v=01;35:*.vob=01;35:*.qt=01;35:*.nuv=01;35:*.wmv=01;35:*.asf=01;35:*.rm=01;35:*.rmvb=01;35:*.flc=01;35:*.avi=01;35:*.fli=01;35:*.flv=01;35:*.gl=01;35:*.dl=01;35:*.xcf=01;35:*.xwd=01;35:*.yuv=01;35:*.cgm=01;35:*.emf=01;35:*.ogv=01;35:*.ogx=01;35:*.aac=00;36:*.au=00;36:*.flac=00;36:*.m4a=00;36:*.mid=00;36:*.midi=00;36:*.mka=00;36:*.mp3=00;36:*.mpc=00;36:*.ogg=00;36:*.ra=00;36:*.wav=00;36:*.oga=00;36:*.opus=00;36:*.spx=00;36:*.xspf=00;36:'), ('VSCODE_GIT_IPC_HANDLE', '/run/user/1000/vscode-git-fe0705986e.sock'), ('HUMBLE_ROS', 'humble'), ('TERM_PROGRAM', 'vscode'), ('AMENT_PREFIX_PATH', '/opt/ros/humble'), ('SHELL', '/bin/bash'), ('LESSCLOSE', '/usr/bin/lesspipe %s %s'), ('ROS_EDITION', 'ROS2'), ('PWD', '/home/orin2/ros2_ws/build/unitree_go'), ('SSH_CONNECTION', '192.168.0.128 48182 192.168.0.226 22'), ('PYTHONPATH', '/home/orin2/unitree_ros2/src/install/go2_robot_sdk/lib/python3.10/site-packages:/home/orin2/unitree_ros2/src/install/unitree_go/local/lib/python3.10/dist-packages:/home/orin2/unitree_ros2/src/install/go2_interfaces/local/lib/python3.10/dist-packages:/home/orin2/unitree_ros2/src/install/coco_detector/lib/python3.10/site-packages:/opt/ros/humble/lib/python3.10/site-packages:/opt/ros/humble/local/lib/python3.10/dist-packages:/home/orin2/unitree_ros2/BuddyNav/robot/unitree_sdk2_python'), ('CONN_TYPE', 'cyclonedds'), ('COLCON', '1'), ('CMAKE_PREFIX_PATH', '/opt/ros/humble')]), 'shell': False}
[1.377940] (go2_interfaces) CommandEnded: {'returncode': 0}
[1.378858] (go2_interfaces) JobProgress: {'identifier': 'go2_interfaces', 'progress': 'install'}
[1.378926] (go2_interfaces) Command: {'cmd': ['/usr/bin/cmake', '--install', '/home/orin2/ros2_ws/build/go2_interfaces'], 'cwd': '/home/orin2/ros2_ws/build/go2_interfaces', 'env': OrderedDict([('ROBOT_IP', '192.168.123.161'), ('LESSOPEN', '| /usr/bin/lesspipe %s'), ('USER', 'orin2'), ('SSH_CLIENT', '192.168.0.128 48182 22'), ('XDG_SESSION_TYPE', 'tty'), ('SHLVL', '1'), ('LD_LIBRARY_PATH', '/usr/local/cuda-12.6/lib64:/opt/ros/humble/opt/rviz_ogre_vendor/lib:/opt/ros/humble/lib/aarch64-linux-gnu:/opt/ros/humble/lib:/usr/local/cuda-12.2/lib64:'), ('BROWSER', '/home/orin2/.vscode-server/bin/ddc367ed5c8936efe395cffeec279b04ffd7db78/bin/helpers/browser.sh'), ('MAP_NAME', '3d_map'), ('MOTD_SHOWN', 'pam'), ('HOME', '/home/orin2'), ('OLDPWD', '/home/orin2/ros2_ws/src'), ('TERM_PROGRAM_VERSION', '1.98.2'), ('VSCODE_IPC_HOOK_CLI', '/run/user/1000/vscode-ipc-e7d8a6a6-2694-4128-8dce-50e771882e45.sock'), ('ROS_PYTHON_VERSION', '3'), ('PYDEVD_DISABLE_FILE_VALIDATION', '1'), ('BUNDLED_DEBUGPY_PATH', '/home/orin2/.vscode-server/extensions/ms-python.debugpy-2025.4.1-linux-arm64/bundled/libs/debugpy'), ('DBUS_SESSION_BUS_ADDRESS', 'unix:path=/run/user/1000/bus'), ('COLORTERM', 'truecolor'), ('ROS_DISTRO', 'humble'), ('LOGNAME', 'orin2'), ('_', '/usr/bin/colcon'), ('ROS_VERSION', '2'), ('XDG_SESSION_CLASS', 'user'), ('TERM', 'xterm-256color'), ('XDG_SESSION_ID', '2'), ('MAP_SAVE', 'True'), ('ROS_LOCALHOST_ONLY', '0'), ('PATH', '/usr/local/cuda-12.6/bin:/opt/ros/humble/bin:/usr/local/cuda-12.2/bin:/home/orin2/.vscode-server/bin/ddc367ed5c8936efe395cffeec279b04ffd7db78/bin/remote-cli:/usr/local/sbin:/usr/local/bin:/usr/sbin:/usr/bin:/sbin:/bin:/usr/games:/usr/local/games:/snap/bin:/home/orin2/.vscode-server/extensions/ms-python.debugpy-2025.4.1-linux-arm64/bundled/scripts/noConfigScripts:/home/orin2/.vscode-server/data/User/globalStorage/github.copilot-chat/debugCommand:/home/orin2/Repository/mcap/go/cli/mcap/bin:/usr/local/go/bin'), ('XDG_RUNTIME_DIR', '/run/user/1000'), ('DISPLAY', 'localhost:10.0'), ('VSCODE_DEBUGPY_ADAPTER_ENDPOINTS', '/home/orin2/.vscode-server/extensions/ms-python.debugpy-2025.4.1-linux-arm64/.noConfigDebugAdapterEndpoints/endpoint-7ad11a21a46cf7ea.txt'), ('LANG', 'en_US.UTF-8'), ('RMW_IMPLEMENTATION', 'rmw_fastrtps_cpp'), ('LS_COLORS', 'rs=0:di=01;34:ln=01;36:mh=00:pi=40;33:so=01;35:do=01;35:bd=40;33;01:cd=40;33;01:or=40;31;01:mi=00:su=37;41:sg=30;43:ca=30;41:tw=30;42:ow=34;42:st=37;44:ex=01;32:*.tar=01;31:*.tgz=01;31:*.arc=01;31:*.arj=01;31:*.taz=01;31:*.lha=01;31:*.lz4=01;31:*.lzh=01;31:*.lzma=01;31:*.tlz=01;31:*.txz=01;31:*.tzo=01;31:*.t7z=01;31:*.zip=01;31:*.z=01;31:*.dz=01;31:*.gz=01;31:*.lrz=01;31:*.lz=01;31:*.lzo=01;31:*.xz=01;31:*.zst=01;31:*.tzst=01;31:*.bz2=01;31:*.bz=01;31:*.tbz=01;31:*.tbz2=01;31:*.tz=01;31:*.deb=01;31:*.rpm=01;31:*.jar=01;31:*.war=01;31:*.ear=01;31:*.sar=01;31:*.rar=01;31:*.alz=01;31:*.ace=01;31:*.zoo=01;31:*.cpio=01;31:*.7z=01;31:*.rz=01;31:*.cab=01;31:*.wim=01;31:*.swm=01;31:*.dwm=01;31:*.esd=01;31:*.jpg=01;35:*.jpeg=01;35:*.mjpg=01;35:*.mjpeg=01;35:*.gif=01;35:*.bmp=01;35:*.pbm=01;35:*.pgm=01;35:*.ppm=01;35:*.tga=01;35:*.xbm=01;35:*.xpm=01;35:*.tif=01;35:*.tiff=01;35:*.png=01;35:*.svg=01;35:*.svgz=01;35:*.mng=01;35:*.pcx=01;35:*.mov=01;35:*.mpg=01;35:*.mpeg=01;35:*.m2v=01;35:*.mkv=01;35:*.webm=01;35:*.webp=01;35:*.ogm=01;35:*.mp4=01;35:*.m4v=01;35:*.mp4v=01;35:*.vob=01;35:*.qt=01;35:*.nuv=01;35:*.wmv=01;35:*.asf=01;35:*.rm=01;35:*.rmvb=01;35:*.flc=01;35:*.avi=01;35:*.fli=01;35:*.flv=01;35:*.gl=01;35:*.dl=01;35:*.xcf=01;35:*.xwd=01;35:*.yuv=01;35:*.cgm=01;35:*.emf=01;35:*.ogv=01;35:*.ogx=01;35:*.aac=00;36:*.au=00;36:*.flac=00;36:*.m4a=00;36:*.mid=00;36:*.midi=00;36:*.mka=00;36:*.mp3=00;36:*.mpc=00;36:*.ogg=00;36:*.ra=00;36:*.wav=00;36:*.oga=00;36:*.opus=00;36:*.spx=00;36:*.xspf=00;36:'), ('VSCODE_GIT_IPC_HANDLE', '/run/user/1000/vscode-git-fe0705986e.sock'), ('HUMBLE_ROS', 'humble'), ('TERM_PROGRAM', 'vscode'), ('AMENT_PREFIX_PATH', '/opt/ros/humble'), ('SHELL', '/bin/bash'), ('LESSCLOSE', '/usr/bin/lesspipe %s %s'), ('ROS_EDITION', 'ROS2'), ('PWD', '/home/orin2/ros2_ws/build/go2_interfaces'), ('SSH_CONNECTION', '192.168.0.128 48182 192.168.0.226 22'), ('PYTHONPATH', '/home/orin2/unitree_ros2/src/install/go2_robot_sdk/lib/python3.10/site-packages:/home/orin2/unitree_ros2/src/install/unitree_go/local/lib/python3.10/dist-packages:/home/orin2/unitree_ros2/src/install/go2_interfaces/local/lib/python3.10/dist-packages:/home/orin2/unitree_ros2/src/install/coco_detector/lib/python3.10/site-packages:/opt/ros/humble/lib/python3.10/site-packages:/opt/ros/humble/local/lib/python3.10/dist-packages:/home/orin2/unitree_ros2/BuddyNav/robot/unitree_sdk2_python'), ('CONN_TYPE', 'cyclonedds'), ('COLCON', '1'), ('CMAKE_PREFIX_PATH', '/opt/ros/humble')]), 'shell': False}
[1.387165] (unitree_go) StdoutLine: {'line': b'-- Install configuration: ""\n'}
[1.387588] (unitree_go) StdoutLine: {'line': b'-- Up-to-date: /home/orin2/ros2_ws/install/unitree_go/share/ament_index/resource_index/rosidl_interfaces/unitree_go\n'}
[1.387829] (unitree_go) StdoutLine: {'line': b'-- Up-to-date: /home/orin2/ros2_ws/install/unitree_go/include/unitree_go/unitree_go\n'}
[1.387979] (unitree_go) StdoutLine: {'line': b'-- Up-to-date: /home/orin2/ros2_ws/install/unitree_go/include/unitree_go/unitree_go/msg\n'}
[1.388107] (unitree_go) StdoutLine: {'line': b'-- Up-to-date: /home/orin2/ros2_ws/install/unitree_go/include/unitree_go/unitree_go/msg/rosidl_generator_c__visibility_control.h\n'}
[1.388229] (unitree_go) StdoutLine: {'line': b'-- Up-to-date: /home/orin2/ros2_ws/install/unitree_go/include/unitree_go/unitree_go/msg/time_spec.h\n'}
[1.388493] (unitree_go) StdoutLine: {'line': b'-- Up-to-date: /home/orin2/ros2_ws/install/unitree_go/include/unitree_go/unitree_go/msg/lidar_state.h\n'}
[1.388631] (unitree_go) StdoutLine: {'line': b'-- Up-to-date: /home/orin2/ros2_ws/install/unitree_go/include/unitree_go/unitree_go/msg/web_rtc_req.h\n'}
[1.388754] (unitree_go) StdoutLine: {'line': b'-- Up-to-date: /home/orin2/ros2_ws/install/unitree_go/include/unitree_go/unitree_go/msg/interface_config.h\n'}
[1.388874] (unitree_go) StdoutLine: {'line': b'-- Up-to-date: /home/orin2/ros2_ws/install/unitree_go/include/unitree_go/unitree_go/msg/bms_state.h\n'}
[1.388990] (unitree_go) StdoutLine: {'line': b'-- Up-to-date: /home/orin2/ros2_ws/install/unitree_go/include/unitree_go/unitree_go/msg/sport_mode_state.h\n'}
[1.389106] (unitree_go) StdoutLine: {'line': b'-- Up-to-date: /home/orin2/ros2_ws/install/unitree_go/include/unitree_go/unitree_go/msg/go2_front_video_data.h\n'}
[1.389224] (unitree_go) StdoutLine: {'line': b'-- Up-to-date: /home/orin2/ros2_ws/install/unitree_go/include/unitree_go/unitree_go/msg/motor_cmds.h\n'}
[1.389340] (unitree_go) StdoutLine: {'line': b'-- Up-to-date: /home/orin2/ros2_ws/install/unitree_go/include/unitree_go/unitree_go/msg/sport_mode_cmd.h\n'}
[1.389453] (unitree_go) StdoutLine: {'line': b'-- Up-to-date: /home/orin2/ros2_ws/install/unitree_go/include/unitree_go/unitree_go/msg/voxel_height_map_state.h\n'}
[1.389566] (unitree_go) StdoutLine: {'line': b'-- Up-to-date: /home/orin2/ros2_ws/install/unitree_go/include/unitree_go/unitree_go/msg/low_cmd.h\n'}
[1.389677] (unitree_go) StdoutLine: {'line': b'-- Up-to-date: /home/orin2/ros2_ws/install/unitree_go/include/unitree_go/unitree_go/msg/low_state.h\n'}
[1.389787] (unitree_go) StdoutLine: {'line': b'-- Up-to-date: /home/orin2/ros2_ws/install/unitree_go/include/unitree_go/unitree_go/msg/height_map.h\n'}
[1.389895] (unitree_go) StdoutLine: {'line': b'-- Up-to-date: /home/orin2/ros2_ws/install/unitree_go/include/unitree_go/unitree_go/msg/voxel_map_compressed.h\n'}
[1.390008] (unitree_go) StdoutLine: {'line': b'-- Up-to-date: /home/orin2/ros2_ws/install/unitree_go/include/unitree_go/unitree_go/msg/uwb_state.h\n'}
[1.390120] (unitree_go) StdoutLine: {'line': b'-- Up-to-date: /home/orin2/ros2_ws/install/unitree_go/include/unitree_go/unitree_go/msg/motor_cmd.h\n'}
[1.390537] (unitree_go) StdoutLine: {'line': b'-- Up-to-date: /home/orin2/ros2_ws/install/unitree_go/include/unitree_go/unitree_go/msg/path_point.h\n'}
[1.390688] (unitree_go) StdoutLine: {'line': b'-- Up-to-date: /home/orin2/ros2_ws/install/unitree_go/include/unitree_go/unitree_go/msg/motor_state.h\n'}
[1.390809] (unitree_go) StdoutLine: {'line': b'-- Up-to-date: /home/orin2/ros2_ws/install/unitree_go/include/unitree_go/unitree_go/msg/imu_state.h\n'}
[1.390973] (unitree_go) StdoutLine: {'line': b'-- Up-to-date: /home/orin2/ros2_ws/install/unitree_go/include/unitree_go/unitree_go/msg/detail\n'}
[1.391093] (unitree_go) StdoutLine: {'line': b'-- Up-to-date: /home/orin2/ros2_ws/install/unitree_go/include/unitree_go/unitree_go/msg/detail/bms_cmd__type_support.h\n'}
[1.391213] (unitree_go) StdoutLine: {'line': b'-- Up-to-date: /home/orin2/ros2_ws/install/unitree_go/include/unitree_go/unitree_go/msg/detail/interface_config__functions.c\n'}
[1.391327] (unitree_go) StdoutLine: {'line': b'-- Up-to-date: /home/orin2/ros2_ws/install/unitree_go/include/unitree_go/unitree_go/msg/detail/motor_cmd__struct.h\n'}
[1.391440] (unitree_go) StdoutLine: {'line': b'-- Up-to-date: /home/orin2/ros2_ws/install/unitree_go/include/unitree_go/unitree_go/msg/detail/voxel_height_map_state__type_support.h\n'}
[1.391590] (unitree_go) StdoutLine: {'line': b'-- Up-to-date: /home/orin2/ros2_ws/install/unitree_go/include/unitree_go/unitree_go/msg/detail/go2_front_video_data__functions.h\n'}
[1.391708] (unitree_go) StdoutLine: {'line': b'-- Up-to-date: /home/orin2/ros2_ws/install/unitree_go/include/unitree_go/unitree_go/msg/detail/uwb_switch__functions.h\n'}
[1.391821] (unitree_go) StdoutLine: {'line': b'-- Up-to-date: /home/orin2/ros2_ws/install/unitree_go/include/unitree_go/unitree_go/msg/detail/path_point__type_support.h\n'}
[1.391952] (unitree_go) StdoutLine: {'line': b'-- Up-to-date: /home/orin2/ros2_ws/install/unitree_go/include/unitree_go/unitree_go/msg/detail/interface_config__type_support.h\n'}
[1.392335] (unitree_go) StdoutLine: {'line': b'-- Up-to-date: /home/orin2/ros2_ws/install/unitree_go/include/unitree_go/unitree_go/msg/detail/imu_state__functions.c\n'}
[1.392463] (unitree_go) StdoutLine: {'line': b'-- Up-to-date: /home/orin2/ros2_ws/install/unitree_go/include/unitree_go/unitree_go/msg/detail/go2_front_video_data__struct.h\n'}
[1.392634] (unitree_go) StdoutLine: {'line': b'-- Up-to-date: /home/orin2/ros2_ws/install/unitree_go/include/unitree_go/unitree_go/msg/detail/height_map__functions.c\n'}
[1.392956] (unitree_go) StdoutLine: {'line': b'-- Up-to-date: /home/orin2/ros2_ws/install/unitree_go/include/unitree_go/unitree_go/msg/detail/audio_data__functions.c\n'}
[1.393282] (unitree_go) StdoutLine: {'line': b'-- Up-to-date: /home/orin2/ros2_ws/install/unitree_go/include/unitree_go/unitree_go/msg/detail/motor_cmds__type_support.h\n'}
[1.393820] (unitree_go) StdoutLine: {'line': b'-- Up-to-date: /home/orin2/ros2_ws/install/unitree_go/include/unitree_go/unitree_go/msg/detail/motor_cmds__functions.c\n'}
[1.394518] (unitree_go) StdoutLine: {'line': b'-- Up-to-date: /home/orin2/ros2_ws/install/unitree_go/include/unitree_go/unitree_go/msg/detail/motor_states__type_support.h\n'}
[1.394924] (unitree_go) StdoutLine: {'line': b'-- Up-to-date: /home/orin2/ros2_ws/install/unitree_go/include/unitree_go/unitree_go/msg/detail/uwb_state__type_support.h\n'}
[1.395126] (unitree_go) StdoutLine: {'line': b'-- Up-to-date: /home/orin2/ros2_ws/install/unitree_go/include/unitree_go/unitree_go/msg/detail/time_spec__functions.h\n'}
[1.395597] (unitree_go) StdoutLine: {'line': b'-- Up-to-date: /home/orin2/ros2_ws/install/unitree_go/include/unitree_go/unitree_go/msg/detail/web_rtc_req__functions.c\n'}
[1.395767] (unitree_go) StdoutLine: {'line': b'-- Up-to-date: /home/orin2/ros2_ws/install/unitree_go/include/unitree_go/unitree_go/msg/detail/path_point__functions.c\n'}
[1.396005] (unitree_go) StdoutLine: {'line': b'-- Up-to-date: /home/orin2/ros2_ws/install/unitree_go/include/unitree_go/unitree_go/msg/detail/req__functions.h\n'}
[1.396538] (unitree_go) StdoutLine: {'line': b'-- Up-to-date: /home/orin2/ros2_ws/install/unitree_go/include/unitree_go/unitree_go/msg/detail/bms_cmd__functions.h\n'}
[1.397096] (unitree_go) StdoutLine: {'line': b'-- Up-to-date: /home/orin2/ros2_ws/install/unitree_go/include/unitree_go/unitree_go/msg/detail/uwb_switch__type_support.h\n'}
[1.398587] (unitree_go) StdoutLine: {'line': b'-- Up-to-date: /home/orin2/ros2_ws/install/unitree_go/include/unitree_go/unitree_go/msg/detail/motor_cmd__type_support.h\n'}
[1.399130] (unitree_go) StdoutLine: {'line': b'-- Up-to-date: /home/orin2/ros2_ws/install/unitree_go/include/unitree_go/unitree_go/msg/detail/error__functions.h\n'}
[1.399604] (unitree_go) StdoutLine: {'line': b'-- Up-to-date: /home/orin2/ros2_ws/install/unitree_go/include/unitree_go/unitree_go/msg/detail/bms_state__functions.h\n'}
[1.400015] (unitree_go) StdoutLine: {'line': b'-- Up-to-date: /home/orin2/ros2_ws/install/unitree_go/include/unitree_go/unitree_go/msg/detail/uwb_state__functions.c\n'}
[1.400445] (-) TimerEvent: {}
[1.401048] (unitree_go) StdoutLine: {'line': b'-- Up-to-date: /home/orin2/ros2_ws/install/unitree_go/include/unitree_go/unitree_go/msg/detail/go2_front_video_data__functions.c\n'}
[1.401255] (unitree_go) StdoutLine: {'line': b'-- Up-to-date: /home/orin2/ros2_ws/install/unitree_go/include/unitree_go/unitree_go/msg/detail/error__type_support.h\n'}
[1.401422] (unitree_go) StdoutLine: {'line': b'-- Up-to-date: /home/orin2/ros2_ws/install/unitree_go/include/unitree_go/unitree_go/msg/detail/wireless_controller__type_support.h\n'}
[1.401774] (unitree_go) StdoutLine: {'line': b'-- Up-to-date: /home/orin2/ros2_ws/install/unitree_go/include/unitree_go/unitree_go/msg/detail/error__struct.h\n'}
[1.402184] (unitree_go) StdoutLine: {'line': b'-- Up-to-date: /home/orin2/ros2_ws/install/unitree_go/include/unitree_go/unitree_go/msg/detail/audio_data__struct.h\n'}
[1.402849] (unitree_go) StdoutLine: {'line': b'-- Up-to-date: /home/orin2/ros2_ws/install/unitree_go/include/unitree_go/unitree_go/msg/detail/web_rtc_req__type_support.h\n'}
[1.402994] (unitree_go) StdoutLine: {'line': b'-- Up-to-date: /home/orin2/ros2_ws/install/unitree_go/include/unitree_go/unitree_go/msg/detail/sport_mode_state__functions.h\n'}
[1.403139] (unitree_go) StdoutLine: {'line': b'-- Up-to-date: /home/orin2/ros2_ws/install/unitree_go/include/unitree_go/unitree_go/msg/detail/sport_mode_state__functions.c\n'}
[1.403337] (unitree_go) StdoutLine: {'line': b'-- Up-to-date: /home/orin2/ros2_ws/install/unitree_go/include/unitree_go/unitree_go/msg/detail/req__struct.h\n'}
[1.403532] (unitree_go) StdoutLine: {'line': b'-- Up-to-date: /home/orin2/ros2_ws/install/unitree_go/include/unitree_go/unitree_go/msg/detail/low_state__functions.c\n'}
[1.403774] (unitree_go) StdoutLine: {'line': b'-- Up-to-date: /home/orin2/ros2_ws/install/unitree_go/include/unitree_go/unitree_go/msg/detail/motor_states__functions.h\n'}
[1.404265] (unitree_go) StdoutLine: {'line': b'-- Up-to-date: /home/orin2/ros2_ws/install/unitree_go/include/unitree_go/unitree_go/msg/detail/web_rtc_req__struct.h\n'}
[1.404845] (unitree_go) StdoutLine: {'line': b'-- Up-to-date: /home/orin2/ros2_ws/install/unitree_go/include/unitree_go/unitree_go/msg/detail/audio_data__type_support.h\n'}
[1.405189] (unitree_go) StdoutLine: {'line': b'-- Up-to-date: /home/orin2/ros2_ws/install/unitree_go/include/unitree_go/unitree_go/msg/detail/time_spec__type_support.h\n'}
[1.405511] (unitree_go) StdoutLine: {'line': b'-- Up-to-date: /home/orin2/ros2_ws/install/unitree_go/include/unitree_go/unitree_go/msg/detail/height_map__functions.h\n'}
[1.405667] (unitree_go) StdoutLine: {'line': b'-- Up-to-date: /home/orin2/ros2_ws/install/unitree_go/include/unitree_go/unitree_go/msg/detail/voxel_height_map_state__functions.c\n'}
[1.405796] (unitree_go) StdoutLine: {'line': b'-- Up-to-date: /home/orin2/ros2_ws/install/unitree_go/include/unitree_go/unitree_go/msg/detail/sport_mode_cmd__functions.c\n'}
[1.406548] (unitree_go) StdoutLine: {'line': b'-- Up-to-date: /home/orin2/ros2_ws/install/unitree_go/include/unitree_go/unitree_go/msg/detail/sport_mode_cmd__type_support.h\n'}
[1.406891] (unitree_go) StdoutLine: {'line': b'-- Up-to-date: /home/orin2/ros2_ws/install/unitree_go/include/unitree_go/unitree_go/msg/detail/req__type_support.h\n'}
[1.407084] (unitree_go) StdoutLine: {'line': b'-- Up-to-date: /home/orin2/ros2_ws/install/unitree_go/include/unitree_go/unitree_go/msg/detail/motor_state__type_support.h\n'}
[1.407206] (unitree_go) StdoutLine: {'line': b'-- Up-to-date: /home/orin2/ros2_ws/install/unitree_go/include/unitree_go/unitree_go/msg/detail/low_cmd__functions.c\n'}
[1.407344] (unitree_go) StdoutLine: {'line': b'-- Up-to-date: /home/orin2/ros2_ws/install/unitree_go/include/unitree_go/unitree_go/msg/detail/audio_data__functions.h\n'}
[1.408456] (unitree_go) StdoutLine: {'line': b'-- Up-to-date: /home/orin2/ros2_ws/install/unitree_go/include/unitree_go/unitree_go/msg/detail/motor_states__functions.c\n'}
[1.408796] (unitree_go) StdoutLine: {'line': b'-- Up-to-date: /home/orin2/ros2_ws/install/unitree_go/include/unitree_go/unitree_go/msg/detail/sport_mode_cmd__functions.h\n'}
[1.409163] (unitree_go) StdoutLine: {'line': b'-- Up-to-date: /home/orin2/ros2_ws/install/unitree_go/include/unitree_go/unitree_go/msg/detail/low_cmd__functions.h\n'}
[1.409590] (unitree_go) StdoutLine: {'line': b'-- Up-to-date: /home/orin2/ros2_ws/install/unitree_go/include/unitree_go/unitree_go/msg/detail/error__functions.c\n'}
[1.410015] (unitree_go) StdoutLine: {'line': b'-- Up-to-date: /home/orin2/ros2_ws/install/unitree_go/include/unitree_go/unitree_go/msg/detail/low_state__type_support.h\n'}
[1.410467] (unitree_go) StdoutLine: {'line': b'-- Up-to-date: /home/orin2/ros2_ws/install/unitree_go/include/unitree_go/unitree_go/msg/detail/wireless_controller__functions.c\n'}
[1.410866] (unitree_go) StdoutLine: {'line': b'-- Up-to-date: /home/orin2/ros2_ws/install/unitree_go/include/unitree_go/unitree_go/msg/detail/res__functions.c\n'}
[1.411192] (unitree_go) StdoutLine: {'line': b'-- Up-to-date: /home/orin2/ros2_ws/install/unitree_go/include/unitree_go/unitree_go/msg/detail/voxel_map_compressed__functions.h\n'}
[1.411395] (unitree_go) StdoutLine: {'line': b'-- Up-to-date: /home/orin2/ros2_ws/install/unitree_go/include/unitree_go/unitree_go/msg/detail/low_cmd__type_support.h\n'}
[1.411677] (unitree_go) StdoutLine: {'line': b'-- Up-to-date: /home/orin2/ros2_ws/install/unitree_go/include/unitree_go/unitree_go/msg/detail/bms_state__struct.h\n'}
[1.412144] (unitree_go) StdoutLine: {'line': b'-- Up-to-date: /home/orin2/ros2_ws/install/unitree_go/include/unitree_go/unitree_go/msg/detail/req__functions.c\n'}
[1.412419] (unitree_go) StdoutLine: {'line': b'-- Up-to-date: /home/orin2/ros2_ws/install/unitree_go/include/unitree_go/unitree_go/msg/detail/lidar_state__type_support.h\n'}
[1.412848] (unitree_go) StdoutLine: {'line': b'-- Up-to-date: /home/orin2/ros2_ws/install/unitree_go/include/unitree_go/unitree_go/msg/detail/motor_state__functions.c\n'}
[1.413009] (unitree_go) StdoutLine: {'line': b'-- Up-to-date: /home/orin2/ros2_ws/install/unitree_go/include/unitree_go/unitree_go/msg/detail/voxel_map_compressed__functions.c\n'}
[1.413139] (unitree_go) StdoutLine: {'line': b'-- Up-to-date: /home/orin2/ros2_ws/install/unitree_go/include/unitree_go/unitree_go/msg/detail/time_spec__functions.c\n'}
[1.413307] (unitree_go) StdoutLine: {'line': b'-- Up-to-date: /home/orin2/ros2_ws/install/unitree_go/include/unitree_go/unitree_go/msg/detail/voxel_height_map_state__struct.h\n'}
[1.413427] (unitree_go) StdoutLine: {'line': b'-- Up-to-date: /home/orin2/ros2_ws/install/unitree_go/include/unitree_go/unitree_go/msg/detail/voxel_map_compressed__struct.h\n'}
[1.413681] (unitree_go) StdoutLine: {'line': b'-- Up-to-date: /home/orin2/ros2_ws/install/unitree_go/include/unitree_go/unitree_go/msg/detail/bms_cmd__functions.c\n'}
[1.413952] (unitree_go) StdoutLine: {'line': b'-- Up-to-date: /home/orin2/ros2_ws/install/unitree_go/include/unitree_go/unitree_go/msg/detail/voxel_height_map_state__functions.h\n'}
[1.414362] (unitree_go) StdoutLine: {'line': b'-- Up-to-date: /home/orin2/ros2_ws/install/unitree_go/include/unitree_go/unitree_go/msg/detail/imu_state__functions.h\n'}
[1.414541] (unitree_go) StdoutLine: {'line': b'-- Up-to-date: /home/orin2/ros2_ws/install/unitree_go/include/unitree_go/unitree_go/msg/detail/low_state__struct.h\n'}
[1.414953] (unitree_go) StdoutLine: {'line': b'-- Up-to-date: /home/orin2/ros2_ws/install/unitree_go/include/unitree_go/unitree_go/msg/detail/motor_cmd__functions.c\n'}
[1.415363] (unitree_go) StdoutLine: {'line': b'-- Up-to-date: /home/orin2/ros2_ws/install/unitree_go/include/unitree_go/unitree_go/msg/detail/motor_state__functions.h\n'}
[1.415792] (unitree_go) StdoutLine: {'line': b'-- Up-to-date: /home/orin2/ros2_ws/install/unitree_go/include/unitree_go/unitree_go/msg/detail/height_map__type_support.h\n'}
[1.416091] (unitree_go) StdoutLine: {'line': b'-- Up-to-date: /home/orin2/ros2_ws/install/unitree_go/include/unitree_go/unitree_go/msg/detail/imu_state__struct.h\n'}
[1.416355] (unitree_go) StdoutLine: {'line': b'-- Up-to-date: /home/orin2/ros2_ws/install/unitree_go/include/unitree_go/unitree_go/msg/detail/motor_state__struct.h\n'}
[1.416523] (unitree_go) StdoutLine: {'line': b'-- Up-to-date: /home/orin2/ros2_ws/install/unitree_go/include/unitree_go/unitree_go/msg/detail/wireless_controller__struct.h\n'}
[1.416645] (unitree_go) StdoutLine: {'line': b'-- Up-to-date: /home/orin2/ros2_ws/install/unitree_go/include/unitree_go/unitree_go/msg/detail/lidar_state__struct.h\n'}
[1.416761] (unitree_go) StdoutLine: {'line': b'-- Up-to-date: /home/orin2/ros2_ws/install/unitree_go/include/unitree_go/unitree_go/msg/detail/motor_cmd__functions.h\n'}
[1.416931] (go2_interfaces) StdoutLine: {'line': b'-- Install configuration: ""\n'}
[1.417083] (unitree_go) StdoutLine: {'line': b'-- Up-to-date: /home/orin2/ros2_ws/install/unitree_go/include/unitree_go/unitree_go/msg/detail/wireless_controller__functions.h\n'}
[1.417330] (unitree_go) StdoutLine: {'line': b'-- Up-to-date: /home/orin2/ros2_ws/install/unitree_go/include/unitree_go/unitree_go/msg/detail/imu_state__type_support.h\n'}
[1.417569] (unitree_go) StdoutLine: {'line': b'-- Up-to-date: /home/orin2/ros2_ws/install/unitree_go/include/unitree_go/unitree_go/msg/detail/bms_state__functions.c\n'}
[1.417732] (unitree_go) StdoutLine: {'line': b'-- Up-to-date: /home/orin2/ros2_ws/install/unitree_go/include/unitree_go/unitree_go/msg/detail/low_state__functions.h\n'}
[1.417874] (unitree_go) StdoutLine: {'line': b'-- Up-to-date: /home/orin2/ros2_ws/install/unitree_go/include/unitree_go/unitree_go/msg/detail/low_cmd__struct.h\n'}
[1.418036] (unitree_go) StdoutLine: {'line': b'-- Up-to-date: /home/orin2/ros2_ws/install/unitree_go/include/unitree_go/unitree_go/msg/detail/sport_mode_state__type_support.h\n'}
[1.418214] (unitree_go) StdoutLine: {'line': b'-- Up-to-date: /home/orin2/ros2_ws/install/unitree_go/include/unitree_go/unitree_go/msg/detail/bms_state__type_support.h\n'}
[1.418422] (unitree_go) StdoutLine: {'line': b'-- Up-to-date: /home/orin2/ros2_ws/install/unitree_go/include/unitree_go/unitree_go/msg/detail/path_point__struct.h\n'}
[1.418547] (go2_interfaces) StdoutLine: {'line': b'-- Up-to-date: /home/orin2/ros2_ws/install/go2_interfaces/share/ament_index/resource_index/rosidl_interfaces/go2_interfaces\n'}
[1.418678] (unitree_go) StdoutLine: {'line': b'-- Up-to-date: /home/orin2/ros2_ws/install/unitree_go/include/unitree_go/unitree_go/msg/detail/sport_mode_cmd__struct.h\n'}
[1.419075] (go2_interfaces) StdoutLine: {'line': b'-- Up-to-date: /home/orin2/ros2_ws/install/go2_interfaces/include/go2_interfaces/go2_interfaces\n'}
[1.419451] (go2_interfaces) StdoutLine: {'line': b'-- Up-to-date: /home/orin2/ros2_ws/install/go2_interfaces/include/go2_interfaces/go2_interfaces/msg\n'}
[1.419786] (go2_interfaces) StdoutLine: {'line': b'-- Up-to-date: /home/orin2/ros2_ws/install/go2_interfaces/include/go2_interfaces/go2_interfaces/msg/rosidl_generator_c__visibility_control.h\n'}
[1.419914] (go2_interfaces) StdoutLine: {'line': b'-- Up-to-date: /home/orin2/ros2_ws/install/go2_interfaces/include/go2_interfaces/go2_interfaces/msg/go2_rpy_cmd.h\n'}
[1.420100] (unitree_go) StdoutLine: {'line': b'-- Up-to-date: /home/orin2/ros2_ws/install/unitree_go/include/unitree_go/unitree_go/msg/detail/interface_config__functions.h\n'}
[1.420330] (go2_interfaces) StdoutLine: {'line': b'-- Up-to-date: /home/orin2/ros2_ws/install/go2_interfaces/include/go2_interfaces/go2_interfaces/msg/go2_move.h\n'}
[1.420623] (go2_interfaces) StdoutLine: {'line': b'-- Up-to-date: /home/orin2/ros2_ws/install/go2_interfaces/include/go2_interfaces/go2_interfaces/msg/imu.h\n'}
[1.420765] (go2_interfaces) StdoutLine: {'line': b'-- Up-to-date: /home/orin2/ros2_ws/install/go2_interfaces/include/go2_interfaces/go2_interfaces/msg/go2_cmd.h\n'}
[1.420884] (unitree_go) StdoutLine: {'line': b'-- Up-to-date: /home/orin2/ros2_ws/install/unitree_go/include/unitree_go/unitree_go/msg/detail/motor_cmds__struct.h\n'}
[1.421101] (go2_interfaces) StdoutLine: {'line': b'-- Up-to-date: /home/orin2/ros2_ws/install/go2_interfaces/include/go2_interfaces/go2_interfaces/msg/detail\n'}
[1.423259] (go2_interfaces) StdoutLine: {'line': b'-- Up-to-date: /home/orin2/ros2_ws/install/go2_interfaces/include/go2_interfaces/go2_interfaces/msg/detail/go2_move__struct.h\n'}
[1.423510] (unitree_go) StdoutLine: {'line': b'-- Up-to-date: /home/orin2/ros2_ws/install/unitree_go/include/unitree_go/unitree_go/msg/detail/res__functions.h\n'}
[1.423669] (unitree_go) StdoutLine: {'line': b'-- Up-to-date: /home/orin2/ros2_ws/install/unitree_go/include/unitree_go/unitree_go/msg/detail/voxel_map_compressed__type_support.h\n'}
[1.423796] (go2_interfaces) StdoutLine: {'line': b'-- Up-to-date: /home/orin2/ros2_ws/install/go2_interfaces/include/go2_interfaces/go2_interfaces/msg/detail/go2_move__functions.c\n'}
[1.423919] (go2_interfaces) StdoutLine: {'line': b'-- Up-to-date: /home/orin2/ros2_ws/install/go2_interfaces/include/go2_interfaces/go2_interfaces/msg/detail/go2_move__functions.h\n'}
[1.424094] (go2_interfaces) StdoutLine: {'line': b'-- Up-to-date: /home/orin2/ros2_ws/install/go2_interfaces/include/go2_interfaces/go2_interfaces/msg/detail/go2_state__type_support.h\n'}
[1.424465] (go2_interfaces) StdoutLine: {'line': b'-- Up-to-date: /home/orin2/ros2_ws/install/go2_interfaces/include/go2_interfaces/go2_interfaces/msg/detail/go2_state__struct.h\n'}
[1.424818] (go2_interfaces) StdoutLine: {'line': b'-- Up-to-date: /home/orin2/ros2_ws/install/go2_interfaces/include/go2_interfaces/go2_interfaces/msg/detail/go2_cmd__struct.h\n'}
[1.424972] (unitree_go) StdoutLine: {'line': b'-- Up-to-date: /home/orin2/ros2_ws/install/unitree_go/include/unitree_go/unitree_go/msg/detail/uwb_state__functions.h\n'}
[1.425147] (go2_interfaces) StdoutLine: {'line': b'-- Up-to-date: /home/orin2/ros2_ws/install/go2_interfaces/include/go2_interfaces/go2_interfaces/msg/detail/go2_rpy_cmd__functions.c\n'}
[1.425465] (unitree_go) StdoutLine: {'line': b'-- Up-to-date: /home/orin2/ros2_ws/install/unitree_go/include/unitree_go/unitree_go/msg/detail/web_rtc_req__functions.h\n'}
[1.425734] (go2_interfaces) StdoutLine: {'line': b'-- Up-to-date: /home/orin2/ros2_ws/install/go2_interfaces/include/go2_interfaces/go2_interfaces/msg/detail/imu__type_support.h\n'}
[1.425889] (go2_interfaces) StdoutLine: {'line': b'-- Up-to-date: /home/orin2/ros2_ws/install/go2_interfaces/include/go2_interfaces/go2_interfaces/msg/detail/go2_cmd__functions.h\n'}
[1.426083] (go2_interfaces) StdoutLine: {'line': b'-- Up-to-date: /home/orin2/ros2_ws/install/go2_interfaces/include/go2_interfaces/go2_interfaces/msg/detail/go2_move__type_support.h\n'}
[1.426209] (unitree_go) StdoutLine: {'line': b'-- Up-to-date: /home/orin2/ros2_ws/install/unitree_go/include/unitree_go/unitree_go/msg/detail/res__struct.h\n'}
[1.426365] (go2_interfaces) StdoutLine: {'line': b'-- Up-to-date: /home/orin2/ros2_ws/install/go2_interfaces/include/go2_interfaces/go2_interfaces/msg/detail/go2_cmd__type_support.h\n'}
[1.426486] (go2_interfaces) StdoutLine: {'line': b'-- Up-to-date: /home/orin2/ros2_ws/install/go2_interfaces/include/go2_interfaces/go2_interfaces/msg/detail/go2_rpy_cmd__functions.h\n'}
[1.426599] (go2_interfaces) StdoutLine: {'line': b'-- Up-to-date: /home/orin2/ros2_ws/install/go2_interfaces/include/go2_interfaces/go2_interfaces/msg/detail/go2_cmd__functions.c\n'}
[1.426823] (unitree_go) StdoutLine: {'line': b'-- Up-to-date: /home/orin2/ros2_ws/install/unitree_go/include/unitree_go/unitree_go/msg/detail/motor_cmds__functions.h\n'}
[1.427606] (go2_interfaces) StdoutLine: {'line': b'-- Up-to-date: /home/orin2/ros2_ws/install/go2_interfaces/include/go2_interfaces/go2_interfaces/msg/detail/imu__functions.h\n'}
[1.428171] (go2_interfaces) StdoutLine: {'line': b'-- Up-to-date: /home/orin2/ros2_ws/install/go2_interfaces/include/go2_interfaces/go2_interfaces/msg/detail/go2_rpy_cmd__struct.h\n'}
[1.428657] (go2_interfaces) StdoutLine: {'line': b'-- Up-to-date: /home/orin2/ros2_ws/install/go2_interfaces/include/go2_interfaces/go2_interfaces/msg/detail/go2_rpy_cmd__type_support.h\n'}
[1.429076] (go2_interfaces) StdoutLine: {'line': b'-- Up-to-date: /home/orin2/ros2_ws/install/go2_interfaces/include/go2_interfaces/go2_interfaces/msg/detail/imu__functions.c\n'}
[1.429471] (go2_interfaces) StdoutLine: {'line': b'-- Up-to-date: /home/orin2/ros2_ws/install/go2_interfaces/include/go2_interfaces/go2_interfaces/msg/detail/imu__struct.h\n'}
[1.430663] (unitree_go) StdoutLine: {'line': b'-- Up-to-date: /home/orin2/ros2_ws/install/unitree_go/include/unitree_go/unitree_go/msg/detail/height_map__struct.h\n'}
[1.431946] (unitree_go) StdoutLine: {'line': b'-- Up-to-date: /home/orin2/ros2_ws/install/unitree_go/include/unitree_go/unitree_go/msg/detail/motor_states__struct.h\n'}
[1.432601] (unitree_go) StdoutLine: {'line': b'-- Up-to-date: /home/orin2/ros2_ws/install/unitree_go/include/unitree_go/unitree_go/msg/detail/go2_front_video_data__type_support.h\n'}
[1.433639] (unitree_go) StdoutLine: {'line': b'-- Up-to-date: /home/orin2/ros2_ws/install/unitree_go/include/unitree_go/unitree_go/msg/detail/sport_mode_state__struct.h\n'}
[1.434499] (unitree_go) StdoutLine: {'line': b'-- Up-to-date: /home/orin2/ros2_ws/install/unitree_go/include/unitree_go/unitree_go/msg/detail/time_spec__struct.h\n'}
[1.437618] (go2_interfaces) StdoutLine: {'line': b'-- Up-to-date: /home/orin2/ros2_ws/install/go2_interfaces/include/go2_interfaces/go2_interfaces/msg/detail/go2_state__functions.h\n'}
[1.438698] (go2_interfaces) StdoutLine: {'line': b'-- Up-to-date: /home/orin2/ros2_ws/install/go2_interfaces/include/go2_interfaces/go2_interfaces/msg/detail/go2_state__functions.c\n'}
[1.438881] (unitree_go) StdoutLine: {'line': b'-- Up-to-date: /home/orin2/ros2_ws/install/unitree_go/include/unitree_go/unitree_go/msg/detail/uwb_switch__struct.h\n'}
[1.439552] (unitree_go) StdoutLine: {'line': b'-- Up-to-date: /home/orin2/ros2_ws/install/unitree_go/include/unitree_go/unitree_go/msg/detail/interface_config__struct.h\n'}
[1.439763] (unitree_go) StdoutLine: {'line': b'-- Up-to-date: /home/orin2/ros2_ws/install/unitree_go/include/unitree_go/unitree_go/msg/detail/lidar_state__functions.h\n'}
[1.440130] (go2_interfaces) StdoutLine: {'line': b'-- Up-to-date: /home/orin2/ros2_ws/install/go2_interfaces/include/go2_interfaces/go2_interfaces/msg/go2_state.h\n'}
[1.440296] (unitree_go) StdoutLine: {'line': b'-- Up-to-date: /home/orin2/ros2_ws/install/unitree_go/include/unitree_go/unitree_go/msg/detail/uwb_switch__functions.c\n'}
[1.440425] (unitree_go) StdoutLine: {'line': b'-- Up-to-date: /home/orin2/ros2_ws/install/unitree_go/include/unitree_go/unitree_go/msg/detail/bms_cmd__struct.h\n'}
[1.440548] (go2_interfaces) StdoutLine: {'line': b'-- Up-to-date: /home/orin2/ros2_ws/install/go2_interfaces/share/go2_interfaces/environment/library_path.sh\n'}
[1.440671] (unitree_go) StdoutLine: {'line': b'-- Up-to-date: /home/orin2/ros2_ws/install/unitree_go/include/unitree_go/unitree_go/msg/detail/res__type_support.h\n'}
[1.440788] (unitree_go) StdoutLine: {'line': b'-- Up-to-date: /home/orin2/ros2_ws/install/unitree_go/include/unitree_go/unitree_go/msg/detail/path_point__functions.h\n'}
[1.440939] (go2_interfaces) StdoutLine: {'line': b'-- Up-to-date: /home/orin2/ros2_ws/install/go2_interfaces/share/go2_interfaces/environment/library_path.dsv\n'}
[1.441056] (unitree_go) StdoutLine: {'line': b'-- Up-to-date: /home/orin2/ros2_ws/install/unitree_go/include/unitree_go/unitree_go/msg/detail/lidar_state__functions.c\n'}
[1.441171] (unitree_go) StdoutLine: {'line': b'-- Up-to-date: /home/orin2/ros2_ws/install/unitree_go/include/unitree_go/unitree_go/msg/detail/uwb_state__struct.h\n'}
[1.441282] (unitree_go) StdoutLine: {'line': b'-- Up-to-date: /home/orin2/ros2_ws/install/unitree_go/include/unitree_go/unitree_go/msg/motor_states.h\n'}
[1.441394] (unitree_go) StdoutLine: {'line': b'-- Up-to-date: /home/orin2/ros2_ws/install/unitree_go/include/unitree_go/unitree_go/msg/audio_data.h\n'}
[1.441505] (unitree_go) StdoutLine: {'line': b'-- Up-to-date: /home/orin2/ros2_ws/install/unitree_go/include/unitree_go/unitree_go/msg/wireless_controller.h\n'}
[1.441615] (unitree_go) StdoutLine: {'line': b'-- Up-to-date: /home/orin2/ros2_ws/install/unitree_go/include/unitree_go/unitree_go/msg/req.h\n'}
[1.441725] (unitree_go) StdoutLine: {'line': b'-- Up-to-date: /home/orin2/ros2_ws/install/unitree_go/include/unitree_go/unitree_go/msg/bms_cmd.h\n'}
[1.441836] (go2_interfaces) StdoutLine: {'line': b'-- Up-to-date: /home/orin2/ros2_ws/install/go2_interfaces/lib/libgo2_interfaces__rosidl_generator_c.so\n'}
[1.441947] (unitree_go) StdoutLine: {'line': b'-- Up-to-date: /home/orin2/ros2_ws/install/unitree_go/include/unitree_go/unitree_go/msg/error.h\n'}
[1.442476] (unitree_go) StdoutLine: {'line': b'-- Up-to-date: /home/orin2/ros2_ws/install/unitree_go/include/unitree_go/unitree_go/msg/uwb_switch.h\n'}
[1.442689] (unitree_go) StdoutLine: {'line': b'-- Up-to-date: /home/orin2/ros2_ws/install/unitree_go/include/unitree_go/unitree_go/msg/res.h\n'}
[1.442818] (go2_interfaces) StdoutLine: {'line': b'-- Up-to-date: /home/orin2/ros2_ws/install/go2_interfaces/include/go2_interfaces/go2_interfaces\n'}
[1.443524] (unitree_go) StdoutLine: {'line': b'-- Up-to-date: /home/orin2/ros2_ws/install/unitree_go/share/unitree_go/environment/library_path.sh\n'}
[1.445751] (go2_interfaces) StdoutLine: {'line': b'-- Up-to-date: /home/orin2/ros2_ws/install/go2_interfaces/include/go2_interfaces/go2_interfaces/msg\n'}
[1.445971] (go2_interfaces) StdoutLine: {'line': b'-- Up-to-date: /home/orin2/ros2_ws/install/go2_interfaces/include/go2_interfaces/go2_interfaces/msg/rosidl_typesupport_fastrtps_c__visibility_control.h\n'}
[1.446119] (go2_interfaces) StdoutLine: {'line': b'-- Up-to-date: /home/orin2/ros2_ws/install/go2_interfaces/include/go2_interfaces/go2_interfaces/msg/detail\n'}
[1.446373] (unitree_go) StdoutLine: {'line': b'-- Up-to-date: /home/orin2/ros2_ws/install/unitree_go/share/unitree_go/environment/library_path.dsv\n'}
[1.446544] (go2_interfaces) StdoutLine: {'line': b'-- Up-to-date: /home/orin2/ros2_ws/install/go2_interfaces/include/go2_interfaces/go2_interfaces/msg/detail/go2_state__rosidl_typesupport_fastrtps_c.h\n'}
[1.447048] (go2_interfaces) StdoutLine: {'line': b'-- Up-to-date: /home/orin2/ros2_ws/install/go2_interfaces/include/go2_interfaces/go2_interfaces/msg/detail/go2_rpy_cmd__rosidl_typesupport_fastrtps_c.h\n'}
[1.447191] (go2_interfaces) StdoutLine: {'line': b'-- Up-to-date: /home/orin2/ros2_ws/install/go2_interfaces/include/go2_interfaces/go2_interfaces/msg/detail/imu__rosidl_typesupport_fastrtps_c.h\n'}
[1.447317] (go2_interfaces) StdoutLine: {'line': b'-- Up-to-date: /home/orin2/ros2_ws/install/go2_interfaces/include/go2_interfaces/go2_interfaces/msg/detail/go2_move__rosidl_typesupport_fastrtps_c.h\n'}
[1.448879] (go2_interfaces) StdoutLine: {'line': b'-- Up-to-date: /home/orin2/ros2_ws/install/go2_interfaces/include/go2_interfaces/go2_interfaces/msg/detail/go2_cmd__rosidl_typesupport_fastrtps_c.h\n'}
[1.449399] (unitree_go) StdoutLine: {'line': b'-- Up-to-date: /home/orin2/ros2_ws/install/unitree_go/lib/libunitree_go__rosidl_generator_c.so\n'}
[1.450207] (go2_interfaces) StdoutLine: {'line': b'-- Up-to-date: /home/orin2/ros2_ws/install/go2_interfaces/lib/libgo2_interfaces__rosidl_typesupport_fastrtps_c.so\n'}
[1.450660] (unitree_go) StdoutLine: {'line': b'-- Up-to-date: /home/orin2/ros2_ws/install/unitree_go/include/unitree_go/unitree_go\n'}
[1.450852] (unitree_go) StdoutLine: {'line': b'-- Up-to-date: /home/orin2/ros2_ws/install/unitree_go/include/unitree_go/unitree_go/msg\n'}
[1.450985] (unitree_go) StdoutLine: {'line': b'-- Up-to-date: /home/orin2/ros2_ws/install/unitree_go/include/unitree_go/unitree_go/msg/rosidl_typesupport_fastrtps_c__visibility_control.h\n'}
[1.451511] (go2_interfaces) StdoutLine: {'line': b'-- Up-to-date: /home/orin2/ros2_ws/install/go2_interfaces/include/go2_interfaces/go2_interfaces\n'}
[1.451660] (unitree_go) StdoutLine: {'line': b'-- Up-to-date: /home/orin2/ros2_ws/install/unitree_go/include/unitree_go/unitree_go/msg/detail\n'}
[1.452309] (go2_interfaces) StdoutLine: {'line': b'-- Up-to-date: /home/orin2/ros2_ws/install/go2_interfaces/include/go2_interfaces/go2_interfaces/msg\n'}
[1.452461] (go2_interfaces) StdoutLine: {'line': b'-- Up-to-date: /home/orin2/ros2_ws/install/go2_interfaces/include/go2_interfaces/go2_interfaces/msg/go2_move.hpp\n'}
[1.452589] (unitree_go) StdoutLine: {'line': b'-- Up-to-date: /home/orin2/ros2_ws/install/unitree_go/include/unitree_go/unitree_go/msg/detail/bms_cmd__rosidl_typesupport_fastrtps_c.h\n'}
[1.453368] (go2_interfaces) StdoutLine: {'line': b'-- Up-to-date: /home/orin2/ros2_ws/install/go2_interfaces/include/go2_interfaces/go2_interfaces/msg/go2_state.hpp\n'}
[1.453547] (unitree_go) StdoutLine: {'line': b'-- Up-to-date: /home/orin2/ros2_ws/install/unitree_go/include/unitree_go/unitree_go/msg/detail/voxel_map_compressed__rosidl_typesupport_fastrtps_c.h\n'}
[1.453947] (go2_interfaces) StdoutLine: {'line': b'-- Up-to-date: /home/orin2/ros2_ws/install/go2_interfaces/include/go2_interfaces/go2_interfaces/msg/go2_cmd.hpp\n'}
[1.454099] (unitree_go) StdoutLine: {'line': b'-- Up-to-date: /home/orin2/ros2_ws/install/unitree_go/include/unitree_go/unitree_go/msg/detail/motor_cmds__rosidl_typesupport_fastrtps_c.h\n'}
[1.454242] (go2_interfaces) StdoutLine: {'line': b'-- Up-to-date: /home/orin2/ros2_ws/install/go2_interfaces/include/go2_interfaces/go2_interfaces/msg/imu.hpp\n'}
[1.454966] (go2_interfaces) StdoutLine: {'line': b'-- Up-to-date: /home/orin2/ros2_ws/install/go2_interfaces/include/go2_interfaces/go2_interfaces/msg/detail\n'}
[1.455103] (unitree_go) StdoutLine: {'line': b'-- Up-to-date: /home/orin2/ros2_ws/install/unitree_go/include/unitree_go/unitree_go/msg/detail/motor_cmd__rosidl_typesupport_fastrtps_c.h\n'}
[1.455234] (unitree_go) StdoutLine: {'line': b'-- Up-to-date: /home/orin2/ros2_ws/install/unitree_go/include/unitree_go/unitree_go/msg/detail/uwb_switch__rosidl_typesupport_fastrtps_c.h\n'}
[1.455348] (go2_interfaces) StdoutLine: {'line': b'-- Up-to-date: /home/orin2/ros2_ws/install/go2_interfaces/include/go2_interfaces/go2_interfaces/msg/detail/go2_move__traits.hpp\n'}
[1.455461] (go2_interfaces) StdoutLine: {'line': b'-- Up-to-date: /home/orin2/ros2_ws/install/go2_interfaces/include/go2_interfaces/go2_interfaces/msg/detail/imu__builder.hpp\n'}
[1.455572] (go2_interfaces) StdoutLine: {'line': b'-- Up-to-date: /home/orin2/ros2_ws/install/go2_interfaces/include/go2_interfaces/go2_interfaces/msg/detail/imu__type_support.hpp\n'}
[1.455682] (unitree_go) StdoutLine: {'line': b'-- Up-to-date: /home/orin2/ros2_ws/install/unitree_go/include/unitree_go/unitree_go/msg/detail/low_state__rosidl_typesupport_fastrtps_c.h\n'}
[1.455792] (unitree_go) StdoutLine: {'line': b'-- Up-to-date: /home/orin2/ros2_ws/install/unitree_go/include/unitree_go/unitree_go/msg/detail/sport_mode_state__rosidl_typesupport_fastrtps_c.h\n'}
[1.455905] (go2_interfaces) StdoutLine: {'line': b'-- Up-to-date: /home/orin2/ros2_ws/install/go2_interfaces/include/go2_interfaces/go2_interfaces/msg/detail/go2_cmd__type_support.hpp\n'}
[1.456019] (go2_interfaces) StdoutLine: {'line': b'-- Up-to-date: /home/orin2/ros2_ws/install/go2_interfaces/include/go2_interfaces/go2_interfaces/msg/detail/go2_move__builder.hpp\n'}
[1.456129] (go2_interfaces) StdoutLine: {'line': b'-- Up-to-date: /home/orin2/ros2_ws/install/go2_interfaces/include/go2_interfaces/go2_interfaces/msg/detail/go2_state__builder.hpp\n'}
[1.456239] (go2_interfaces) StdoutLine: {'line': b'-- Up-to-date: /home/orin2/ros2_ws/install/go2_interfaces/include/go2_interfaces/go2_interfaces/msg/detail/go2_rpy_cmd__struct.hpp\n'}
[1.456395] (unitree_go) StdoutLine: {'line': b'-- Up-to-date: /home/orin2/ros2_ws/install/unitree_go/include/unitree_go/unitree_go/msg/detail/height_map__rosidl_typesupport_fastrtps_c.h\n'}
[1.456766] (unitree_go) StdoutLine: {'line': b'-- Up-to-date: /home/orin2/ros2_ws/install/unitree_go/include/unitree_go/unitree_go/msg/detail/time_spec__rosidl_typesupport_fastrtps_c.h\n'}
[1.457706] (unitree_go) StdoutLine: {'line': b'-- Up-to-date: /home/orin2/ros2_ws/install/unitree_go/include/unitree_go/unitree_go/msg/detail/interface_config__rosidl_typesupport_fastrtps_c.h\n'}
[1.457870] (go2_interfaces) StdoutLine: {'line': b'-- Up-to-date: /home/orin2/ros2_ws/install/go2_interfaces/include/go2_interfaces/go2_interfaces/msg/detail/go2_rpy_cmd__builder.hpp\n'}
[1.467696] (unitree_go) StdoutLine: {'line': b'-- Up-to-date: /home/orin2/ros2_ws/install/unitree_go/include/unitree_go/unitree_go/msg/detail/req__rosidl_typesupport_fastrtps_c.h\n'}
[1.468035] (go2_interfaces) StdoutLine: {'line': b'-- Up-to-date: /home/orin2/ros2_ws/install/go2_interfaces/include/go2_interfaces/go2_interfaces/msg/detail/go2_move__type_support.hpp\n'}
[1.468202] (go2_interfaces) StdoutLine: {'line': b'-- Up-to-date: /home/orin2/ros2_ws/install/go2_interfaces/include/go2_interfaces/go2_interfaces/msg/detail/go2_cmd__traits.hpp\n'}
[1.468339] (unitree_go) StdoutLine: {'line': b'-- Up-to-date: /home/orin2/ros2_ws/install/unitree_go/include/unitree_go/unitree_go/msg/detail/go2_front_video_data__rosidl_typesupport_fastrtps_c.h\n'}
[1.468472] (go2_interfaces) StdoutLine: {'line': b'-- Up-to-date: /home/orin2/ros2_ws/install/go2_interfaces/include/go2_interfaces/go2_interfaces/msg/detail/go2_move__struct.hpp\n'}
[1.468627] (go2_interfaces) StdoutLine: {'line': b'-- Up-to-date: /home/orin2/ros2_ws/install/go2_interfaces/include/go2_interfaces/go2_interfaces/msg/detail/imu__struct.hpp\n'}
[1.468748] (go2_interfaces) StdoutLine: {'line': b'-- Up-to-date: /home/orin2/ros2_ws/install/go2_interfaces/include/go2_interfaces/go2_interfaces/msg/detail/imu__traits.hpp\n'}
[1.468861] (unitree_go) StdoutLine: {'line': b'-- Up-to-date: /home/orin2/ros2_ws/install/unitree_go/include/unitree_go/unitree_go/msg/detail/web_rtc_req__rosidl_typesupport_fastrtps_c.h\n'}
[1.468977] (unitree_go) StdoutLine: {'line': b'-- Up-to-date: /home/orin2/ros2_ws/install/unitree_go/include/unitree_go/unitree_go/msg/detail/bms_state__rosidl_typesupport_fastrtps_c.h\n'}
[1.469090] (go2_interfaces) StdoutLine: {'line': b'-- Up-to-date: /home/orin2/ros2_ws/install/go2_interfaces/include/go2_interfaces/go2_interfaces/msg/detail/go2_cmd__builder.hpp\n'}
[1.469202] (go2_interfaces) StdoutLine: {'line': b'-- Up-to-date: /home/orin2/ros2_ws/install/go2_interfaces/include/go2_interfaces/go2_interfaces/msg/detail/go2_rpy_cmd__type_support.hpp\n'}
[1.469802] (unitree_go) StdoutLine: {'line': b'-- Up-to-date: /home/orin2/ros2_ws/install/unitree_go/include/unitree_go/unitree_go/msg/detail/lidar_state__rosidl_typesupport_fastrtps_c.h\n'}
[1.469952] (go2_interfaces) StdoutLine: {'line': b'-- Up-to-date: /home/orin2/ros2_ws/install/go2_interfaces/include/go2_interfaces/go2_interfaces/msg/detail/go2_state__struct.hpp\n'}
[1.470082] (go2_interfaces) StdoutLine: {'line': b'-- Up-to-date: /home/orin2/ros2_ws/install/go2_interfaces/include/go2_interfaces/go2_interfaces/msg/detail/go2_cmd__struct.hpp\n'}
[1.470201] (go2_interfaces) StdoutLine: {'line': b'-- Up-to-date: /home/orin2/ros2_ws/install/go2_interfaces/include/go2_interfaces/go2_interfaces/msg/detail/go2_state__traits.hpp\n'}
[1.470357] (unitree_go) StdoutLine: {'line': b'-- Up-to-date: /home/orin2/ros2_ws/install/unitree_go/include/unitree_go/unitree_go/msg/detail/error__rosidl_typesupport_fastrtps_c.h\n'}
[1.470474] (go2_interfaces) StdoutLine: {'line': b'-- Up-to-date: /home/orin2/ros2_ws/install/go2_interfaces/include/go2_interfaces/go2_interfaces/msg/detail/go2_rpy_cmd__traits.hpp\n'}
[1.470585] (unitree_go) StdoutLine: {'line': b'-- Up-to-date: /home/orin2/ros2_ws/install/unitree_go/include/unitree_go/unitree_go/msg/detail/sport_mode_cmd__rosidl_typesupport_fastrtps_c.h\n'}
[1.470788] (go2_interfaces) StdoutLine: {'line': b'-- Up-to-date: /home/orin2/ros2_ws/install/go2_interfaces/include/go2_interfaces/go2_interfaces/msg/detail/go2_state__type_support.hpp\n'}
[1.471770] (go2_interfaces) StdoutLine: {'line': b'-- Up-to-date: /home/orin2/ros2_ws/install/go2_interfaces/include/go2_interfaces/go2_interfaces/msg/rosidl_generator_cpp__visibility_control.hpp\n'}
[1.471921] (go2_interfaces) StdoutLine: {'line': b'-- Up-to-date: /home/orin2/ros2_ws/install/go2_interfaces/include/go2_interfaces/go2_interfaces/msg/go2_rpy_cmd.hpp\n'}
[1.472045] (go2_interfaces) StdoutLine: {'line': b'-- Up-to-date: /home/orin2/ros2_ws/install/go2_interfaces/include/go2_interfaces/go2_interfaces\n'}
[1.472163] (go2_interfaces) StdoutLine: {'line': b'-- Up-to-date: /home/orin2/ros2_ws/install/go2_interfaces/include/go2_interfaces/go2_interfaces/msg\n'}
[1.472280] (go2_interfaces) StdoutLine: {'line': b'-- Up-to-date: /home/orin2/ros2_ws/install/go2_interfaces/include/go2_interfaces/go2_interfaces/msg/rosidl_typesupport_fastrtps_cpp__visibility_control.h\n'}
[1.472396] (go2_interfaces) StdoutLine: {'line': b'-- Up-to-date: /home/orin2/ros2_ws/install/go2_interfaces/include/go2_interfaces/go2_interfaces/msg/detail\n'}
[1.472887] (go2_interfaces) StdoutLine: {'line': b'-- Up-to-date: /home/orin2/ros2_ws/install/go2_interfaces/include/go2_interfaces/go2_interfaces/msg/detail/go2_state__rosidl_typesupport_fastrtps_cpp.hpp\n'}
[1.480999] (go2_interfaces) StdoutLine: {'line': b'-- Up-to-date: /home/orin2/ros2_ws/install/go2_interfaces/include/go2_interfaces/go2_interfaces/msg/detail/imu__rosidl_typesupport_fastrtps_cpp.hpp\n'}
[1.484362] (go2_interfaces) StdoutLine: {'line': b'-- Up-to-date: /home/orin2/ros2_ws/install/go2_interfaces/include/go2_interfaces/go2_interfaces/msg/detail/go2_rpy_cmd__rosidl_typesupport_fastrtps_cpp.hpp\n'}
[1.487370] (go2_interfaces) StdoutLine: {'line': b'-- Up-to-date: /home/orin2/ros2_ws/install/go2_interfaces/include/go2_interfaces/go2_interfaces/msg/detail/dds_fastrtps\n'}
[1.487871] (go2_interfaces) StdoutLine: {'line': b'-- Up-to-date: /home/orin2/ros2_ws/install/go2_interfaces/include/go2_interfaces/go2_interfaces/msg/detail/go2_cmd__rosidl_typesupport_fastrtps_cpp.hpp\n'}
[1.488109] (go2_interfaces) StdoutLine: {'line': b'-- Up-to-date: /home/orin2/ros2_ws/install/go2_interfaces/include/go2_interfaces/go2_interfaces/msg/detail/go2_move__rosidl_typesupport_fastrtps_cpp.hpp\n'}
[1.488250] (go2_interfaces) StdoutLine: {'line': b'-- Up-to-date: /home/orin2/ros2_ws/install/go2_interfaces/lib/libgo2_interfaces__rosidl_typesupport_fastrtps_cpp.so\n'}
[1.489394] (unitree_go) StdoutLine: {'line': b'-- Up-to-date: /home/orin2/ros2_ws/install/unitree_go/include/unitree_go/unitree_go/msg/detail/audio_data__rosidl_typesupport_fastrtps_c.h\n'}
[1.489686] (unitree_go) StdoutLine: {'line': b'-- Up-to-date: /home/orin2/ros2_ws/install/unitree_go/include/unitree_go/unitree_go/msg/detail/path_point__rosidl_typesupport_fastrtps_c.h\n'}
[1.491748] (unitree_go) StdoutLine: {'line': b'-- Up-to-date: /home/orin2/ros2_ws/install/unitree_go/include/unitree_go/unitree_go/msg/detail/uwb_state__rosidl_typesupport_fastrtps_c.h\n'}
[1.496282] (unitree_go) StdoutLine: {'line': b'-- Up-to-date: /home/orin2/ros2_ws/install/unitree_go/include/unitree_go/unitree_go/msg/detail/imu_state__rosidl_typesupport_fastrtps_c.h\n'}
[1.496921] (unitree_go) StdoutLine: {'line': b'-- Up-to-date: /home/orin2/ros2_ws/install/unitree_go/include/unitree_go/unitree_go/msg/detail/motor_states__rosidl_typesupport_fastrtps_c.h\n'}
[1.497303] (unitree_go) StdoutLine: {'line': b'-- Up-to-date: /home/orin2/ros2_ws/install/unitree_go/include/unitree_go/unitree_go/msg/detail/motor_state__rosidl_typesupport_fastrtps_c.h\n'}
[1.497460] (unitree_go) StdoutLine: {'line': b'-- Up-to-date: /home/orin2/ros2_ws/install/unitree_go/include/unitree_go/unitree_go/msg/detail/voxel_height_map_state__rosidl_typesupport_fastrtps_c.h\n'}
[1.497593] (unitree_go) StdoutLine: {'line': b'-- Up-to-date: /home/orin2/ros2_ws/install/unitree_go/include/unitree_go/unitree_go/msg/detail/res__rosidl_typesupport_fastrtps_c.h\n'}
[1.497714] (unitree_go) StdoutLine: {'line': b'-- Up-to-date: /home/orin2/ros2_ws/install/unitree_go/include/unitree_go/unitree_go/msg/detail/low_cmd__rosidl_typesupport_fastrtps_c.h\n'}
[1.498900] (unitree_go) StdoutLine: {'line': b'-- Up-to-date: /home/orin2/ros2_ws/install/unitree_go/include/unitree_go/unitree_go/msg/detail/wireless_controller__rosidl_typesupport_fastrtps_c.h\n'}
[1.499361] (unitree_go) StdoutLine: {'line': b'-- Up-to-date: /home/orin2/ros2_ws/install/unitree_go/lib/libunitree_go__rosidl_typesupport_fastrtps_c.so\n'}
[1.517340] (-) TimerEvent: {}
[1.518018] (go2_interfaces) StdoutLine: {'line': b'-- Up-to-date: /home/orin2/ros2_ws/install/go2_interfaces/include/go2_interfaces/go2_interfaces\n'}
[1.519172] (go2_interfaces) StdoutLine: {'line': b'-- Up-to-date: /home/orin2/ros2_ws/install/go2_interfaces/include/go2_interfaces/go2_interfaces/msg\n'}
[1.520641] (unitree_go) StdoutLine: {'line': b'-- Up-to-date: /home/orin2/ros2_ws/install/unitree_go/include/unitree_go/unitree_go\n'}
[1.521047] (go2_interfaces) StdoutLine: {'line': b'-- Up-to-date: /home/orin2/ros2_ws/install/go2_interfaces/include/go2_interfaces/go2_interfaces/msg/detail\n'}
[1.521200] (unitree_go) StdoutLine: {'line': b'-- Up-to-date: /home/orin2/ros2_ws/install/unitree_go/include/unitree_go/unitree_go/msg\n'}
[1.521333] (go2_interfaces) StdoutLine: {'line': b'-- Up-to-date: /home/orin2/ros2_ws/install/go2_interfaces/include/go2_interfaces/go2_interfaces/msg/detail/go2_move__rosidl_typesupport_introspection_c.h\n'}
[1.521507] (go2_interfaces) StdoutLine: {'line': b'-- Up-to-date: /home/orin2/ros2_ws/install/go2_interfaces/include/go2_interfaces/go2_interfaces/msg/detail/go2_move__type_support.c\n'}
[1.521721] (unitree_go) StdoutLine: {'line': b'-- Up-to-date: /home/orin2/ros2_ws/install/unitree_go/include/unitree_go/unitree_go/msg/detail\n'}
[1.522089] (go2_interfaces) StdoutLine: {'line': b'-- Up-to-date: /home/orin2/ros2_ws/install/go2_interfaces/include/go2_interfaces/go2_interfaces/msg/detail/go2_rpy_cmd__rosidl_typesupport_introspection_c.h\n'}
[1.522292] (go2_interfaces) StdoutLine: {'line': b'-- Up-to-date: /home/orin2/ros2_ws/install/go2_interfaces/include/go2_interfaces/go2_interfaces/msg/detail/go2_cmd__type_support.c\n'}
[1.522481] (go2_interfaces) StdoutLine: {'line': b'-- Up-to-date: /home/orin2/ros2_ws/install/go2_interfaces/include/go2_interfaces/go2_interfaces/msg/detail/imu__type_support.c\n'}
[1.522613] (go2_interfaces) StdoutLine: {'line': b'-- Up-to-date: /home/orin2/ros2_ws/install/go2_interfaces/include/go2_interfaces/go2_interfaces/msg/detail/go2_rpy_cmd__type_support.c\n'}
[1.523049] (go2_interfaces) StdoutLine: {'line': b'-- Up-to-date: /home/orin2/ros2_ws/install/go2_interfaces/include/go2_interfaces/go2_interfaces/msg/detail/go2_state__type_support.c\n'}
[1.523185] (unitree_go) StdoutLine: {'line': b'-- Up-to-date: /home/orin2/ros2_ws/install/unitree_go/include/unitree_go/unitree_go/msg/detail/voxel_height_map_state__rosidl_typesupport_introspection_c.h\n'}
[1.523324] (go2_interfaces) StdoutLine: {'line': b'-- Up-to-date: /home/orin2/ros2_ws/install/go2_interfaces/include/go2_interfaces/go2_interfaces/msg/detail/go2_cmd__rosidl_typesupport_introspection_c.h\n'}
[1.523444] (unitree_go) StdoutLine: {'line': b'-- Up-to-date: /home/orin2/ros2_ws/install/unitree_go/include/unitree_go/unitree_go/msg/detail/time_spec__type_support.c\n'}
[1.523561] (unitree_go) StdoutLine: {'line': b'-- Up-to-date: /home/orin2/ros2_ws/install/unitree_go/include/unitree_go/unitree_go/msg/detail/uwb_switch__rosidl_typesupport_introspection_c.h\n'}
[1.523677] (unitree_go) StdoutLine: {'line': b'-- Up-to-date: /home/orin2/ros2_ws/install/unitree_go/include/unitree_go/unitree_go/msg/detail/low_state__rosidl_typesupport_introspection_c.h\n'}
[1.523791] (go2_interfaces) StdoutLine: {'line': b'-- Up-to-date: /home/orin2/ros2_ws/install/go2_interfaces/include/go2_interfaces/go2_interfaces/msg/detail/go2_state__rosidl_typesupport_introspection_c.h\n'}
[1.523904] (go2_interfaces) StdoutLine: {'line': b'-- Up-to-date: /home/orin2/ros2_ws/install/go2_interfaces/include/go2_interfaces/go2_interfaces/msg/detail/imu__rosidl_typesupport_introspection_c.h\n'}
[1.524012] (go2_interfaces) StdoutLine: {'line': b'-- Up-to-date: /home/orin2/ros2_ws/install/go2_interfaces/include/go2_interfaces/go2_interfaces/msg/rosidl_typesupport_introspection_c__visibility_control.h\n'}
[1.524121] (unitree_go) StdoutLine: {'line': b'-- Up-to-date: /home/orin2/ros2_ws/install/unitree_go/include/unitree_go/unitree_go/msg/detail/imu_state__type_support.c\n'}
[1.528475] (unitree_go) StdoutLine: {'line': b'-- Up-to-date: /home/orin2/ros2_ws/install/unitree_go/include/unitree_go/unitree_go/msg/detail/bms_cmd__type_support.c\n'}
[1.529642] (unitree_go) StdoutLine: {'line': b'-- Up-to-date: /home/orin2/ros2_ws/install/unitree_go/include/unitree_go/unitree_go/msg/detail/bms_state__type_support.c\n'}
[1.529820] (unitree_go) StdoutLine: {'line': b'-- Up-to-date: /home/orin2/ros2_ws/install/unitree_go/include/unitree_go/unitree_go/msg/detail/sport_mode_state__rosidl_typesupport_introspection_c.h\n'}
[1.529958] (unitree_go) StdoutLine: {'line': b'-- Up-to-date: /home/orin2/ros2_ws/install/unitree_go/include/unitree_go/unitree_go/msg/detail/time_spec__rosidl_typesupport_introspection_c.h\n'}
[1.530084] (go2_interfaces) StdoutLine: {'line': b'-- Up-to-date: /home/orin2/ros2_ws/install/go2_interfaces/lib/libgo2_interfaces__rosidl_typesupport_introspection_c.so\n'}
[1.542950] (unitree_go) StdoutLine: {'line': b'-- Up-to-date: /home/orin2/ros2_ws/install/unitree_go/include/unitree_go/unitree_go/msg/detail/path_point__type_support.c\n'}
[1.544324] (unitree_go) StdoutLine: {'line': b'-- Up-to-date: /home/orin2/ros2_ws/install/unitree_go/include/unitree_go/unitree_go/msg/detail/motor_cmds__rosidl_typesupport_introspection_c.h\n'}
[1.545368] (unitree_go) StdoutLine: {'line': b'-- Up-to-date: /home/orin2/ros2_ws/install/unitree_go/include/unitree_go/unitree_go/msg/detail/audio_data__rosidl_typesupport_introspection_c.h\n'}
[1.546498] (unitree_go) StdoutLine: {'line': b'-- Up-to-date: /home/orin2/ros2_ws/install/unitree_go/include/unitree_go/unitree_go/msg/detail/go2_front_video_data__type_support.c\n'}
[1.547902] (unitree_go) StdoutLine: {'line': b'-- Up-to-date: /home/orin2/ros2_ws/install/unitree_go/include/unitree_go/unitree_go/msg/detail/wireless_controller__type_support.c\n'}
[1.548310] (unitree_go) StdoutLine: {'line': b'-- Up-to-date: /home/orin2/ros2_ws/install/unitree_go/include/unitree_go/unitree_go/msg/detail/uwb_switch__type_support.c\n'}
[1.549680] (unitree_go) StdoutLine: {'line': b'-- Up-to-date: /home/orin2/ros2_ws/install/unitree_go/include/unitree_go/unitree_go/msg/detail/sport_mode_cmd__type_support.c\n'}
[1.550473] (unitree_go) StdoutLine: {'line': b'-- Up-to-date: /home/orin2/ros2_ws/install/unitree_go/include/unitree_go/unitree_go/msg/detail/voxel_map_compressed__rosidl_typesupport_introspection_c.h\n'}
[1.552649] (unitree_go) StdoutLine: {'line': b'-- Up-to-date: /home/orin2/ros2_ws/install/unitree_go/include/unitree_go/unitree_go/msg/detail/audio_data__type_support.c\n'}
[1.553030] (unitree_go) StdoutLine: {'line': b'-- Up-to-date: /home/orin2/ros2_ws/install/unitree_go/include/unitree_go/unitree_go/msg/detail/req__rosidl_typesupport_introspection_c.h\n'}
[1.553335] (go2_interfaces) StdoutLine: {'line': b'-- Up-to-date: /home/orin2/ros2_ws/install/go2_interfaces/lib/libgo2_interfaces__rosidl_typesupport_c.so\n'}
[1.554931] (unitree_go) StdoutLine: {'line': b'-- Up-to-date: /home/orin2/ros2_ws/install/unitree_go/include/unitree_go/unitree_go/msg/detail/voxel_map_compressed__type_support.c\n'}
[1.555415] (unitree_go) StdoutLine: {'line': b'-- Up-to-date: /home/orin2/ros2_ws/install/unitree_go/include/unitree_go/unitree_go/msg/detail/error__type_support.c\n'}
[1.555574] (unitree_go) StdoutLine: {'line': b'-- Up-to-date: /home/orin2/ros2_ws/install/unitree_go/include/unitree_go/unitree_go/msg/detail/go2_front_video_data__rosidl_typesupport_introspection_c.h\n'}
[1.555956] (unitree_go) StdoutLine: {'line': b'-- Up-to-date: /home/orin2/ros2_ws/install/unitree_go/include/unitree_go/unitree_go/msg/detail/height_map__rosidl_typesupport_introspection_c.h\n'}
[1.556234] (unitree_go) StdoutLine: {'line': b'-- Up-to-date: /home/orin2/ros2_ws/install/unitree_go/include/unitree_go/unitree_go/msg/detail/voxel_height_map_state__type_support.c\n'}
[1.556708] (go2_interfaces) StdoutLine: {'line': b'-- Up-to-date: /home/orin2/ros2_ws/install/go2_interfaces/include/go2_interfaces/go2_interfaces\n'}
[1.560074] (unitree_go) StdoutLine: {'line': b'-- Up-to-date: /home/orin2/ros2_ws/install/unitree_go/include/unitree_go/unitree_go/msg/detail/sport_mode_cmd__rosidl_typesupport_introspection_c.h\n'}
[1.560309] (go2_interfaces) StdoutLine: {'line': b'-- Up-to-date: /home/orin2/ros2_ws/install/go2_interfaces/include/go2_interfaces/go2_interfaces/msg\n'}
[1.560492] (unitree_go) StdoutLine: {'line': b'-- Up-to-date: /home/orin2/ros2_ws/install/unitree_go/include/unitree_go/unitree_go/msg/detail/lidar_state__rosidl_typesupport_introspection_c.h\n'}
[1.560634] (go2_interfaces) StdoutLine: {'line': b'-- Up-to-date: /home/orin2/ros2_ws/install/go2_interfaces/include/go2_interfaces/go2_interfaces/msg/detail\n'}
[1.560761] (unitree_go) StdoutLine: {'line': b'-- Up-to-date: /home/orin2/ros2_ws/install/unitree_go/include/unitree_go/unitree_go/msg/detail/req__type_support.c\n'}
[1.561653] (go2_interfaces) StdoutLine: {'line': b'-- Up-to-date: /home/orin2/ros2_ws/install/go2_interfaces/include/go2_interfaces/go2_interfaces/msg/detail/go2_rpy_cmd__rosidl_typesupport_introspection_cpp.hpp\n'}
[1.561813] (unitree_go) StdoutLine: {'line': b'-- Up-to-date: /home/orin2/ros2_ws/install/unitree_go/include/unitree_go/unitree_go/msg/detail/bms_state__rosidl_typesupport_introspection_c.h\n'}
[1.562039] (go2_interfaces) StdoutLine: {'line': b'-- Up-to-date: /home/orin2/ros2_ws/install/go2_interfaces/include/go2_interfaces/go2_interfaces/msg/detail/go2_move__rosidl_typesupport_introspection_cpp.hpp\n'}
[1.562389] (go2_interfaces) StdoutLine: {'line': b'-- Up-to-date: /home/orin2/ros2_ws/install/go2_interfaces/include/go2_interfaces/go2_interfaces/msg/detail/go2_cmd__type_support.cpp\n'}
[1.562612] (go2_interfaces) StdoutLine: {'line': b'-- Up-to-date: /home/orin2/ros2_ws/install/go2_interfaces/include/go2_interfaces/go2_interfaces/msg/detail/go2_state__type_support.cpp\n'}
[1.563616] (unitree_go) StdoutLine: {'line': b'-- Up-to-date: /home/orin2/ros2_ws/install/unitree_go/include/unitree_go/unitree_go/msg/detail/motor_states__rosidl_typesupport_introspection_c.h\n'}
[1.563871] (unitree_go) StdoutLine: {'line': b'-- Up-to-date: /home/orin2/ros2_ws/install/unitree_go/include/unitree_go/unitree_go/msg/detail/motor_states__type_support.c\n'}
[1.564010] (unitree_go) StdoutLine: {'line': b'-- Up-to-date: /home/orin2/ros2_ws/install/unitree_go/include/unitree_go/unitree_go/msg/detail/uwb_state__rosidl_typesupport_introspection_c.h\n'}
[1.564132] (go2_interfaces) StdoutLine: {'line': b'-- Up-to-date: /home/orin2/ros2_ws/install/go2_interfaces/include/go2_interfaces/go2_interfaces/msg/detail/go2_rpy_cmd__type_support.cpp\n'}
[1.564254] (go2_interfaces) StdoutLine: {'line': b'-- Up-to-date: /home/orin2/ros2_ws/install/go2_interfaces/include/go2_interfaces/go2_interfaces/msg/detail/go2_cmd__rosidl_typesupport_introspection_cpp.hpp\n'}
[1.564682] (unitree_go) StdoutLine: {'line': b'-- Up-to-date: /home/orin2/ros2_ws/install/unitree_go/include/unitree_go/unitree_go/msg/detail/lidar_state__type_support.c\n'}
[1.569081] (unitree_go) StdoutLine: {'line': b'-- Up-to-date: /home/orin2/ros2_ws/install/unitree_go/include/unitree_go/unitree_go/msg/detail/motor_cmds__type_support.c\n'}
[1.572962] (unitree_go) StdoutLine: {'line': b'-- Up-to-date: /home/orin2/ros2_ws/install/unitree_go/include/unitree_go/unitree_go/msg/detail/motor_state__rosidl_typesupport_introspection_c.h\n'}
[1.573707] (unitree_go) StdoutLine: {'line': b'-- Up-to-date: /home/orin2/ros2_ws/install/unitree_go/include/unitree_go/unitree_go/msg/detail/res__rosidl_typesupport_introspection_c.h\n'}
[1.573890] (unitree_go) StdoutLine: {'line': b'-- Up-to-date: /home/orin2/ros2_ws/install/unitree_go/include/unitree_go/unitree_go/msg/detail/low_cmd__type_support.c\n'}
[1.574105] (unitree_go) StdoutLine: {'line': b'-- Up-to-date: /home/orin2/ros2_ws/install/unitree_go/include/unitree_go/unitree_go/msg/detail/wireless_controller__rosidl_typesupport_introspection_c.h\n'}
[1.577540] (go2_interfaces) StdoutLine: {'line': b'-- Up-to-date: /home/orin2/ros2_ws/install/go2_interfaces/include/go2_interfaces/go2_interfaces/msg/detail/imu__rosidl_typesupport_introspection_cpp.hpp\n'}
[1.577788] (go2_interfaces) StdoutLine: {'line': b'-- Up-to-date: /home/orin2/ros2_ws/install/go2_interfaces/include/go2_interfaces/go2_interfaces/msg/detail/go2_state__rosidl_typesupport_introspection_cpp.hpp\n'}
[1.577935] (go2_interfaces) StdoutLine: {'line': b'-- Up-to-date: /home/orin2/ros2_ws/install/go2_interfaces/include/go2_interfaces/go2_interfaces/msg/detail/go2_move__type_support.cpp\n'}
[1.578065] (go2_interfaces) StdoutLine: {'line': b'-- Up-to-date: /home/orin2/ros2_ws/install/go2_interfaces/include/go2_interfaces/go2_interfaces/msg/detail/imu__type_support.cpp\n'}
[1.578189] (unitree_go) StdoutLine: {'line': b'-- Up-to-date: /home/orin2/ros2_ws/install/unitree_go/include/unitree_go/unitree_go/msg/detail/sport_mode_state__type_support.c\n'}
[1.578370] (unitree_go) StdoutLine: {'line': b'-- Up-to-date: /home/orin2/ros2_ws/install/unitree_go/include/unitree_go/unitree_go/msg/detail/interface_config__type_support.c\n'}
[1.578496] (go2_interfaces) StdoutLine: {'line': b'-- Up-to-date: /home/orin2/ros2_ws/install/go2_interfaces/lib/libgo2_interfaces__rosidl_typesupport_introspection_cpp.so\n'}
[1.578648] (go2_interfaces) StdoutLine: {'line': b'-- Up-to-date: /home/orin2/ros2_ws/install/go2_interfaces/lib/libgo2_interfaces__rosidl_typesupport_cpp.so\n'}
[1.578768] (unitree_go) StdoutLine: {'line': b'-- Up-to-date: /home/orin2/ros2_ws/install/unitree_go/include/unitree_go/unitree_go/msg/detail/bms_cmd__rosidl_typesupport_introspection_c.h\n'}
[1.578886] (unitree_go) StdoutLine: {'line': b'-- Up-to-date: /home/orin2/ros2_ws/install/unitree_go/include/unitree_go/unitree_go/msg/detail/height_map__type_support.c\n'}
[1.579000] (unitree_go) StdoutLine: {'line': b'-- Up-to-date: /home/orin2/ros2_ws/install/unitree_go/include/unitree_go/unitree_go/msg/detail/imu_state__rosidl_typesupport_introspection_c.h\n'}
[1.579112] (unitree_go) StdoutLine: {'line': b'-- Up-to-date: /home/orin2/ros2_ws/install/unitree_go/include/unitree_go/unitree_go/msg/detail/path_point__rosidl_typesupport_introspection_c.h\n'}
[1.579221] (go2_interfaces) StdoutLine: {'line': b'-- Up-to-date: /home/orin2/ros2_ws/install/go2_interfaces/share/go2_interfaces/environment/pythonpath.sh\n'}
[1.579344] (unitree_go) StdoutLine: {'line': b'-- Up-to-date: /home/orin2/ros2_ws/install/unitree_go/include/unitree_go/unitree_go/msg/detail/interface_config__rosidl_typesupport_introspection_c.h\n'}
[1.579457] (unitree_go) StdoutLine: {'line': b'-- Up-to-date: /home/orin2/ros2_ws/install/unitree_go/include/unitree_go/unitree_go/msg/detail/web_rtc_req__rosidl_typesupport_introspection_c.h\n'}
[1.579567] (go2_interfaces) StdoutLine: {'line': b'-- Up-to-date: /home/orin2/ros2_ws/install/go2_interfaces/share/go2_interfaces/environment/pythonpath.dsv\n'}
[1.579677] (unitree_go) StdoutLine: {'line': b'-- Up-to-date: /home/orin2/ros2_ws/install/unitree_go/include/unitree_go/unitree_go/msg/detail/low_cmd__rosidl_typesupport_introspection_c.h\n'}
[1.579787] (go2_interfaces) StdoutLine: {'line': b'-- Up-to-date: /home/orin2/ros2_ws/install/go2_interfaces/local/lib/python3.10/dist-packages/go2_interfaces-0.0.0-py3.10.egg-info\n'}
[1.579900] (unitree_go) StdoutLine: {'line': b'-- Up-to-date: /home/orin2/ros2_ws/install/unitree_go/include/unitree_go/unitree_go/msg/detail/uwb_state__type_support.c\n'}
[1.580045] (unitree_go) StdoutLine: {'line': b'-- Up-to-date: /home/orin2/ros2_ws/install/unitree_go/include/unitree_go/unitree_go/msg/detail/motor_cmd__type_support.c\n'}
[1.580156] (go2_interfaces) StdoutLine: {'line': b'-- Installing: /home/orin2/ros2_ws/install/go2_interfaces/local/lib/python3.10/dist-packages/go2_interfaces-0.0.0-py3.10.egg-info/dependency_links.txt\n'}
[1.580276] (unitree_go) StdoutLine: {'line': b'-- Up-to-date: /home/orin2/ros2_ws/install/unitree_go/include/unitree_go/unitree_go/msg/detail/web_rtc_req__type_support.c\n'}
[1.580384] (unitree_go) StdoutLine: {'line': b'-- Up-to-date: /home/orin2/ros2_ws/install/unitree_go/include/unitree_go/unitree_go/msg/detail/error__rosidl_typesupport_introspection_c.h\n'}
[1.580492] (unitree_go) StdoutLine: {'line': b'-- Up-to-date: /home/orin2/ros2_ws/install/unitree_go/include/unitree_go/unitree_go/msg/detail/motor_state__type_support.c\n'}
[1.580602] (unitree_go) StdoutLine: {'line': b'-- Up-to-date: /home/orin2/ros2_ws/install/unitree_go/include/unitree_go/unitree_go/msg/detail/res__type_support.c\n'}
[1.580712] (unitree_go) StdoutLine: {'line': b'-- Up-to-date: /home/orin2/ros2_ws/install/unitree_go/include/unitree_go/unitree_go/msg/detail/motor_cmd__rosidl_typesupport_introspection_c.h\n'}
[1.580820] (unitree_go) StdoutLine: {'line': b'-- Up-to-date: /home/orin2/ros2_ws/install/unitree_go/include/unitree_go/unitree_go/msg/detail/low_state__type_support.c\n'}
[1.580926] (unitree_go) StdoutLine: {'line': b'-- Up-to-date: /home/orin2/ros2_ws/install/unitree_go/include/unitree_go/unitree_go/msg/rosidl_typesupport_introspection_c__visibility_control.h\n'}
[1.581034] (unitree_go) StdoutLine: {'line': b'-- Up-to-date: /home/orin2/ros2_ws/install/unitree_go/lib/libunitree_go__rosidl_typesupport_introspection_c.so\n'}
[1.581155] (go2_interfaces) StdoutLine: {'line': b'-- Installing: /home/orin2/ros2_ws/install/go2_interfaces/local/lib/python3.10/dist-packages/go2_interfaces-0.0.0-py3.10.egg-info/SOURCES.txt\n'}
[1.581340] (go2_interfaces) StdoutLine: {'line': b'-- Installing: /home/orin2/ros2_ws/install/go2_interfaces/local/lib/python3.10/dist-packages/go2_interfaces-0.0.0-py3.10.egg-info/PKG-INFO\n'}
[1.581454] (unitree_go) StdoutLine: {'line': b'-- Up-to-date: /home/orin2/ros2_ws/install/unitree_go/lib/libunitree_go__rosidl_typesupport_c.so\n'}
[1.581568] (go2_interfaces) StdoutLine: {'line': b'-- Installing: /home/orin2/ros2_ws/install/go2_interfaces/local/lib/python3.10/dist-packages/go2_interfaces-0.0.0-py3.10.egg-info/top_level.txt\n'}
[1.581678] (unitree_go) StdoutLine: {'line': b'-- Up-to-date: /home/orin2/ros2_ws/install/unitree_go/include/unitree_go/unitree_go\n'}
[1.581801] (unitree_go) StdoutLine: {'line': b'-- Up-to-date: /home/orin2/ros2_ws/install/unitree_go/include/unitree_go/unitree_go/msg\n'}
[1.581914] (go2_interfaces) StdoutLine: {'line': b'-- Up-to-date: /home/orin2/ros2_ws/install/go2_interfaces/local/lib/python3.10/dist-packages/go2_interfaces\n'}
[1.582024] (unitree_go) StdoutLine: {'line': b'-- Up-to-date: /home/orin2/ros2_ws/install/unitree_go/include/unitree_go/unitree_go/msg/low_state.hpp\n'}
[1.582147] (go2_interfaces) StdoutLine: {'line': b'-- Up-to-date: /home/orin2/ros2_ws/install/go2_interfaces/local/lib/python3.10/dist-packages/go2_interfaces/libgo2_interfaces__rosidl_generator_py.so\n'}
[1.582292] (go2_interfaces) StdoutLine: {'line': b'-- Up-to-date: /home/orin2/ros2_ws/install/go2_interfaces/local/lib/python3.10/dist-packages/go2_interfaces/_go2_interfaces_s.ep.rosidl_typesupport_fastrtps_c.c\n'}
[1.582424] (go2_interfaces) StdoutLine: {'line': b'-- Up-to-date: /home/orin2/ros2_ws/install/go2_interfaces/local/lib/python3.10/dist-packages/go2_interfaces/_go2_interfaces_s.ep.rosidl_typesupport_c.c\n'}
[1.582537] (unitree_go) StdoutLine: {'line': b'-- Up-to-date: /home/orin2/ros2_ws/install/unitree_go/include/unitree_go/unitree_go/msg/bms_cmd.hpp\n'}
[1.582651] (unitree_go) StdoutLine: {'line': b'-- Up-to-date: /home/orin2/ros2_ws/install/unitree_go/include/unitree_go/unitree_go/msg/low_cmd.hpp\n'}
[1.582762] (unitree_go) StdoutLine: {'line': b'-- Up-to-date: /home/orin2/ros2_ws/install/unitree_go/include/unitree_go/unitree_go/msg/motor_cmds.hpp\n'}
[1.582870] (go2_interfaces) StdoutLine: {'line': b'-- Up-to-date: /home/orin2/ros2_ws/install/go2_interfaces/local/lib/python3.10/dist-packages/go2_interfaces/go2_interfaces_s__rosidl_typesupport_c.cpython-310-aarch64-linux-gnu.so\n'}
[1.582986] (unitree_go) StdoutLine: {'line': b'-- Up-to-date: /home/orin2/ros2_ws/install/unitree_go/include/unitree_go/unitree_go/msg/height_map.hpp\n'}
[1.583105] (go2_interfaces) StdoutLine: {'line': b'-- Up-to-date: /home/orin2/ros2_ws/install/go2_interfaces/local/lib/python3.10/dist-packages/go2_interfaces/_go2_interfaces_s.ep.rosidl_typesupport_introspection_c.c\n'}
[1.583216] (unitree_go) StdoutLine: {'line': b'-- Up-to-date: /home/orin2/ros2_ws/install/unitree_go/include/unitree_go/unitree_go/msg/uwb_state.hpp\n'}
[1.583325] (go2_interfaces) StdoutLine: {'line': b'-- Up-to-date: /home/orin2/ros2_ws/install/go2_interfaces/local/lib/python3.10/dist-packages/go2_interfaces/go2_interfaces_s__rosidl_typesupport_fastrtps_c.cpython-310-aarch64-linux-gnu.so\n'}
[1.583437] (go2_interfaces) StdoutLine: {'line': b'-- Up-to-date: /home/orin2/ros2_ws/install/go2_interfaces/local/lib/python3.10/dist-packages/go2_interfaces/go2_interfaces_s__rosidl_typesupport_introspection_c.cpython-310-aarch64-linux-gnu.so\n'}
[1.583547] (unitree_go) StdoutLine: {'line': b'-- Up-to-date: /home/orin2/ros2_ws/install/unitree_go/include/unitree_go/unitree_go/msg/motor_cmd.hpp\n'}
[1.583654] (unitree_go) StdoutLine: {'line': b'-- Up-to-date: /home/orin2/ros2_ws/install/unitree_go/include/unitree_go/unitree_go/msg/go2_front_video_data.hpp\n'}
[1.583763] (go2_interfaces) StdoutLine: {'line': b'-- Up-to-date: /home/orin2/ros2_ws/install/go2_interfaces/local/lib/python3.10/dist-packages/go2_interfaces/msg\n'}
[1.583895] (unitree_go) StdoutLine: {'line': b'-- Up-to-date: /home/orin2/ros2_ws/install/unitree_go/include/unitree_go/unitree_go/msg/interface_config.hpp\n'}
[1.584013] (unitree_go) StdoutLine: {'line': b'-- Up-to-date: /home/orin2/ros2_ws/install/unitree_go/include/unitree_go/unitree_go/msg/sport_mode_state.hpp\n'}
[1.584122] (unitree_go) StdoutLine: {'line': b'-- Up-to-date: /home/orin2/ros2_ws/install/unitree_go/include/unitree_go/unitree_go/msg/voxel_height_map_state.hpp\n'}
[1.584229] (go2_interfaces) StdoutLine: {'line': b'-- Up-to-date: /home/orin2/ros2_ws/install/go2_interfaces/local/lib/python3.10/dist-packages/go2_interfaces/msg/_go2_move.py\n'}
[1.584336] (go2_interfaces) StdoutLine: {'line': b'-- Up-to-date: /home/orin2/ros2_ws/install/go2_interfaces/local/lib/python3.10/dist-packages/go2_interfaces/msg/_go2_rpy_cmd_s.c\n'}
[1.584445] (go2_interfaces) StdoutLine: {'line': b'-- Up-to-date: /home/orin2/ros2_ws/install/go2_interfaces/local/lib/python3.10/dist-packages/go2_interfaces/msg/_go2_cmd.py\n'}
[1.584552] (go2_interfaces) StdoutLine: {'line': b'-- Up-to-date: /home/orin2/ros2_ws/install/go2_interfaces/local/lib/python3.10/dist-packages/go2_interfaces/msg/_go2_state_s.c\n'}
[1.584684] (go2_interfaces) StdoutLine: {'line': b'-- Up-to-date: /home/orin2/ros2_ws/install/go2_interfaces/local/lib/python3.10/dist-packages/go2_interfaces/msg/_go2_cmd_s.c\n'}
[1.584796] (go2_interfaces) StdoutLine: {'line': b'-- Up-to-date: /home/orin2/ros2_ws/install/go2_interfaces/local/lib/python3.10/dist-packages/go2_interfaces/msg/_imu.py\n'}
[1.584916] (unitree_go) StdoutLine: {'line': b'-- Up-to-date: /home/orin2/ros2_ws/install/unitree_go/include/unitree_go/unitree_go/msg/lidar_state.hpp\n'}
[1.585026] (unitree_go) StdoutLine: {'line': b'-- Up-to-date: /home/orin2/ros2_ws/install/unitree_go/include/unitree_go/unitree_go/msg/wireless_controller.hpp\n'}
[1.585135] (unitree_go) StdoutLine: {'line': b'-- Up-to-date: /home/orin2/ros2_ws/install/unitree_go/include/unitree_go/unitree_go/msg/bms_state.hpp\n'}
[1.585244] (unitree_go) StdoutLine: {'line': b'-- Up-to-date: /home/orin2/ros2_ws/install/unitree_go/include/unitree_go/unitree_go/msg/imu_state.hpp\n'}
[1.585351] (unitree_go) StdoutLine: {'line': b'-- Up-to-date: /home/orin2/ros2_ws/install/unitree_go/include/unitree_go/unitree_go/msg/detail\n'}
[1.585459] (go2_interfaces) StdoutLine: {'line': b'-- Up-to-date: /home/orin2/ros2_ws/install/go2_interfaces/local/lib/python3.10/dist-packages/go2_interfaces/msg/_go2_state.py\n'}
[1.585567] (go2_interfaces) StdoutLine: {'line': b'-- Up-to-date: /home/orin2/ros2_ws/install/go2_interfaces/local/lib/python3.10/dist-packages/go2_interfaces/msg/_go2_rpy_cmd.py\n'}
[1.585673] (go2_interfaces) StdoutLine: {'line': b'-- Up-to-date: /home/orin2/ros2_ws/install/go2_interfaces/local/lib/python3.10/dist-packages/go2_interfaces/msg/__init__.py\n'}
[1.585789] (go2_interfaces) StdoutLine: {'line': b'-- Up-to-date: /home/orin2/ros2_ws/install/go2_interfaces/local/lib/python3.10/dist-packages/go2_interfaces/msg/_imu_s.c\n'}
[1.585897] (go2_interfaces) StdoutLine: {'line': b'-- Up-to-date: /home/orin2/ros2_ws/install/go2_interfaces/local/lib/python3.10/dist-packages/go2_interfaces/msg/_go2_move_s.c\n'}
[1.586005] (go2_interfaces) StdoutLine: {'line': b'-- Up-to-date: /home/orin2/ros2_ws/install/go2_interfaces/local/lib/python3.10/dist-packages/go2_interfaces/__init__.py\n'}
[1.586110] (unitree_go) StdoutLine: {'line': b'-- Up-to-date: /home/orin2/ros2_ws/install/unitree_go/include/unitree_go/unitree_go/msg/detail/path_point__struct.hpp\n'}
[1.586214] (unitree_go) StdoutLine: {'line': b'-- Up-to-date: /home/orin2/ros2_ws/install/unitree_go/include/unitree_go/unitree_go/msg/detail/motor_cmd__type_support.hpp\n'}
[1.586533] (unitree_go) StdoutLine: {'line': b'-- Up-to-date: /home/orin2/ros2_ws/install/unitree_go/include/unitree_go/unitree_go/msg/detail/req__builder.hpp\n'}
[1.586664] (unitree_go) StdoutLine: {'line': b'-- Up-to-date: /home/orin2/ros2_ws/install/unitree_go/include/unitree_go/unitree_go/msg/detail/lidar_state__traits.hpp\n'}
[1.586904] (unitree_go) StdoutLine: {'line': b'-- Up-to-date: /home/orin2/ros2_ws/install/unitree_go/include/unitree_go/unitree_go/msg/detail/sport_mode_cmd__type_support.hpp\n'}
[1.587311] (unitree_go) StdoutLine: {'line': b'-- Up-to-date: /home/orin2/ros2_ws/install/unitree_go/include/unitree_go/unitree_go/msg/detail/voxel_height_map_state__type_support.hpp\n'}
[1.587660] (unitree_go) StdoutLine: {'line': b'-- Up-to-date: /home/orin2/ros2_ws/install/unitree_go/include/unitree_go/unitree_go/msg/detail/res__builder.hpp\n'}
[1.588789] (unitree_go) StdoutLine: {'line': b'-- Up-to-date: /home/orin2/ros2_ws/install/unitree_go/include/unitree_go/unitree_go/msg/detail/low_state__type_support.hpp\n'}
[1.588963] (unitree_go) StdoutLine: {'line': b'-- Up-to-date: /home/orin2/ros2_ws/install/unitree_go/include/unitree_go/unitree_go/msg/detail/motor_cmd__struct.hpp\n'}
[1.589164] (unitree_go) StdoutLine: {'line': b'-- Up-to-date: /home/orin2/ros2_ws/install/unitree_go/include/unitree_go/unitree_go/msg/detail/imu_state__builder.hpp\n'}
[1.589967] (unitree_go) StdoutLine: {'line': b'-- Up-to-date: /home/orin2/ros2_ws/install/unitree_go/include/unitree_go/unitree_go/msg/detail/height_map__struct.hpp\n'}
[1.590143] (unitree_go) StdoutLine: {'line': b'-- Up-to-date: /home/orin2/ros2_ws/install/unitree_go/include/unitree_go/unitree_go/msg/detail/voxel_map_compressed__type_support.hpp\n'}
[1.590509] (unitree_go) StdoutLine: {'line': b'-- Up-to-date: /home/orin2/ros2_ws/install/unitree_go/include/unitree_go/unitree_go/msg/detail/sport_mode_state__traits.hpp\n'}
[1.590748] (unitree_go) StdoutLine: {'line': b'-- Up-to-date: /home/orin2/ros2_ws/install/unitree_go/include/unitree_go/unitree_go/msg/detail/motor_state__type_support.hpp\n'}
[1.591053] (unitree_go) StdoutLine: {'line': b'-- Up-to-date: /home/orin2/ros2_ws/install/unitree_go/include/unitree_go/unitree_go/msg/detail/imu_state__traits.hpp\n'}
[1.591937] (unitree_go) StdoutLine: {'line': b'-- Up-to-date: /home/orin2/ros2_ws/install/unitree_go/include/unitree_go/unitree_go/msg/detail/low_state__traits.hpp\n'}
[1.593186] (unitree_go) StdoutLine: {'line': b'-- Up-to-date: /home/orin2/ros2_ws/install/unitree_go/include/unitree_go/unitree_go/msg/detail/imu_state__type_support.hpp\n'}
[1.593412] (unitree_go) StdoutLine: {'line': b'-- Up-to-date: /home/orin2/ros2_ws/install/unitree_go/include/unitree_go/unitree_go/msg/detail/error__struct.hpp\n'}
[1.593577] (unitree_go) StdoutLine: {'line': b'-- Up-to-date: /home/orin2/ros2_ws/install/unitree_go/include/unitree_go/unitree_go/msg/detail/web_rtc_req__struct.hpp\n'}
[1.593793] (unitree_go) StdoutLine: {'line': b'-- Up-to-date: /home/orin2/ros2_ws/install/unitree_go/include/unitree_go/unitree_go/msg/detail/low_cmd__type_support.hpp\n'}
[1.593989] (unitree_go) StdoutLine: {'line': b'-- Up-to-date: /home/orin2/ros2_ws/install/unitree_go/include/unitree_go/unitree_go/msg/detail/bms_cmd__type_support.hpp\n'}
[1.594184] (unitree_go) StdoutLine: {'line': b'-- Up-to-date: /home/orin2/ros2_ws/install/unitree_go/include/unitree_go/unitree_go/msg/detail/height_map__builder.hpp\n'}
[1.594434] (unitree_go) StdoutLine: {'line': b'-- Up-to-date: /home/orin2/ros2_ws/install/unitree_go/include/unitree_go/unitree_go/msg/detail/motor_cmds__struct.hpp\n'}
[1.594644] (unitree_go) StdoutLine: {'line': b'-- Up-to-date: /home/orin2/ros2_ws/install/unitree_go/include/unitree_go/unitree_go/msg/detail/low_cmd__builder.hpp\n'}
[1.594805] (unitree_go) StdoutLine: {'line': b'-- Up-to-date: /home/orin2/ros2_ws/install/unitree_go/include/unitree_go/unitree_go/msg/detail/voxel_map_compressed__traits.hpp\n'}
[1.595014] (unitree_go) StdoutLine: {'line': b'-- Up-to-date: /home/orin2/ros2_ws/install/unitree_go/include/unitree_go/unitree_go/msg/detail/motor_state__builder.hpp\n'}
[1.595211] (unitree_go) StdoutLine: {'line': b'-- Up-to-date: /home/orin2/ros2_ws/install/unitree_go/include/unitree_go/unitree_go/msg/detail/error__builder.hpp\n'}
[1.595408] (unitree_go) StdoutLine: {'line': b'-- Up-to-date: /home/orin2/ros2_ws/install/unitree_go/include/unitree_go/unitree_go/msg/detail/path_point__traits.hpp\n'}
[1.595615] (unitree_go) StdoutLine: {'line': b'-- Up-to-date: /home/orin2/ros2_ws/install/unitree_go/include/unitree_go/unitree_go/msg/detail/res__type_support.hpp\n'}
[1.595806] (unitree_go) StdoutLine: {'line': b'-- Up-to-date: /home/orin2/ros2_ws/install/unitree_go/include/unitree_go/unitree_go/msg/detail/wireless_controller__traits.hpp\n'}
[1.596007] (unitree_go) StdoutLine: {'line': b'-- Up-to-date: /home/orin2/ros2_ws/install/unitree_go/include/unitree_go/unitree_go/msg/detail/audio_data__struct.hpp\n'}
[1.596352] (unitree_go) StdoutLine: {'line': b'-- Up-to-date: /home/orin2/ros2_ws/install/unitree_go/include/unitree_go/unitree_go/msg/detail/res__struct.hpp\n'}
[1.596539] (unitree_go) StdoutLine: {'line': b'-- Up-to-date: /home/orin2/ros2_ws/install/unitree_go/include/unitree_go/unitree_go/msg/detail/audio_data__type_support.hpp\n'}
[1.596697] (unitree_go) StdoutLine: {'line': b'-- Up-to-date: /home/orin2/ros2_ws/install/unitree_go/include/unitree_go/unitree_go/msg/detail/motor_state__struct.hpp\n'}
[1.596840] (unitree_go) StdoutLine: {'line': b'-- Up-to-date: /home/orin2/ros2_ws/install/unitree_go/include/unitree_go/unitree_go/msg/detail/voxel_height_map_state__traits.hpp\n'}
[1.596992] (unitree_go) StdoutLine: {'line': b'-- Up-to-date: /home/orin2/ros2_ws/install/unitree_go/include/unitree_go/unitree_go/msg/detail/voxel_height_map_state__struct.hpp\n'}
[1.597149] (unitree_go) StdoutLine: {'line': b'-- Up-to-date: /home/orin2/ros2_ws/install/unitree_go/include/unitree_go/unitree_go/msg/detail/sport_mode_state__struct.hpp\n'}
[1.597308] (unitree_go) StdoutLine: {'line': b'-- Up-to-date: /home/orin2/ros2_ws/install/unitree_go/include/unitree_go/unitree_go/msg/detail/uwb_state__type_support.hpp\n'}
[1.597462] (unitree_go) StdoutLine: {'line': b'-- Up-to-date: /home/orin2/ros2_ws/install/unitree_go/include/unitree_go/unitree_go/msg/detail/lidar_state__builder.hpp\n'}
[1.597613] (unitree_go) StdoutLine: {'line': b'-- Up-to-date: /home/orin2/ros2_ws/install/unitree_go/include/unitree_go/unitree_go/msg/detail/voxel_height_map_state__builder.hpp\n'}
[1.597765] (unitree_go) StdoutLine: {'line': b'-- Up-to-date: /home/orin2/ros2_ws/install/unitree_go/include/unitree_go/unitree_go/msg/detail/go2_front_video_data__traits.hpp\n'}
[1.597915] (unitree_go) StdoutLine: {'line': b'-- Up-to-date: /home/orin2/ros2_ws/install/unitree_go/include/unitree_go/unitree_go/msg/detail/motor_cmds__type_support.hpp\n'}
[1.598049] (unitree_go) StdoutLine: {'line': b'-- Up-to-date: /home/orin2/ros2_ws/install/unitree_go/include/unitree_go/unitree_go/msg/detail/bms_state__struct.hpp\n'}
[1.598314] (unitree_go) StdoutLine: {'line': b'-- Up-to-date: /home/orin2/ros2_ws/install/unitree_go/include/unitree_go/unitree_go/msg/detail/sport_mode_cmd__builder.hpp\n'}
[1.598480] (unitree_go) StdoutLine: {'line': b'-- Up-to-date: /home/orin2/ros2_ws/install/unitree_go/include/unitree_go/unitree_go/msg/detail/height_map__type_support.hpp\n'}
[1.598628] (unitree_go) StdoutLine: {'line': b'-- Up-to-date: /home/orin2/ros2_ws/install/unitree_go/include/unitree_go/unitree_go/msg/detail/motor_cmds__builder.hpp\n'}
[1.598792] (unitree_go) StdoutLine: {'line': b'-- Up-to-date: /home/orin2/ros2_ws/install/unitree_go/include/unitree_go/unitree_go/msg/detail/low_state__struct.hpp\n'}
[1.598937] (unitree_go) StdoutLine: {'line': b'-- Up-to-date: /home/orin2/ros2_ws/install/unitree_go/include/unitree_go/unitree_go/msg/detail/go2_front_video_data__type_support.hpp\n'}
[1.599869] (unitree_go) StdoutLine: {'line': b'-- Up-to-date: /home/orin2/ros2_ws/install/unitree_go/include/unitree_go/unitree_go/msg/detail/error__type_support.hpp\n'}
[1.600068] (unitree_go) StdoutLine: {'line': b'-- Up-to-date: /home/orin2/ros2_ws/install/unitree_go/include/unitree_go/unitree_go/msg/detail/req__type_support.hpp\n'}
[1.608947] (unitree_go) StdoutLine: {'line': b'-- Up-to-date: /home/orin2/ros2_ws/install/unitree_go/include/unitree_go/unitree_go/msg/detail/motor_state__traits.hpp\n'}
[1.609117] (unitree_go) StdoutLine: {'line': b'-- Up-to-date: /home/orin2/ros2_ws/install/unitree_go/include/unitree_go/unitree_go/msg/detail/low_state__builder.hpp\n'}
[1.609283] (unitree_go) StdoutLine: {'line': b'-- Up-to-date: /home/orin2/ros2_ws/install/unitree_go/include/unitree_go/unitree_go/msg/detail/uwb_state__builder.hpp\n'}
[1.609423] (unitree_go) StdoutLine: {'line': b'-- Up-to-date: /home/orin2/ros2_ws/install/unitree_go/include/unitree_go/unitree_go/msg/detail/lidar_state__struct.hpp\n'}
[1.609547] (unitree_go) StdoutLine: {'line': b'-- Up-to-date: /home/orin2/ros2_ws/install/unitree_go/include/unitree_go/unitree_go/msg/detail/wireless_controller__type_support.hpp\n'}
[1.609669] (unitree_go) StdoutLine: {'line': b'-- Up-to-date: /home/orin2/ros2_ws/install/unitree_go/include/unitree_go/unitree_go/msg/detail/interface_config__traits.hpp\n'}
[1.609981] (unitree_go) StdoutLine: {'line': b'-- Up-to-date: /home/orin2/ros2_ws/install/unitree_go/include/unitree_go/unitree_go/msg/detail/low_cmd__traits.hpp\n'}
[1.610185] (unitree_go) StdoutLine: {'line': b'-- Up-to-date: /home/orin2/ros2_ws/install/unitree_go/include/unitree_go/unitree_go/msg/detail/interface_config__type_support.hpp\n'}
[1.610774] (unitree_go) StdoutLine: {'line': b'-- Up-to-date: /home/orin2/ros2_ws/install/unitree_go/include/unitree_go/unitree_go/msg/detail/motor_states__struct.hpp\n'}
[1.610909] (unitree_go) StdoutLine: {'line': b'-- Up-to-date: /home/orin2/ros2_ws/install/unitree_go/include/unitree_go/unitree_go/msg/detail/time_spec__traits.hpp\n'}
[1.611029] (unitree_go) StdoutLine: {'line': b'-- Up-to-date: /home/orin2/ros2_ws/install/unitree_go/include/unitree_go/unitree_go/msg/detail/web_rtc_req__builder.hpp\n'}
[1.611165] (unitree_go) StdoutLine: {'line': b'-- Up-to-date: /home/orin2/ros2_ws/install/unitree_go/include/unitree_go/unitree_go/msg/detail/audio_data__traits.hpp\n'}
[1.611281] (unitree_go) StdoutLine: {'line': b'-- Up-to-date: /home/orin2/ros2_ws/install/unitree_go/include/unitree_go/unitree_go/msg/detail/interface_config__builder.hpp\n'}
[1.611435] (unitree_go) StdoutLine: {'line': b'-- Up-to-date: /home/orin2/ros2_ws/install/unitree_go/include/unitree_go/unitree_go/msg/detail/voxel_map_compressed__builder.hpp\n'}
[1.611637] (unitree_go) StdoutLine: {'line': b'-- Up-to-date: /home/orin2/ros2_ws/install/unitree_go/include/unitree_go/unitree_go/msg/detail/interface_config__struct.hpp\n'}
[1.611781] (unitree_go) StdoutLine: {'line': b'-- Up-to-date: /home/orin2/ros2_ws/install/unitree_go/include/unitree_go/unitree_go/msg/detail/uwb_state__struct.hpp\n'}
[1.612273] (unitree_go) StdoutLine: {'line': b'-- Up-to-date: /home/orin2/ros2_ws/install/unitree_go/include/unitree_go/unitree_go/msg/detail/req__struct.hpp\n'}
[1.612660] (unitree_go) StdoutLine: {'line': b'-- Up-to-date: /home/orin2/ros2_ws/install/unitree_go/include/unitree_go/unitree_go/msg/detail/uwb_switch__traits.hpp\n'}
[1.612798] (unitree_go) StdoutLine: {'line': b'-- Up-to-date: /home/orin2/ros2_ws/install/unitree_go/include/unitree_go/unitree_go/msg/detail/audio_data__builder.hpp\n'}
[1.622539] (-) TimerEvent: {}
[1.622888] (unitree_go) StdoutLine: {'line': b'-- Up-to-date: /home/orin2/ros2_ws/install/unitree_go/include/unitree_go/unitree_go/msg/detail/go2_front_video_data__builder.hpp\n'}
[1.623695] (unitree_go) StdoutLine: {'line': b'-- Up-to-date: /home/orin2/ros2_ws/install/unitree_go/include/unitree_go/unitree_go/msg/detail/uwb_state__traits.hpp\n'}
[1.624436] (unitree_go) StdoutLine: {'line': b'-- Up-to-date: /home/orin2/ros2_ws/install/unitree_go/include/unitree_go/unitree_go/msg/detail/uwb_switch__struct.hpp\n'}
[1.624604] (unitree_go) StdoutLine: {'line': b'-- Up-to-date: /home/orin2/ros2_ws/install/unitree_go/include/unitree_go/unitree_go/msg/detail/bms_cmd__builder.hpp\n'}
[1.624749] (unitree_go) StdoutLine: {'line': b'-- Up-to-date: /home/orin2/ros2_ws/install/unitree_go/include/unitree_go/unitree_go/msg/detail/req__traits.hpp\n'}
[1.624878] (unitree_go) StdoutLine: {'line': b'-- Up-to-date: /home/orin2/ros2_ws/install/unitree_go/include/unitree_go/unitree_go/msg/detail/sport_mode_cmd__struct.hpp\n'}
[1.624999] (unitree_go) StdoutLine: {'line': b'-- Up-to-date: /home/orin2/ros2_ws/install/unitree_go/include/unitree_go/unitree_go/msg/detail/bms_state__traits.hpp\n'}
[1.625152] (unitree_go) StdoutLine: {'line': b'-- Up-to-date: /home/orin2/ros2_ws/install/unitree_go/include/unitree_go/unitree_go/msg/detail/motor_states__traits.hpp\n'}
[1.625300] (unitree_go) StdoutLine: {'line': b'-- Up-to-date: /home/orin2/ros2_ws/install/unitree_go/include/unitree_go/unitree_go/msg/detail/uwb_switch__builder.hpp\n'}
[1.625420] (unitree_go) StdoutLine: {'line': b'-- Up-to-date: /home/orin2/ros2_ws/install/unitree_go/include/unitree_go/unitree_go/msg/detail/lidar_state__type_support.hpp\n'}
[1.625538] (unitree_go) StdoutLine: {'line': b'-- Up-to-date: /home/orin2/ros2_ws/install/unitree_go/include/unitree_go/unitree_go/msg/detail/low_cmd__struct.hpp\n'}
[1.625662] (unitree_go) StdoutLine: {'line': b'-- Up-to-date: /home/orin2/ros2_ws/install/unitree_go/include/unitree_go/unitree_go/msg/detail/error__traits.hpp\n'}
[1.625780] (unitree_go) StdoutLine: {'line': b'-- Up-to-date: /home/orin2/ros2_ws/install/unitree_go/include/unitree_go/unitree_go/msg/detail/imu_state__struct.hpp\n'}
[1.625891] (unitree_go) StdoutLine: {'line': b'-- Up-to-date: /home/orin2/ros2_ws/install/unitree_go/include/unitree_go/unitree_go/msg/detail/motor_cmd__builder.hpp\n'}
[1.626004] (unitree_go) StdoutLine: {'line': b'-- Up-to-date: /home/orin2/ros2_ws/install/unitree_go/include/unitree_go/unitree_go/msg/detail/motor_cmds__traits.hpp\n'}
[1.626116] (unitree_go) StdoutLine: {'line': b'-- Up-to-date: /home/orin2/ros2_ws/install/unitree_go/include/unitree_go/unitree_go/msg/detail/wireless_controller__builder.hpp\n'}
[1.626232] (unitree_go) StdoutLine: {'line': b'-- Up-to-date: /home/orin2/ros2_ws/install/unitree_go/include/unitree_go/unitree_go/msg/detail/res__traits.hpp\n'}
[1.627394] (unitree_go) StdoutLine: {'line': b'-- Up-to-date: /home/orin2/ros2_ws/install/unitree_go/include/unitree_go/unitree_go/msg/detail/sport_mode_state__type_support.hpp\n'}
[1.627897] (unitree_go) StdoutLine: {'line': b'-- Up-to-date: /home/orin2/ros2_ws/install/unitree_go/include/unitree_go/unitree_go/msg/detail/bms_state__builder.hpp\n'}
[1.628160] (unitree_go) StdoutLine: {'line': b'-- Up-to-date: /home/orin2/ros2_ws/install/unitree_go/include/unitree_go/unitree_go/msg/detail/time_spec__type_support.hpp\n'}
[1.628337] (unitree_go) StdoutLine: {'line': b'-- Up-to-date: /home/orin2/ros2_ws/install/unitree_go/include/unitree_go/unitree_go/msg/detail/path_point__builder.hpp\n'}
[1.628556] (unitree_go) StdoutLine: {'line': b'-- Up-to-date: /home/orin2/ros2_ws/install/unitree_go/include/unitree_go/unitree_go/msg/detail/web_rtc_req__type_support.hpp\n'}
[1.628758] (unitree_go) StdoutLine: {'line': b'-- Up-to-date: /home/orin2/ros2_ws/install/unitree_go/include/unitree_go/unitree_go/msg/detail/motor_states__type_support.hpp\n'}
[1.628958] (unitree_go) StdoutLine: {'line': b'-- Up-to-date: /home/orin2/ros2_ws/install/unitree_go/include/unitree_go/unitree_go/msg/detail/sport_mode_state__builder.hpp\n'}
[1.629214] (unitree_go) StdoutLine: {'line': b'-- Up-to-date: /home/orin2/ros2_ws/install/unitree_go/include/unitree_go/unitree_go/msg/detail/wireless_controller__struct.hpp\n'}
[1.629379] (unitree_go) StdoutLine: {'line': b'-- Up-to-date: /home/orin2/ros2_ws/install/unitree_go/include/unitree_go/unitree_go/msg/detail/uwb_switch__type_support.hpp\n'}
[1.629541] (unitree_go) StdoutLine: {'line': b'-- Up-to-date: /home/orin2/ros2_ws/install/unitree_go/include/unitree_go/unitree_go/msg/detail/go2_front_video_data__struct.hpp\n'}
[1.632615] (unitree_go) StdoutLine: {'line': b'-- Up-to-date: /home/orin2/ros2_ws/install/unitree_go/include/unitree_go/unitree_go/msg/detail/motor_cmd__traits.hpp\n'}
[1.633073] (unitree_go) StdoutLine: {'line': b'-- Up-to-date: /home/orin2/ros2_ws/install/unitree_go/include/unitree_go/unitree_go/msg/detail/web_rtc_req__traits.hpp\n'}
[1.633544] (unitree_go) StdoutLine: {'line': b'-- Up-to-date: /home/orin2/ros2_ws/install/unitree_go/include/unitree_go/unitree_go/msg/detail/voxel_map_compressed__struct.hpp\n'}
[1.633743] (unitree_go) StdoutLine: {'line': b'-- Up-to-date: /home/orin2/ros2_ws/install/unitree_go/include/unitree_go/unitree_go/msg/detail/bms_cmd__traits.hpp\n'}
[1.633942] (unitree_go) StdoutLine: {'line': b'-- Up-to-date: /home/orin2/ros2_ws/install/unitree_go/include/unitree_go/unitree_go/msg/detail/time_spec__struct.hpp\n'}
[1.634421] (unitree_go) StdoutLine: {'line': b'-- Up-to-date: /home/orin2/ros2_ws/install/unitree_go/include/unitree_go/unitree_go/msg/detail/path_point__type_support.hpp\n'}
[1.634996] (unitree_go) StdoutLine: {'line': b'-- Up-to-date: /home/orin2/ros2_ws/install/unitree_go/include/unitree_go/unitree_go/msg/detail/bms_cmd__struct.hpp\n'}
[1.635174] (unitree_go) StdoutLine: {'line': b'-- Up-to-date: /home/orin2/ros2_ws/install/unitree_go/include/unitree_go/unitree_go/msg/detail/height_map__traits.hpp\n'}
[1.635349] (unitree_go) StdoutLine: {'line': b'-- Up-to-date: /home/orin2/ros2_ws/install/unitree_go/include/unitree_go/unitree_go/msg/detail/time_spec__builder.hpp\n'}
[1.635860] (unitree_go) StdoutLine: {'line': b'-- Up-to-date: /home/orin2/ros2_ws/install/unitree_go/include/unitree_go/unitree_go/msg/detail/sport_mode_cmd__traits.hpp\n'}
[1.636165] (unitree_go) StdoutLine: {'line': b'-- Up-to-date: /home/orin2/ros2_ws/install/unitree_go/include/unitree_go/unitree_go/msg/detail/bms_state__type_support.hpp\n'}
[1.636386] (unitree_go) StdoutLine: {'line': b'-- Up-to-date: /home/orin2/ros2_ws/install/unitree_go/include/unitree_go/unitree_go/msg/detail/motor_states__builder.hpp\n'}
[1.637225] (unitree_go) StdoutLine: {'line': b'-- Up-to-date: /home/orin2/ros2_ws/install/unitree_go/include/unitree_go/unitree_go/msg/motor_state.hpp\n'}
[1.637754] (unitree_go) StdoutLine: {'line': b'-- Up-to-date: /home/orin2/ros2_ws/install/unitree_go/include/unitree_go/unitree_go/msg/rosidl_generator_cpp__visibility_control.hpp\n'}
[1.637951] (unitree_go) StdoutLine: {'line': b'-- Up-to-date: /home/orin2/ros2_ws/install/unitree_go/include/unitree_go/unitree_go/msg/res.hpp\n'}
[1.638137] (unitree_go) StdoutLine: {'line': b'-- Up-to-date: /home/orin2/ros2_ws/install/unitree_go/include/unitree_go/unitree_go/msg/uwb_switch.hpp\n'}
[1.638590] (unitree_go) StdoutLine: {'line': b'-- Up-to-date: /home/orin2/ros2_ws/install/unitree_go/include/unitree_go/unitree_go/msg/web_rtc_req.hpp\n'}
[1.640110] (unitree_go) StdoutLine: {'line': b'-- Up-to-date: /home/orin2/ros2_ws/install/unitree_go/include/unitree_go/unitree_go/msg/path_point.hpp\n'}
[1.640364] (unitree_go) StdoutLine: {'line': b'-- Up-to-date: /home/orin2/ros2_ws/install/unitree_go/include/unitree_go/unitree_go/msg/req.hpp\n'}
[1.641724] (unitree_go) StdoutLine: {'line': b'-- Up-to-date: /home/orin2/ros2_ws/install/unitree_go/include/unitree_go/unitree_go/msg/error.hpp\n'}
[1.642863] (unitree_go) StdoutLine: {'line': b'-- Up-to-date: /home/orin2/ros2_ws/install/unitree_go/include/unitree_go/unitree_go/msg/motor_states.hpp\n'}
[1.644862] (unitree_go) StdoutLine: {'line': b'-- Up-to-date: /home/orin2/ros2_ws/install/unitree_go/include/unitree_go/unitree_go/msg/audio_data.hpp\n'}
[1.645186] (unitree_go) StdoutLine: {'line': b'-- Up-to-date: /home/orin2/ros2_ws/install/unitree_go/include/unitree_go/unitree_go/msg/time_spec.hpp\n'}
[1.645354] (unitree_go) StdoutLine: {'line': b'-- Up-to-date: /home/orin2/ros2_ws/install/unitree_go/include/unitree_go/unitree_go/msg/voxel_map_compressed.hpp\n'}
[1.645496] (unitree_go) StdoutLine: {'line': b'-- Up-to-date: /home/orin2/ros2_ws/install/unitree_go/include/unitree_go/unitree_go/msg/sport_mode_cmd.hpp\n'}
[1.645687] (unitree_go) StdoutLine: {'line': b'-- Up-to-date: /home/orin2/ros2_ws/install/unitree_go/include/unitree_go/unitree_go\n'}
[1.646583] (unitree_go) StdoutLine: {'line': b'-- Up-to-date: /home/orin2/ros2_ws/install/unitree_go/include/unitree_go/unitree_go/msg\n'}
[1.646822] (unitree_go) StdoutLine: {'line': b'-- Up-to-date: /home/orin2/ros2_ws/install/unitree_go/include/unitree_go/unitree_go/msg/rosidl_typesupport_fastrtps_cpp__visibility_control.h\n'}
[1.647051] (unitree_go) StdoutLine: {'line': b'-- Up-to-date: /home/orin2/ros2_ws/install/unitree_go/include/unitree_go/unitree_go/msg/detail\n'}
[1.647427] (unitree_go) StdoutLine: {'line': b'-- Up-to-date: /home/orin2/ros2_ws/install/unitree_go/include/unitree_go/unitree_go/msg/detail/uwb_state__rosidl_typesupport_fastrtps_cpp.hpp\n'}
[1.647771] (unitree_go) StdoutLine: {'line': b'-- Up-to-date: /home/orin2/ros2_ws/install/unitree_go/include/unitree_go/unitree_go/msg/detail/low_state__rosidl_typesupport_fastrtps_cpp.hpp\n'}
[1.648400] (unitree_go) StdoutLine: {'line': b'-- Up-to-date: /home/orin2/ros2_ws/install/unitree_go/include/unitree_go/unitree_go/msg/detail/low_cmd__rosidl_typesupport_fastrtps_cpp.hpp\n'}
[1.648571] (unitree_go) StdoutLine: {'line': b'-- Up-to-date: /home/orin2/ros2_ws/install/unitree_go/include/unitree_go/unitree_go/msg/detail/imu_state__rosidl_typesupport_fastrtps_cpp.hpp\n'}
[1.648735] (unitree_go) StdoutLine: {'line': b'-- Up-to-date: /home/orin2/ros2_ws/install/unitree_go/include/unitree_go/unitree_go/msg/detail/height_map__rosidl_typesupport_fastrtps_cpp.hpp\n'}
[1.649177] (unitree_go) StdoutLine: {'line': b'-- Up-to-date: /home/orin2/ros2_ws/install/unitree_go/include/unitree_go/unitree_go/msg/detail/web_rtc_req__rosidl_typesupport_fastrtps_cpp.hpp\n'}
[1.649712] (unitree_go) StdoutLine: {'line': b'-- Up-to-date: /home/orin2/ros2_ws/install/unitree_go/include/unitree_go/unitree_go/msg/detail/audio_data__rosidl_typesupport_fastrtps_cpp.hpp\n'}
[1.649888] (unitree_go) StdoutLine: {'line': b'-- Up-to-date: /home/orin2/ros2_ws/install/unitree_go/include/unitree_go/unitree_go/msg/detail/lidar_state__rosidl_typesupport_fastrtps_cpp.hpp\n'}
[1.650078] (unitree_go) StdoutLine: {'line': b'-- Up-to-date: /home/orin2/ros2_ws/install/unitree_go/include/unitree_go/unitree_go/msg/detail/req__rosidl_typesupport_fastrtps_cpp.hpp\n'}
[1.650581] (unitree_go) StdoutLine: {'line': b'-- Up-to-date: /home/orin2/ros2_ws/install/unitree_go/include/unitree_go/unitree_go/msg/detail/res__rosidl_typesupport_fastrtps_cpp.hpp\n'}
[1.651039] (unitree_go) StdoutLine: {'line': b'-- Up-to-date: /home/orin2/ros2_ws/install/unitree_go/include/unitree_go/unitree_go/msg/detail/go2_front_video_data__rosidl_typesupport_fastrtps_cpp.hpp\n'}
[1.651228] (unitree_go) StdoutLine: {'line': b'-- Up-to-date: /home/orin2/ros2_ws/install/unitree_go/include/unitree_go/unitree_go/msg/detail/wireless_controller__rosidl_typesupport_fastrtps_cpp.hpp\n'}
[1.651367] (unitree_go) StdoutLine: {'line': b'-- Up-to-date: /home/orin2/ros2_ws/install/unitree_go/include/unitree_go/unitree_go/msg/detail/bms_cmd__rosidl_typesupport_fastrtps_cpp.hpp\n'}
[1.651548] (unitree_go) StdoutLine: {'line': b'-- Up-to-date: /home/orin2/ros2_ws/install/unitree_go/include/unitree_go/unitree_go/msg/detail/voxel_height_map_state__rosidl_typesupport_fastrtps_cpp.hpp\n'}
[1.651821] (unitree_go) StdoutLine: {'line': b'-- Up-to-date: /home/orin2/ros2_ws/install/unitree_go/include/unitree_go/unitree_go/msg/detail/motor_cmd__rosidl_typesupport_fastrtps_cpp.hpp\n'}
[1.652114] (unitree_go) StdoutLine: {'line': b'-- Up-to-date: /home/orin2/ros2_ws/install/unitree_go/include/unitree_go/unitree_go/msg/detail/motor_states__rosidl_typesupport_fastrtps_cpp.hpp\n'}
[1.652255] (unitree_go) StdoutLine: {'line': b'-- Up-to-date: /home/orin2/ros2_ws/install/unitree_go/include/unitree_go/unitree_go/msg/detail/bms_state__rosidl_typesupport_fastrtps_cpp.hpp\n'}
[1.652675] (unitree_go) StdoutLine: {'line': b'-- Up-to-date: /home/orin2/ros2_ws/install/unitree_go/include/unitree_go/unitree_go/msg/detail/dds_fastrtps\n'}
[1.652905] (unitree_go) StdoutLine: {'line': b'-- Up-to-date: /home/orin2/ros2_ws/install/unitree_go/include/unitree_go/unitree_go/msg/detail/error__rosidl_typesupport_fastrtps_cpp.hpp\n'}
[1.653115] (unitree_go) StdoutLine: {'line': b'-- Up-to-date: /home/orin2/ros2_ws/install/unitree_go/include/unitree_go/unitree_go/msg/detail/path_point__rosidl_typesupport_fastrtps_cpp.hpp\n'}
[1.653625] (unitree_go) StdoutLine: {'line': b'-- Up-to-date: /home/orin2/ros2_ws/install/unitree_go/include/unitree_go/unitree_go/msg/detail/motor_cmds__rosidl_typesupport_fastrtps_cpp.hpp\n'}
[1.653782] (unitree_go) StdoutLine: {'line': b'-- Up-to-date: /home/orin2/ros2_ws/install/unitree_go/include/unitree_go/unitree_go/msg/detail/sport_mode_cmd__rosidl_typesupport_fastrtps_cpp.hpp\n'}
[1.653952] (unitree_go) StdoutLine: {'line': b'-- Up-to-date: /home/orin2/ros2_ws/install/unitree_go/include/unitree_go/unitree_go/msg/detail/voxel_map_compressed__rosidl_typesupport_fastrtps_cpp.hpp\n'}
[1.654230] (unitree_go) StdoutLine: {'line': b'-- Up-to-date: /home/orin2/ros2_ws/install/unitree_go/include/unitree_go/unitree_go/msg/detail/interface_config__rosidl_typesupport_fastrtps_cpp.hpp\n'}
[1.654423] (unitree_go) StdoutLine: {'line': b'-- Up-to-date: /home/orin2/ros2_ws/install/unitree_go/include/unitree_go/unitree_go/msg/detail/sport_mode_state__rosidl_typesupport_fastrtps_cpp.hpp\n'}
[1.654679] (unitree_go) StdoutLine: {'line': b'-- Up-to-date: /home/orin2/ros2_ws/install/unitree_go/include/unitree_go/unitree_go/msg/detail/motor_state__rosidl_typesupport_fastrtps_cpp.hpp\n'}
[1.654962] (unitree_go) StdoutLine: {'line': b'-- Up-to-date: /home/orin2/ros2_ws/install/unitree_go/include/unitree_go/unitree_go/msg/detail/uwb_switch__rosidl_typesupport_fastrtps_cpp.hpp\n'}
[1.659165] (unitree_go) StdoutLine: {'line': b'-- Up-to-date: /home/orin2/ros2_ws/install/unitree_go/include/unitree_go/unitree_go/msg/detail/time_spec__rosidl_typesupport_fastrtps_cpp.hpp\n'}
[1.659892] (unitree_go) StdoutLine: {'line': b'-- Up-to-date: /home/orin2/ros2_ws/install/unitree_go/lib/libunitree_go__rosidl_typesupport_fastrtps_cpp.so\n'}
[1.660065] (unitree_go) StdoutLine: {'line': b'-- Up-to-date: /home/orin2/ros2_ws/install/unitree_go/include/unitree_go/unitree_go\n'}
[1.660279] (unitree_go) StdoutLine: {'line': b'-- Up-to-date: /home/orin2/ros2_ws/install/unitree_go/include/unitree_go/unitree_go/msg\n'}
[1.660558] (unitree_go) StdoutLine: {'line': b'-- Up-to-date: /home/orin2/ros2_ws/install/unitree_go/include/unitree_go/unitree_go/msg/detail\n'}
[1.660823] (unitree_go) StdoutLine: {'line': b'-- Up-to-date: /home/orin2/ros2_ws/install/unitree_go/include/unitree_go/unitree_go/msg/detail/uwb_state__type_support.cpp\n'}
[1.661281] (unitree_go) StdoutLine: {'line': b'-- Up-to-date: /home/orin2/ros2_ws/install/unitree_go/include/unitree_go/unitree_go/msg/detail/motor_cmds__rosidl_typesupport_introspection_cpp.hpp\n'}
[1.661431] (unitree_go) StdoutLine: {'line': b'-- Up-to-date: /home/orin2/ros2_ws/install/unitree_go/include/unitree_go/unitree_go/msg/detail/imu_state__type_support.cpp\n'}
[1.661608] (unitree_go) StdoutLine: {'line': b'-- Up-to-date: /home/orin2/ros2_ws/install/unitree_go/include/unitree_go/unitree_go/msg/detail/low_cmd__rosidl_typesupport_introspection_cpp.hpp\n'}
[1.661860] (unitree_go) StdoutLine: {'line': b'-- Up-to-date: /home/orin2/ros2_ws/install/unitree_go/include/unitree_go/unitree_go/msg/detail/go2_front_video_data__rosidl_typesupport_introspection_cpp.hpp\n'}
[1.662151] (unitree_go) StdoutLine: {'line': b'-- Up-to-date: /home/orin2/ros2_ws/install/unitree_go/include/unitree_go/unitree_go/msg/detail/error__type_support.cpp\n'}
[1.662756] (unitree_go) StdoutLine: {'line': b'-- Up-to-date: /home/orin2/ros2_ws/install/unitree_go/include/unitree_go/unitree_go/msg/detail/uwb_state__rosidl_typesupport_introspection_cpp.hpp\n'}
[1.662944] (unitree_go) StdoutLine: {'line': b'-- Up-to-date: /home/orin2/ros2_ws/install/unitree_go/include/unitree_go/unitree_go/msg/detail/wireless_controller__rosidl_typesupport_introspection_cpp.hpp\n'}
[1.663416] (unitree_go) StdoutLine: {'line': b'-- Up-to-date: /home/orin2/ros2_ws/install/unitree_go/include/unitree_go/unitree_go/msg/detail/audio_data__rosidl_typesupport_introspection_cpp.hpp\n'}
[1.663703] (unitree_go) StdoutLine: {'line': b'-- Up-to-date: /home/orin2/ros2_ws/install/unitree_go/include/unitree_go/unitree_go/msg/detail/lidar_state__type_support.cpp\n'}
[1.663907] (unitree_go) StdoutLine: {'line': b'-- Up-to-date: /home/orin2/ros2_ws/install/unitree_go/include/unitree_go/unitree_go/msg/detail/motor_cmd__type_support.cpp\n'}
[1.664656] (unitree_go) StdoutLine: {'line': b'-- Up-to-date: /home/orin2/ros2_ws/install/unitree_go/include/unitree_go/unitree_go/msg/detail/voxel_height_map_state__rosidl_typesupport_introspection_cpp.hpp\n'}
[1.664935] (unitree_go) StdoutLine: {'line': b'-- Up-to-date: /home/orin2/ros2_ws/install/unitree_go/include/unitree_go/unitree_go/msg/detail/go2_front_video_data__type_support.cpp\n'}
[1.665486] (unitree_go) StdoutLine: {'line': b'-- Up-to-date: /home/orin2/ros2_ws/install/unitree_go/include/unitree_go/unitree_go/msg/detail/wireless_controller__type_support.cpp\n'}
[1.665711] (unitree_go) StdoutLine: {'line': b'-- Up-to-date: /home/orin2/ros2_ws/install/unitree_go/include/unitree_go/unitree_go/msg/detail/motor_cmd__rosidl_typesupport_introspection_cpp.hpp\n'}
[1.666524] (unitree_go) StdoutLine: {'line': b'-- Up-to-date: /home/orin2/ros2_ws/install/unitree_go/include/unitree_go/unitree_go/msg/detail/height_map__rosidl_typesupport_introspection_cpp.hpp\n'}
[1.666992] (unitree_go) StdoutLine: {'line': b'-- Up-to-date: /home/orin2/ros2_ws/install/unitree_go/include/unitree_go/unitree_go/msg/detail/low_cmd__type_support.cpp\n'}
[1.667197] (unitree_go) StdoutLine: {'line': b'-- Up-to-date: /home/orin2/ros2_ws/install/unitree_go/include/unitree_go/unitree_go/msg/detail/sport_mode_state__rosidl_typesupport_introspection_cpp.hpp\n'}
[1.667579] (unitree_go) StdoutLine: {'line': b'-- Up-to-date: /home/orin2/ros2_ws/install/unitree_go/include/unitree_go/unitree_go/msg/detail/voxel_height_map_state__type_support.cpp\n'}
[1.668127] (unitree_go) StdoutLine: {'line': b'-- Up-to-date: /home/orin2/ros2_ws/install/unitree_go/include/unitree_go/unitree_go/msg/detail/uwb_switch__rosidl_typesupport_introspection_cpp.hpp\n'}
[1.668304] (unitree_go) StdoutLine: {'line': b'-- Up-to-date: /home/orin2/ros2_ws/install/unitree_go/include/unitree_go/unitree_go/msg/detail/voxel_map_compressed__type_support.cpp\n'}
[1.668504] (unitree_go) StdoutLine: {'line': b'-- Up-to-date: /home/orin2/ros2_ws/install/unitree_go/include/unitree_go/unitree_go/msg/detail/req__rosidl_typesupport_introspection_cpp.hpp\n'}
[1.668937] (unitree_go) StdoutLine: {'line': b'-- Up-to-date: /home/orin2/ros2_ws/install/unitree_go/include/unitree_go/unitree_go/msg/detail/low_state__type_support.cpp\n'}
[1.669618] (unitree_go) StdoutLine: {'line': b'-- Up-to-date: /home/orin2/ros2_ws/install/unitree_go/include/unitree_go/unitree_go/msg/detail/time_spec__rosidl_typesupport_introspection_cpp.hpp\n'}
[1.682599] (unitree_go) StdoutLine: {'line': b'-- Up-to-date: /home/orin2/ros2_ws/install/unitree_go/include/unitree_go/unitree_go/msg/detail/interface_config__type_support.cpp\n'}
[1.683021] (unitree_go) StdoutLine: {'line': b'-- Up-to-date: /home/orin2/ros2_ws/install/unitree_go/include/unitree_go/unitree_go/msg/detail/height_map__type_support.cpp\n'}
[1.683168] (unitree_go) StdoutLine: {'line': b'-- Up-to-date: /home/orin2/ros2_ws/install/unitree_go/include/unitree_go/unitree_go/msg/detail/path_point__type_support.cpp\n'}
[1.683291] (unitree_go) StdoutLine: {'line': b'-- Up-to-date: /home/orin2/ros2_ws/install/unitree_go/include/unitree_go/unitree_go/msg/detail/req__type_support.cpp\n'}
[1.683425] (unitree_go) StdoutLine: {'line': b'-- Up-to-date: /home/orin2/ros2_ws/install/unitree_go/include/unitree_go/unitree_go/msg/detail/low_state__rosidl_typesupport_introspection_cpp.hpp\n'}
[1.683542] (unitree_go) StdoutLine: {'line': b'-- Up-to-date: /home/orin2/ros2_ws/install/unitree_go/include/unitree_go/unitree_go/msg/detail/imu_state__rosidl_typesupport_introspection_cpp.hpp\n'}
[1.683662] (unitree_go) StdoutLine: {'line': b'-- Up-to-date: /home/orin2/ros2_ws/install/unitree_go/include/unitree_go/unitree_go/msg/detail/sport_mode_cmd__rosidl_typesupport_introspection_cpp.hpp\n'}
[1.683779] (unitree_go) StdoutLine: {'line': b'-- Up-to-date: /home/orin2/ros2_ws/install/unitree_go/include/unitree_go/unitree_go/msg/detail/bms_cmd__type_support.cpp\n'}
[1.683896] (unitree_go) StdoutLine: {'line': b'-- Up-to-date: /home/orin2/ros2_ws/install/unitree_go/include/unitree_go/unitree_go/msg/detail/path_point__rosidl_typesupport_introspection_cpp.hpp\n'}
[1.684784] (unitree_go) StdoutLine: {'line': b'-- Up-to-date: /home/orin2/ros2_ws/install/unitree_go/include/unitree_go/unitree_go/msg/detail/motor_state__rosidl_typesupport_introspection_cpp.hpp\n'}
[1.685386] (unitree_go) StdoutLine: {'line': b'-- Up-to-date: /home/orin2/ros2_ws/install/unitree_go/include/unitree_go/unitree_go/msg/detail/bms_state__type_support.cpp\n'}
[1.685551] (unitree_go) StdoutLine: {'line': b'-- Up-to-date: /home/orin2/ros2_ws/install/unitree_go/include/unitree_go/unitree_go/msg/detail/sport_mode_cmd__type_support.cpp\n'}
[1.685732] (unitree_go) StdoutLine: {'line': b'-- Up-to-date: /home/orin2/ros2_ws/install/unitree_go/include/unitree_go/unitree_go/msg/detail/motor_cmds__type_support.cpp\n'}
[1.687021] (unitree_go) StdoutLine: {'line': b'-- Up-to-date: /home/orin2/ros2_ws/install/unitree_go/include/unitree_go/unitree_go/msg/detail/time_spec__type_support.cpp\n'}
[1.687683] (unitree_go) StdoutLine: {'line': b'-- Up-to-date: /home/orin2/ros2_ws/install/unitree_go/include/unitree_go/unitree_go/msg/detail/uwb_switch__type_support.cpp\n'}
[1.688569] (unitree_go) StdoutLine: {'line': b'-- Up-to-date: /home/orin2/ros2_ws/install/unitree_go/include/unitree_go/unitree_go/msg/detail/audio_data__type_support.cpp\n'}
[1.688800] (unitree_go) StdoutLine: {'line': b'-- Up-to-date: /home/orin2/ros2_ws/install/unitree_go/include/unitree_go/unitree_go/msg/detail/motor_states__type_support.cpp\n'}
[1.692253] (unitree_go) StdoutLine: {'line': b'-- Up-to-date: /home/orin2/ros2_ws/install/unitree_go/include/unitree_go/unitree_go/msg/detail/sport_mode_state__type_support.cpp\n'}
[1.692975] (unitree_go) StdoutLine: {'line': b'-- Up-to-date: /home/orin2/ros2_ws/install/unitree_go/include/unitree_go/unitree_go/msg/detail/web_rtc_req__rosidl_typesupport_introspection_cpp.hpp\n'}
[1.693157] (unitree_go) StdoutLine: {'line': b'-- Up-to-date: /home/orin2/ros2_ws/install/unitree_go/include/unitree_go/unitree_go/msg/detail/motor_states__rosidl_typesupport_introspection_cpp.hpp\n'}
[1.693579] (unitree_go) StdoutLine: {'line': b'-- Up-to-date: /home/orin2/ros2_ws/install/unitree_go/include/unitree_go/unitree_go/msg/detail/motor_state__type_support.cpp\n'}
[1.694164] (unitree_go) StdoutLine: {'line': b'-- Up-to-date: /home/orin2/ros2_ws/install/unitree_go/include/unitree_go/unitree_go/msg/detail/bms_cmd__rosidl_typesupport_introspection_cpp.hpp\n'}
[1.694353] (unitree_go) StdoutLine: {'line': b'-- Up-to-date: /home/orin2/ros2_ws/install/unitree_go/include/unitree_go/unitree_go/msg/detail/web_rtc_req__type_support.cpp\n'}
[1.695161] (unitree_go) StdoutLine: {'line': b'-- Up-to-date: /home/orin2/ros2_ws/install/unitree_go/include/unitree_go/unitree_go/msg/detail/res__type_support.cpp\n'}
[1.699215] (unitree_go) StdoutLine: {'line': b'-- Up-to-date: /home/orin2/ros2_ws/install/unitree_go/include/unitree_go/unitree_go/msg/detail/lidar_state__rosidl_typesupport_introspection_cpp.hpp\n'}
[1.699459] (unitree_go) StdoutLine: {'line': b'-- Up-to-date: /home/orin2/ros2_ws/install/unitree_go/include/unitree_go/unitree_go/msg/detail/interface_config__rosidl_typesupport_introspection_cpp.hpp\n'}
[1.700353] (unitree_go) StdoutLine: {'line': b'-- Up-to-date: /home/orin2/ros2_ws/install/unitree_go/include/unitree_go/unitree_go/msg/detail/error__rosidl_typesupport_introspection_cpp.hpp\n'}
[1.700831] (unitree_go) StdoutLine: {'line': b'-- Up-to-date: /home/orin2/ros2_ws/install/unitree_go/include/unitree_go/unitree_go/msg/detail/res__rosidl_typesupport_introspection_cpp.hpp\n'}
[1.701249] (unitree_go) StdoutLine: {'line': b'-- Up-to-date: /home/orin2/ros2_ws/install/unitree_go/include/unitree_go/unitree_go/msg/detail/voxel_map_compressed__rosidl_typesupport_introspection_cpp.hpp\n'}
[1.701395] (unitree_go) StdoutLine: {'line': b'-- Up-to-date: /home/orin2/ros2_ws/install/unitree_go/include/unitree_go/unitree_go/msg/detail/bms_state__rosidl_typesupport_introspection_cpp.hpp\n'}
[1.701531] (unitree_go) StdoutLine: {'line': b'-- Up-to-date: /home/orin2/ros2_ws/install/unitree_go/lib/libunitree_go__rosidl_typesupport_introspection_cpp.so\n'}
[1.701716] (unitree_go) StdoutLine: {'line': b'-- Up-to-date: /home/orin2/ros2_ws/install/unitree_go/lib/libunitree_go__rosidl_typesupport_cpp.so\n'}
[1.701902] (unitree_go) StdoutLine: {'line': b'-- Up-to-date: /home/orin2/ros2_ws/install/unitree_go/share/unitree_go/environment/pythonpath.sh\n'}
[1.702567] (unitree_go) StdoutLine: {'line': b'-- Up-to-date: /home/orin2/ros2_ws/install/unitree_go/share/unitree_go/environment/pythonpath.dsv\n'}
[1.702716] (unitree_go) StdoutLine: {'line': b'-- Up-to-date: /home/orin2/ros2_ws/install/unitree_go/local/lib/python3.10/dist-packages/unitree_go-0.0.0-py3.10.egg-info\n'}
[1.704790] (unitree_go) StdoutLine: {'line': b'-- Installing: /home/orin2/ros2_ws/install/unitree_go/local/lib/python3.10/dist-packages/unitree_go-0.0.0-py3.10.egg-info/dependency_links.txt\n'}
[1.705649] (unitree_go) StdoutLine: {'line': b'-- Installing: /home/orin2/ros2_ws/install/unitree_go/local/lib/python3.10/dist-packages/unitree_go-0.0.0-py3.10.egg-info/SOURCES.txt\n'}
[1.706445] (unitree_go) StdoutLine: {'line': b'-- Installing: /home/orin2/ros2_ws/install/unitree_go/local/lib/python3.10/dist-packages/unitree_go-0.0.0-py3.10.egg-info/PKG-INFO\n'}
[1.707845] (unitree_go) StdoutLine: {'line': b'-- Installing: /home/orin2/ros2_ws/install/unitree_go/local/lib/python3.10/dist-packages/unitree_go-0.0.0-py3.10.egg-info/top_level.txt\n'}
[1.708045] (unitree_go) StdoutLine: {'line': b'-- Up-to-date: /home/orin2/ros2_ws/install/unitree_go/local/lib/python3.10/dist-packages/unitree_go\n'}
[1.708189] (unitree_go) StdoutLine: {'line': b'-- Up-to-date: /home/orin2/ros2_ws/install/unitree_go/local/lib/python3.10/dist-packages/unitree_go/_unitree_go_s.ep.rosidl_typesupport_c.c\n'}
[1.708320] (unitree_go) StdoutLine: {'line': b'-- Up-to-date: /home/orin2/ros2_ws/install/unitree_go/local/lib/python3.10/dist-packages/unitree_go/unitree_go_s__rosidl_typesupport_fastrtps_c.cpython-310-aarch64-linux-gnu.so\n'}
[1.708452] (unitree_go) StdoutLine: {'line': b'-- Up-to-date: /home/orin2/ros2_ws/install/unitree_go/local/lib/python3.10/dist-packages/unitree_go/_unitree_go_s.ep.rosidl_typesupport_introspection_c.c\n'}
[1.708577] (unitree_go) StdoutLine: {'line': b'-- Up-to-date: /home/orin2/ros2_ws/install/unitree_go/local/lib/python3.10/dist-packages/unitree_go/_unitree_go_s.ep.rosidl_typesupport_fastrtps_c.c\n'}
[1.708701] (unitree_go) StdoutLine: {'line': b'-- Up-to-date: /home/orin2/ros2_ws/install/unitree_go/local/lib/python3.10/dist-packages/unitree_go/libunitree_go__rosidl_generator_py.so\n'}
[1.708821] (unitree_go) StdoutLine: {'line': b'-- Up-to-date: /home/orin2/ros2_ws/install/unitree_go/local/lib/python3.10/dist-packages/unitree_go/unitree_go_s__rosidl_typesupport_c.cpython-310-aarch64-linux-gnu.so\n'}
[1.708941] (unitree_go) StdoutLine: {'line': b'-- Up-to-date: /home/orin2/ros2_ws/install/unitree_go/local/lib/python3.10/dist-packages/unitree_go/unitree_go_s__rosidl_typesupport_introspection_c.cpython-310-aarch64-linux-gnu.so\n'}
[1.709091] (unitree_go) StdoutLine: {'line': b'-- Up-to-date: /home/orin2/ros2_ws/install/unitree_go/local/lib/python3.10/dist-packages/unitree_go/msg\n'}
[1.709213] (unitree_go) StdoutLine: {'line': b'-- Up-to-date: /home/orin2/ros2_ws/install/unitree_go/local/lib/python3.10/dist-packages/unitree_go/msg/_go2_front_video_data_s.c\n'}
[1.709331] (unitree_go) StdoutLine: {'line': b'-- Up-to-date: /home/orin2/ros2_ws/install/unitree_go/local/lib/python3.10/dist-packages/unitree_go/msg/_req_s.c\n'}
[1.709445] (unitree_go) StdoutLine: {'line': b'-- Up-to-date: /home/orin2/ros2_ws/install/unitree_go/local/lib/python3.10/dist-packages/unitree_go/msg/_low_cmd.py\n'}
[1.709559] (unitree_go) StdoutLine: {'line': b'-- Up-to-date: /home/orin2/ros2_ws/install/unitree_go/local/lib/python3.10/dist-packages/unitree_go/msg/_uwb_switch_s.c\n'}
[1.709673] (unitree_go) StdoutLine: {'line': b'-- Up-to-date: /home/orin2/ros2_ws/install/unitree_go/local/lib/python3.10/dist-packages/unitree_go/msg/_motor_cmd.py\n'}
[1.709788] (unitree_go) StdoutLine: {'line': b'-- Up-to-date: /home/orin2/ros2_ws/install/unitree_go/local/lib/python3.10/dist-packages/unitree_go/msg/_sport_mode_cmd.py\n'}
[1.709950] (unitree_go) StdoutLine: {'line': b'-- Up-to-date: /home/orin2/ros2_ws/install/unitree_go/local/lib/python3.10/dist-packages/unitree_go/msg/_lidar_state.py\n'}
[1.710064] (unitree_go) StdoutLine: {'line': b'-- Up-to-date: /home/orin2/ros2_ws/install/unitree_go/local/lib/python3.10/dist-packages/unitree_go/msg/_motor_state.py\n'}
[1.710178] (unitree_go) StdoutLine: {'line': b'-- Up-to-date: /home/orin2/ros2_ws/install/unitree_go/local/lib/python3.10/dist-packages/unitree_go/msg/_uwb_state_s.c\n'}
[1.710355] (unitree_go) StdoutLine: {'line': b'-- Up-to-date: /home/orin2/ros2_ws/install/unitree_go/local/lib/python3.10/dist-packages/unitree_go/msg/_imu_state.py\n'}
[1.710478] (unitree_go) StdoutLine: {'line': b'-- Up-to-date: /home/orin2/ros2_ws/install/unitree_go/local/lib/python3.10/dist-packages/unitree_go/msg/_wireless_controller.py\n'}
[1.710598] (unitree_go) StdoutLine: {'line': b'-- Up-to-date: /home/orin2/ros2_ws/install/unitree_go/local/lib/python3.10/dist-packages/unitree_go/msg/_bms_cmd_s.c\n'}
[1.710713] (unitree_go) StdoutLine: {'line': b'-- Up-to-date: /home/orin2/ros2_ws/install/unitree_go/local/lib/python3.10/dist-packages/unitree_go/msg/_motor_cmds_s.c\n'}
[1.710828] (unitree_go) StdoutLine: {'line': b'-- Up-to-date: /home/orin2/ros2_ws/install/unitree_go/local/lib/python3.10/dist-packages/unitree_go/msg/_bms_state_s.c\n'}
[1.710941] (unitree_go) StdoutLine: {'line': b'-- Up-to-date: /home/orin2/ros2_ws/install/unitree_go/local/lib/python3.10/dist-packages/unitree_go/msg/_low_state.py\n'}
[1.711054] (unitree_go) StdoutLine: {'line': b'-- Up-to-date: /home/orin2/ros2_ws/install/unitree_go/local/lib/python3.10/dist-packages/unitree_go/msg/_low_state_s.c\n'}
[1.711170] (unitree_go) StdoutLine: {'line': b'-- Up-to-date: /home/orin2/ros2_ws/install/unitree_go/local/lib/python3.10/dist-packages/unitree_go/msg/_lidar_state_s.c\n'}
[1.711283] (unitree_go) StdoutLine: {'line': b'-- Up-to-date: /home/orin2/ros2_ws/install/unitree_go/local/lib/python3.10/dist-packages/unitree_go/msg/_go2_front_video_data.py\n'}
[1.711401] (unitree_go) StdoutLine: {'line': b'-- Up-to-date: /home/orin2/ros2_ws/install/unitree_go/local/lib/python3.10/dist-packages/unitree_go/msg/_audio_data_s.c\n'}
[1.711513] (unitree_go) StdoutLine: {'line': b'-- Up-to-date: /home/orin2/ros2_ws/install/unitree_go/local/lib/python3.10/dist-packages/unitree_go/msg/_interface_config.py\n'}
[1.711624] (unitree_go) StdoutLine: {'line': b'-- Up-to-date: /home/orin2/ros2_ws/install/unitree_go/local/lib/python3.10/dist-packages/unitree_go/msg/_uwb_state.py\n'}
[1.711747] (unitree_go) StdoutLine: {'line': b'-- Up-to-date: /home/orin2/ros2_ws/install/unitree_go/local/lib/python3.10/dist-packages/unitree_go/msg/_res.py\n'}
[1.711862] (unitree_go) StdoutLine: {'line': b'-- Up-to-date: /home/orin2/ros2_ws/install/unitree_go/local/lib/python3.10/dist-packages/unitree_go/msg/_voxel_map_compressed.py\n'}
[1.711976] (unitree_go) StdoutLine: {'line': b'-- Up-to-date: /home/orin2/ros2_ws/install/unitree_go/local/lib/python3.10/dist-packages/unitree_go/msg/_sport_mode_state.py\n'}
[1.712093] (unitree_go) StdoutLine: {'line': b'-- Up-to-date: /home/orin2/ros2_ws/install/unitree_go/local/lib/python3.10/dist-packages/unitree_go/msg/_sport_mode_state_s.c\n'}
[1.712206] (unitree_go) StdoutLine: {'line': b'-- Up-to-date: /home/orin2/ros2_ws/install/unitree_go/local/lib/python3.10/dist-packages/unitree_go/msg/_voxel_height_map_state.py\n'}
[1.712320] (unitree_go) StdoutLine: {'line': b'-- Up-to-date: /home/orin2/ros2_ws/install/unitree_go/local/lib/python3.10/dist-packages/unitree_go/msg/_bms_state.py\n'}
[1.712433] (unitree_go) StdoutLine: {'line': b'-- Up-to-date: /home/orin2/ros2_ws/install/unitree_go/local/lib/python3.10/dist-packages/unitree_go/msg/_error.py\n'}
[1.712546] (unitree_go) StdoutLine: {'line': b'-- Up-to-date: /home/orin2/ros2_ws/install/unitree_go/local/lib/python3.10/dist-packages/unitree_go/msg/_motor_cmd_s.c\n'}
[1.712677] (unitree_go) StdoutLine: {'line': b'-- Up-to-date: /home/orin2/ros2_ws/install/unitree_go/local/lib/python3.10/dist-packages/unitree_go/msg/_audio_data.py\n'}
[1.712830] (unitree_go) StdoutLine: {'line': b'-- Up-to-date: /home/orin2/ros2_ws/install/unitree_go/local/lib/python3.10/dist-packages/unitree_go/msg/_sport_mode_cmd_s.c\n'}
[1.712948] (unitree_go) StdoutLine: {'line': b'-- Up-to-date: /home/orin2/ros2_ws/install/unitree_go/local/lib/python3.10/dist-packages/unitree_go/msg/_voxel_map_compressed_s.c\n'}
[1.713064] (unitree_go) StdoutLine: {'line': b'-- Up-to-date: /home/orin2/ros2_ws/install/unitree_go/local/lib/python3.10/dist-packages/unitree_go/msg/_imu_state_s.c\n'}
[1.713179] (unitree_go) StdoutLine: {'line': b'-- Up-to-date: /home/orin2/ros2_ws/install/unitree_go/local/lib/python3.10/dist-packages/unitree_go/msg/_motor_states_s.c\n'}
[1.713297] (unitree_go) StdoutLine: {'line': b'-- Up-to-date: /home/orin2/ros2_ws/install/unitree_go/local/lib/python3.10/dist-packages/unitree_go/msg/_web_rtc_req.py\n'}
[1.713411] (unitree_go) StdoutLine: {'line': b'-- Up-to-date: /home/orin2/ros2_ws/install/unitree_go/local/lib/python3.10/dist-packages/unitree_go/msg/_motor_state_s.c\n'}
[1.713531] (unitree_go) StdoutLine: {'line': b'-- Up-to-date: /home/orin2/ros2_ws/install/unitree_go/local/lib/python3.10/dist-packages/unitree_go/msg/_web_rtc_req_s.c\n'}
[1.713654] (unitree_go) StdoutLine: {'line': b'-- Up-to-date: /home/orin2/ros2_ws/install/unitree_go/local/lib/python3.10/dist-packages/unitree_go/msg/_low_cmd_s.c\n'}
[1.713770] (unitree_go) StdoutLine: {'line': b'-- Up-to-date: /home/orin2/ros2_ws/install/unitree_go/local/lib/python3.10/dist-packages/unitree_go/msg/_req.py\n'}
[1.713882] (unitree_go) StdoutLine: {'line': b'-- Up-to-date: /home/orin2/ros2_ws/install/unitree_go/local/lib/python3.10/dist-packages/unitree_go/msg/__init__.py\n'}
[1.714024] (unitree_go) StdoutLine: {'line': b'-- Up-to-date: /home/orin2/ros2_ws/install/unitree_go/local/lib/python3.10/dist-packages/unitree_go/msg/_height_map_s.c\n'}
[1.714140] (unitree_go) StdoutLine: {'line': b'-- Up-to-date: /home/orin2/ros2_ws/install/unitree_go/local/lib/python3.10/dist-packages/unitree_go/msg/_wireless_controller_s.c\n'}
[1.714289] (unitree_go) StdoutLine: {'line': b'-- Up-to-date: /home/orin2/ros2_ws/install/unitree_go/local/lib/python3.10/dist-packages/unitree_go/msg/_motor_states.py\n'}
[1.714419] (unitree_go) StdoutLine: {'line': b'-- Up-to-date: /home/orin2/ros2_ws/install/unitree_go/local/lib/python3.10/dist-packages/unitree_go/msg/_uwb_switch.py\n'}
[1.714534] (unitree_go) StdoutLine: {'line': b'-- Up-to-date: /home/orin2/ros2_ws/install/unitree_go/local/lib/python3.10/dist-packages/unitree_go/msg/_interface_config_s.c\n'}
[1.714654] (unitree_go) StdoutLine: {'line': b'-- Up-to-date: /home/orin2/ros2_ws/install/unitree_go/local/lib/python3.10/dist-packages/unitree_go/msg/_path_point_s.c\n'}
[1.714766] (unitree_go) StdoutLine: {'line': b'-- Up-to-date: /home/orin2/ros2_ws/install/unitree_go/local/lib/python3.10/dist-packages/unitree_go/msg/_path_point.py\n'}
[1.714880] (unitree_go) StdoutLine: {'line': b'-- Up-to-date: /home/orin2/ros2_ws/install/unitree_go/local/lib/python3.10/dist-packages/unitree_go/msg/_motor_cmds.py\n'}
[1.714994] (unitree_go) StdoutLine: {'line': b'-- Up-to-date: /home/orin2/ros2_ws/install/unitree_go/local/lib/python3.10/dist-packages/unitree_go/msg/_time_spec.py\n'}
[1.715107] (unitree_go) StdoutLine: {'line': b'-- Up-to-date: /home/orin2/ros2_ws/install/unitree_go/local/lib/python3.10/dist-packages/unitree_go/msg/_bms_cmd.py\n'}
[1.715219] (unitree_go) StdoutLine: {'line': b'-- Up-to-date: /home/orin2/ros2_ws/install/unitree_go/local/lib/python3.10/dist-packages/unitree_go/msg/_res_s.c\n'}
[1.715331] (unitree_go) StdoutLine: {'line': b'-- Up-to-date: /home/orin2/ros2_ws/install/unitree_go/local/lib/python3.10/dist-packages/unitree_go/msg/_height_map.py\n'}
[1.715443] (unitree_go) StdoutLine: {'line': b'-- Up-to-date: /home/orin2/ros2_ws/install/unitree_go/local/lib/python3.10/dist-packages/unitree_go/msg/_error_s.c\n'}
[1.715568] (unitree_go) StdoutLine: {'line': b'-- Up-to-date: /home/orin2/ros2_ws/install/unitree_go/local/lib/python3.10/dist-packages/unitree_go/msg/_voxel_height_map_state_s.c\n'}
[1.715710] (unitree_go) StdoutLine: {'line': b'-- Up-to-date: /home/orin2/ros2_ws/install/unitree_go/local/lib/python3.10/dist-packages/unitree_go/msg/_time_spec_s.c\n'}
[1.715825] (unitree_go) StdoutLine: {'line': b'-- Up-to-date: /home/orin2/ros2_ws/install/unitree_go/local/lib/python3.10/dist-packages/unitree_go/__init__.py\n'}
[1.715941] (go2_interfaces) StdoutLine: {'line': b"Listing '/home/orin2/ros2_ws/install/go2_interfaces/local/lib/python3.10/dist-packages/go2_interfaces'...\n"}
[1.716089] (go2_interfaces) StdoutLine: {'line': b"Listing '/home/orin2/ros2_ws/install/go2_interfaces/local/lib/python3.10/dist-packages/go2_interfaces/msg'...\n"}
[1.716205] (go2_interfaces) StdoutLine: {'line': b'-- Up-to-date: /home/orin2/ros2_ws/install/go2_interfaces/local/lib/python3.10/dist-packages/go2_interfaces/go2_interfaces_s__rosidl_typesupport_fastrtps_c.cpython-310-aarch64-linux-gnu.so\n'}
[1.716328] (go2_interfaces) StdoutLine: {'line': b'-- Up-to-date: /home/orin2/ros2_ws/install/go2_interfaces/local/lib/python3.10/dist-packages/go2_interfaces/go2_interfaces_s__rosidl_typesupport_introspection_c.cpython-310-aarch64-linux-gnu.so\n'}
[1.716450] (go2_interfaces) StdoutLine: {'line': b'-- Up-to-date: /home/orin2/ros2_ws/install/go2_interfaces/local/lib/python3.10/dist-packages/go2_interfaces/go2_interfaces_s__rosidl_typesupport_c.cpython-310-aarch64-linux-gnu.so\n'}
[1.716578] (go2_interfaces) StdoutLine: {'line': b'-- Up-to-date: /home/orin2/ros2_ws/install/go2_interfaces/lib/libgo2_interfaces__rosidl_generator_py.so\n'}
[1.716726] (go2_interfaces) StdoutLine: {'line': b'-- Up-to-date: /home/orin2/ros2_ws/install/go2_interfaces/share/go2_interfaces/msg/Go2Cmd.idl\n'}
[1.716847] (go2_interfaces) StdoutLine: {'line': b'-- Up-to-date: /home/orin2/ros2_ws/install/go2_interfaces/share/go2_interfaces/msg/Go2State.idl\n'}
[1.716961] (go2_interfaces) StdoutLine: {'line': b'-- Up-to-date: /home/orin2/ros2_ws/install/go2_interfaces/share/go2_interfaces/msg/Go2Move.idl\n'}
[1.717075] (go2_interfaces) StdoutLine: {'line': b'-- Up-to-date: /home/orin2/ros2_ws/install/go2_interfaces/share/go2_interfaces/msg/Go2RpyCmd.idl\n'}
[1.717190] (go2_interfaces) StdoutLine: {'line': b'-- Up-to-date: /home/orin2/ros2_ws/install/go2_interfaces/share/go2_interfaces/msg/IMU.idl\n'}
[1.717307] (go2_interfaces) StdoutLine: {'line': b'-- Up-to-date: /home/orin2/ros2_ws/install/go2_interfaces/share/go2_interfaces/msg/Go2Cmd.msg\n'}
[1.717418] (go2_interfaces) StdoutLine: {'line': b'-- Up-to-date: /home/orin2/ros2_ws/install/go2_interfaces/share/go2_interfaces/msg/Go2State.msg\n'}
[1.717535] (go2_interfaces) StdoutLine: {'line': b'-- Up-to-date: /home/orin2/ros2_ws/install/go2_interfaces/share/go2_interfaces/msg/Go2Move.msg\n'}
[1.717647] (go2_interfaces) StdoutLine: {'line': b'-- Up-to-date: /home/orin2/ros2_ws/install/go2_interfaces/share/go2_interfaces/msg/Go2RpyCmd.msg\n'}
[1.717756] (go2_interfaces) StdoutLine: {'line': b'-- Up-to-date: /home/orin2/ros2_ws/install/go2_interfaces/share/go2_interfaces/msg/IMU.msg\n'}
[1.717867] (go2_interfaces) StdoutLine: {'line': b'-- Up-to-date: /home/orin2/ros2_ws/install/go2_interfaces/share/ament_index/resource_index/package_run_dependencies/go2_interfaces\n'}
[1.717982] (go2_interfaces) StdoutLine: {'line': b'-- Up-to-date: /home/orin2/ros2_ws/install/go2_interfaces/share/ament_index/resource_index/parent_prefix_path/go2_interfaces\n'}
[1.722755] (-) TimerEvent: {}
[1.726387] (go2_interfaces) StdoutLine: {'line': b'-- Up-to-date: /home/orin2/ros2_ws/install/go2_interfaces/share/go2_interfaces/environment/ament_prefix_path.sh\n'}
[1.726779] (go2_interfaces) StdoutLine: {'line': b'-- Up-to-date: /home/orin2/ros2_ws/install/go2_interfaces/share/go2_interfaces/environment/ament_prefix_path.dsv\n'}
[1.726934] (go2_interfaces) StdoutLine: {'line': b'-- Up-to-date: /home/orin2/ros2_ws/install/go2_interfaces/share/go2_interfaces/environment/path.sh\n'}
[1.727085] (go2_interfaces) StdoutLine: {'line': b'-- Up-to-date: /home/orin2/ros2_ws/install/go2_interfaces/share/go2_interfaces/environment/path.dsv\n'}
[1.727250] (go2_interfaces) StdoutLine: {'line': b'-- Up-to-date: /home/orin2/ros2_ws/install/go2_interfaces/share/go2_interfaces/local_setup.bash\n'}
[1.727371] (go2_interfaces) StdoutLine: {'line': b'-- Up-to-date: /home/orin2/ros2_ws/install/go2_interfaces/share/go2_interfaces/local_setup.sh\n'}
[1.727487] (go2_interfaces) StdoutLine: {'line': b'-- Up-to-date: /home/orin2/ros2_ws/install/go2_interfaces/share/go2_interfaces/local_setup.zsh\n'}
[1.727720] (go2_interfaces) StdoutLine: {'line': b'-- Up-to-date: /home/orin2/ros2_ws/install/go2_interfaces/share/go2_interfaces/local_setup.dsv\n'}
[1.728126] (go2_interfaces) StdoutLine: {'line': b'-- Installing: /home/orin2/ros2_ws/install/go2_interfaces/share/go2_interfaces/package.dsv\n'}
[1.728265] (go2_interfaces) StdoutLine: {'line': b'-- Up-to-date: /home/orin2/ros2_ws/install/go2_interfaces/share/ament_index/resource_index/packages/go2_interfaces\n'}
[1.728386] (go2_interfaces) StdoutLine: {'line': b'-- Up-to-date: /home/orin2/ros2_ws/install/go2_interfaces/share/go2_interfaces/cmake/export_go2_interfaces__rosidl_generator_cExport.cmake\n'}
[1.728502] (go2_interfaces) StdoutLine: {'line': b'-- Up-to-date: /home/orin2/ros2_ws/install/go2_interfaces/share/go2_interfaces/cmake/export_go2_interfaces__rosidl_generator_cExport-noconfig.cmake\n'}
[1.728668] (go2_interfaces) StdoutLine: {'line': b'-- Up-to-date: /home/orin2/ros2_ws/install/go2_interfaces/share/go2_interfaces/cmake/export_go2_interfaces__rosidl_typesupport_fastrtps_cExport.cmake\n'}
[1.728787] (go2_interfaces) StdoutLine: {'line': b'-- Up-to-date: /home/orin2/ros2_ws/install/go2_interfaces/share/go2_interfaces/cmake/export_go2_interfaces__rosidl_typesupport_fastrtps_cExport-noconfig.cmake\n'}
[1.728902] (go2_interfaces) StdoutLine: {'line': b'-- Up-to-date: /home/orin2/ros2_ws/install/go2_interfaces/share/go2_interfaces/cmake/export_go2_interfaces__rosidl_generator_cppExport.cmake\n'}
[1.729029] (go2_interfaces) StdoutLine: {'line': b'-- Up-to-date: /home/orin2/ros2_ws/install/go2_interfaces/share/go2_interfaces/cmake/export_go2_interfaces__rosidl_typesupport_fastrtps_cppExport.cmake\n'}
[1.729140] (go2_interfaces) StdoutLine: {'line': b'-- Up-to-date: /home/orin2/ros2_ws/install/go2_interfaces/share/go2_interfaces/cmake/export_go2_interfaces__rosidl_typesupport_fastrtps_cppExport-noconfig.cmake\n'}
[1.729252] (go2_interfaces) StdoutLine: {'line': b'-- Up-to-date: /home/orin2/ros2_ws/install/go2_interfaces/share/go2_interfaces/cmake/go2_interfaces__rosidl_typesupport_introspection_cExport.cmake\n'}
[1.729360] (go2_interfaces) StdoutLine: {'line': b'-- Up-to-date: /home/orin2/ros2_ws/install/go2_interfaces/share/go2_interfaces/cmake/go2_interfaces__rosidl_typesupport_introspection_cExport-noconfig.cmake\n'}
[1.729490] (go2_interfaces) StdoutLine: {'line': b'-- Up-to-date: /home/orin2/ros2_ws/install/go2_interfaces/share/go2_interfaces/cmake/go2_interfaces__rosidl_typesupport_cExport.cmake\n'}
[1.729699] (go2_interfaces) StdoutLine: {'line': b'-- Up-to-date: /home/orin2/ros2_ws/install/go2_interfaces/share/go2_interfaces/cmake/go2_interfaces__rosidl_typesupport_cExport-noconfig.cmake\n'}
[1.730102] (go2_interfaces) StdoutLine: {'line': b'-- Up-to-date: /home/orin2/ros2_ws/install/go2_interfaces/share/go2_interfaces/cmake/go2_interfaces__rosidl_typesupport_introspection_cppExport.cmake\n'}
[1.730337] (go2_interfaces) StdoutLine: {'line': b'-- Up-to-date: /home/orin2/ros2_ws/install/go2_interfaces/share/go2_interfaces/cmake/go2_interfaces__rosidl_typesupport_introspection_cppExport-noconfig.cmake\n'}
[1.730520] (go2_interfaces) StdoutLine: {'line': b'-- Up-to-date: /home/orin2/ros2_ws/install/go2_interfaces/share/go2_interfaces/cmake/go2_interfaces__rosidl_typesupport_cppExport.cmake\n'}
[1.734835] (go2_interfaces) StdoutLine: {'line': b'-- Up-to-date: /home/orin2/ros2_ws/install/go2_interfaces/share/go2_interfaces/cmake/go2_interfaces__rosidl_typesupport_cppExport-noconfig.cmake\n'}
[1.735850] (go2_interfaces) StdoutLine: {'line': b'-- Up-to-date: /home/orin2/ros2_ws/install/go2_interfaces/share/go2_interfaces/cmake/export_go2_interfaces__rosidl_generator_pyExport.cmake\n'}
[1.736490] (go2_interfaces) StdoutLine: {'line': b'-- Up-to-date: /home/orin2/ros2_ws/install/go2_interfaces/share/go2_interfaces/cmake/export_go2_interfaces__rosidl_generator_pyExport-noconfig.cmake\n'}
[1.737800] (go2_interfaces) StdoutLine: {'line': b'-- Up-to-date: /home/orin2/ros2_ws/install/go2_interfaces/share/go2_interfaces/cmake/rosidl_cmake-extras.cmake\n'}
[1.737994] (go2_interfaces) StdoutLine: {'line': b'-- Up-to-date: /home/orin2/ros2_ws/install/go2_interfaces/share/go2_interfaces/cmake/ament_cmake_export_dependencies-extras.cmake\n'}
[1.738137] (go2_interfaces) StdoutLine: {'line': b'-- Up-to-date: /home/orin2/ros2_ws/install/go2_interfaces/share/go2_interfaces/cmake/ament_cmake_export_include_directories-extras.cmake\n'}
[1.738291] (go2_interfaces) StdoutLine: {'line': b'-- Up-to-date: /home/orin2/ros2_ws/install/go2_interfaces/share/go2_interfaces/cmake/ament_cmake_export_libraries-extras.cmake\n'}
[1.738421] (go2_interfaces) StdoutLine: {'line': b'-- Up-to-date: /home/orin2/ros2_ws/install/go2_interfaces/share/go2_interfaces/cmake/ament_cmake_export_targets-extras.cmake\n'}
[1.738551] (go2_interfaces) StdoutLine: {'line': b'-- Up-to-date: /home/orin2/ros2_ws/install/go2_interfaces/share/go2_interfaces/cmake/rosidl_cmake_export_typesupport_targets-extras.cmake\n'}
[1.738668] (go2_interfaces) StdoutLine: {'line': b'-- Up-to-date: /home/orin2/ros2_ws/install/go2_interfaces/share/go2_interfaces/cmake/rosidl_cmake_export_typesupport_libraries-extras.cmake\n'}
[1.738780] (go2_interfaces) StdoutLine: {'line': b'-- Up-to-date: /home/orin2/ros2_ws/install/go2_interfaces/share/go2_interfaces/cmake/go2_interfacesConfig.cmake\n'}
[1.738917] (go2_interfaces) StdoutLine: {'line': b'-- Up-to-date: /home/orin2/ros2_ws/install/go2_interfaces/share/go2_interfaces/cmake/go2_interfacesConfig-version.cmake\n'}
[1.739033] (go2_interfaces) StdoutLine: {'line': b'-- Up-to-date: /home/orin2/ros2_ws/install/go2_interfaces/share/go2_interfaces/package.xml\n'}
[1.739147] (go2_interfaces) CommandEnded: {'returncode': 0}
[1.740140] (unitree_go) StdoutLine: {'line': b"Listing '/home/orin2/ros2_ws/install/unitree_go/local/lib/python3.10/dist-packages/unitree_go'...\n"}
[1.740338] (unitree_go) StdoutLine: {'line': b"Listing '/home/orin2/ros2_ws/install/unitree_go/local/lib/python3.10/dist-packages/unitree_go/msg'...\n"}
[1.740474] (unitree_go) StdoutLine: {'line': b'-- Up-to-date: /home/orin2/ros2_ws/install/unitree_go/local/lib/python3.10/dist-packages/unitree_go/unitree_go_s__rosidl_typesupport_fastrtps_c.cpython-310-aarch64-linux-gnu.so\n'}
[1.740597] (unitree_go) StdoutLine: {'line': b'-- Up-to-date: /home/orin2/ros2_ws/install/unitree_go/local/lib/python3.10/dist-packages/unitree_go/unitree_go_s__rosidl_typesupport_introspection_c.cpython-310-aarch64-linux-gnu.so\n'}
[1.740715] (unitree_go) StdoutLine: {'line': b'-- Up-to-date: /home/orin2/ros2_ws/install/unitree_go/local/lib/python3.10/dist-packages/unitree_go/unitree_go_s__rosidl_typesupport_c.cpython-310-aarch64-linux-gnu.so\n'}
[1.740855] (unitree_go) StdoutLine: {'line': b'-- Up-to-date: /home/orin2/ros2_ws/install/unitree_go/lib/libunitree_go__rosidl_generator_py.so\n'}
[1.740971] (unitree_go) StdoutLine: {'line': b'-- Up-to-date: /home/orin2/ros2_ws/install/unitree_go/share/unitree_go/msg/AudioData.idl\n'}
[1.741081] (unitree_go) StdoutLine: {'line': b'-- Up-to-date: /home/orin2/ros2_ws/install/unitree_go/share/unitree_go/msg/BmsCmd.idl\n'}
[1.741191] (unitree_go) StdoutLine: {'line': b'-- Up-to-date: /home/orin2/ros2_ws/install/unitree_go/share/unitree_go/msg/BmsState.idl\n'}
[1.741299] (unitree_go) StdoutLine: {'line': b'-- Up-to-date: /home/orin2/ros2_ws/install/unitree_go/share/unitree_go/msg/Error.idl\n'}
[1.741412] (unitree_go) StdoutLine: {'line': b'-- Up-to-date: /home/orin2/ros2_ws/install/unitree_go/share/unitree_go/msg/Go2FrontVideoData.idl\n'}
[1.741519] (unitree_go) StdoutLine: {'line': b'-- Up-to-date: /home/orin2/ros2_ws/install/unitree_go/share/unitree_go/msg/HeightMap.idl\n'}
[1.741645] (unitree_go) StdoutLine: {'line': b'-- Up-to-date: /home/orin2/ros2_ws/install/unitree_go/share/unitree_go/msg/IMUState.idl\n'}
[1.741753] (unitree_go) StdoutLine: {'line': b'-- Up-to-date: /home/orin2/ros2_ws/install/unitree_go/share/unitree_go/msg/InterfaceConfig.idl\n'}
[1.741861] (unitree_go) StdoutLine: {'line': b'-- Up-to-date: /home/orin2/ros2_ws/install/unitree_go/share/unitree_go/msg/LidarState.idl\n'}
[1.741966] (unitree_go) StdoutLine: {'line': b'-- Up-to-date: /home/orin2/ros2_ws/install/unitree_go/share/unitree_go/msg/LowCmd.idl\n'}
[1.742072] (unitree_go) StdoutLine: {'line': b'-- Up-to-date: /home/orin2/ros2_ws/install/unitree_go/share/unitree_go/msg/LowState.idl\n'}
[1.742178] (unitree_go) StdoutLine: {'line': b'-- Up-to-date: /home/orin2/ros2_ws/install/unitree_go/share/unitree_go/msg/MotorCmd.idl\n'}
[1.742332] (unitree_go) StdoutLine: {'line': b'-- Up-to-date: /home/orin2/ros2_ws/install/unitree_go/share/unitree_go/msg/MotorCmds.idl\n'}
[1.742446] (unitree_go) StdoutLine: {'line': b'-- Up-to-date: /home/orin2/ros2_ws/install/unitree_go/share/unitree_go/msg/MotorState.idl\n'}
[1.742555] (unitree_go) StdoutLine: {'line': b'-- Up-to-date: /home/orin2/ros2_ws/install/unitree_go/share/unitree_go/msg/MotorStates.idl\n'}
[1.742694] (unitree_go) StdoutLine: {'line': b'-- Up-to-date: /home/orin2/ros2_ws/install/unitree_go/share/unitree_go/msg/PathPoint.idl\n'}
[1.742804] (unitree_go) StdoutLine: {'line': b'-- Up-to-date: /home/orin2/ros2_ws/install/unitree_go/share/unitree_go/msg/Req.idl\n'}
[1.742912] (unitree_go) StdoutLine: {'line': b'-- Up-to-date: /home/orin2/ros2_ws/install/unitree_go/share/unitree_go/msg/Res.idl\n'}
[1.743020] (unitree_go) StdoutLine: {'line': b'-- Up-to-date: /home/orin2/ros2_ws/install/unitree_go/share/unitree_go/msg/SportModeCmd.idl\n'}
[1.743124] (unitree_go) StdoutLine: {'line': b'-- Up-to-date: /home/orin2/ros2_ws/install/unitree_go/share/unitree_go/msg/SportModeState.idl\n'}
[1.743236] (unitree_go) StdoutLine: {'line': b'-- Up-to-date: /home/orin2/ros2_ws/install/unitree_go/share/unitree_go/msg/TimeSpec.idl\n'}
[1.743345] (unitree_go) StdoutLine: {'line': b'-- Up-to-date: /home/orin2/ros2_ws/install/unitree_go/share/unitree_go/msg/UwbState.idl\n'}
[1.743451] (unitree_go) StdoutLine: {'line': b'-- Up-to-date: /home/orin2/ros2_ws/install/unitree_go/share/unitree_go/msg/UwbSwitch.idl\n'}
[1.743557] (unitree_go) StdoutLine: {'line': b'-- Up-to-date: /home/orin2/ros2_ws/install/unitree_go/share/unitree_go/msg/VoxelMapCompressed.idl\n'}
[1.743664] (unitree_go) StdoutLine: {'line': b'-- Up-to-date: /home/orin2/ros2_ws/install/unitree_go/share/unitree_go/msg/VoxelHeightMapState.idl\n'}
[1.743770] (unitree_go) StdoutLine: {'line': b'-- Up-to-date: /home/orin2/ros2_ws/install/unitree_go/share/unitree_go/msg/WebRtcReq.idl\n'}
[1.743876] (unitree_go) StdoutLine: {'line': b'-- Up-to-date: /home/orin2/ros2_ws/install/unitree_go/share/unitree_go/msg/WirelessController.idl\n'}
[1.743982] (unitree_go) StdoutLine: {'line': b'-- Up-to-date: /home/orin2/ros2_ws/install/unitree_go/share/unitree_go/msg/AudioData.msg\n'}
[1.744094] (unitree_go) StdoutLine: {'line': b'-- Up-to-date: /home/orin2/ros2_ws/install/unitree_go/share/unitree_go/msg/BmsCmd.msg\n'}
[1.744203] (unitree_go) StdoutLine: {'line': b'-- Up-to-date: /home/orin2/ros2_ws/install/unitree_go/share/unitree_go/msg/BmsState.msg\n'}
[1.744312] (unitree_go) StdoutLine: {'line': b'-- Up-to-date: /home/orin2/ros2_ws/install/unitree_go/share/unitree_go/msg/Error.msg\n'}
[1.744417] (unitree_go) StdoutLine: {'line': b'-- Up-to-date: /home/orin2/ros2_ws/install/unitree_go/share/unitree_go/msg/Go2FrontVideoData.msg\n'}
[1.744523] (unitree_go) StdoutLine: {'line': b'-- Up-to-date: /home/orin2/ros2_ws/install/unitree_go/share/unitree_go/msg/HeightMap.msg\n'}
[1.744650] (unitree_go) StdoutLine: {'line': b'-- Up-to-date: /home/orin2/ros2_ws/install/unitree_go/share/unitree_go/msg/IMUState.msg\n'}
[1.744763] (unitree_go) StdoutLine: {'line': b'-- Up-to-date: /home/orin2/ros2_ws/install/unitree_go/share/unitree_go/msg/InterfaceConfig.msg\n'}
[1.744891] (unitree_go) StdoutLine: {'line': b'-- Up-to-date: /home/orin2/ros2_ws/install/unitree_go/share/unitree_go/msg/LidarState.msg\n'}
[1.745006] (unitree_go) StdoutLine: {'line': b'-- Up-to-date: /home/orin2/ros2_ws/install/unitree_go/share/unitree_go/msg/LowCmd.msg\n'}
[1.745117] (unitree_go) StdoutLine: {'line': b'-- Up-to-date: /home/orin2/ros2_ws/install/unitree_go/share/unitree_go/msg/LowState.msg\n'}
[1.745226] (unitree_go) StdoutLine: {'line': b'-- Up-to-date: /home/orin2/ros2_ws/install/unitree_go/share/unitree_go/msg/MotorCmd.msg\n'}
[1.745332] (unitree_go) StdoutLine: {'line': b'-- Up-to-date: /home/orin2/ros2_ws/install/unitree_go/share/unitree_go/msg/MotorCmds.msg\n'}
[1.745452] (unitree_go) StdoutLine: {'line': b'-- Up-to-date: /home/orin2/ros2_ws/install/unitree_go/share/unitree_go/msg/MotorState.msg\n'}
[1.745562] (unitree_go) StdoutLine: {'line': b'-- Up-to-date: /home/orin2/ros2_ws/install/unitree_go/share/unitree_go/msg/MotorStates.msg\n'}
[1.745669] (unitree_go) StdoutLine: {'line': b'-- Up-to-date: /home/orin2/ros2_ws/install/unitree_go/share/unitree_go/msg/PathPoint.msg\n'}
[1.745777] (unitree_go) StdoutLine: {'line': b'-- Up-to-date: /home/orin2/ros2_ws/install/unitree_go/share/unitree_go/msg/Req.msg\n'}
[1.745891] (unitree_go) StdoutLine: {'line': b'-- Up-to-date: /home/orin2/ros2_ws/install/unitree_go/share/unitree_go/msg/Res.msg\n'}
[1.745998] (unitree_go) StdoutLine: {'line': b'-- Up-to-date: /home/orin2/ros2_ws/install/unitree_go/share/unitree_go/msg/SportModeCmd.msg\n'}
[1.746104] (unitree_go) StdoutLine: {'line': b'-- Up-to-date: /home/orin2/ros2_ws/install/unitree_go/share/unitree_go/msg/SportModeState.msg\n'}
[1.746212] (unitree_go) StdoutLine: {'line': b'-- Up-to-date: /home/orin2/ros2_ws/install/unitree_go/share/unitree_go/msg/TimeSpec.msg\n'}
[1.746351] (unitree_go) StdoutLine: {'line': b'-- Up-to-date: /home/orin2/ros2_ws/install/unitree_go/share/unitree_go/msg/UwbState.msg\n'}
[1.746460] (unitree_go) StdoutLine: {'line': b'-- Up-to-date: /home/orin2/ros2_ws/install/unitree_go/share/unitree_go/msg/UwbSwitch.msg\n'}
[1.746570] (unitree_go) StdoutLine: {'line': b'-- Up-to-date: /home/orin2/ros2_ws/install/unitree_go/share/unitree_go/msg/VoxelMapCompressed.msg\n'}
[1.746678] (unitree_go) StdoutLine: {'line': b'-- Up-to-date: /home/orin2/ros2_ws/install/unitree_go/share/unitree_go/msg/VoxelHeightMapState.msg\n'}
[1.746791] (unitree_go) StdoutLine: {'line': b'-- Up-to-date: /home/orin2/ros2_ws/install/unitree_go/share/unitree_go/msg/WebRtcReq.msg\n'}
[1.746897] (unitree_go) StdoutLine: {'line': b'-- Up-to-date: /home/orin2/ros2_ws/install/unitree_go/share/unitree_go/msg/WirelessController.msg\n'}
[1.747004] (unitree_go) StdoutLine: {'line': b'-- Up-to-date: /home/orin2/ros2_ws/install/unitree_go/share/ament_index/resource_index/package_run_dependencies/unitree_go\n'}
[1.747115] (unitree_go) StdoutLine: {'line': b'-- Up-to-date: /home/orin2/ros2_ws/install/unitree_go/share/ament_index/resource_index/parent_prefix_path/unitree_go\n'}
[1.747223] (unitree_go) StdoutLine: {'line': b'-- Up-to-date: /home/orin2/ros2_ws/install/unitree_go/share/unitree_go/environment/ament_prefix_path.sh\n'}
[1.747331] (unitree_go) StdoutLine: {'line': b'-- Up-to-date: /home/orin2/ros2_ws/install/unitree_go/share/unitree_go/environment/ament_prefix_path.dsv\n'}
[1.747437] (unitree_go) StdoutLine: {'line': b'-- Up-to-date: /home/orin2/ros2_ws/install/unitree_go/share/unitree_go/environment/path.sh\n'}
[1.747543] (unitree_go) StdoutLine: {'line': b'-- Up-to-date: /home/orin2/ros2_ws/install/unitree_go/share/unitree_go/environment/path.dsv\n'}
[1.747700] (unitree_go) StdoutLine: {'line': b'-- Up-to-date: /home/orin2/ros2_ws/install/unitree_go/share/unitree_go/local_setup.bash\n'}
[1.747809] (unitree_go) StdoutLine: {'line': b'-- Up-to-date: /home/orin2/ros2_ws/install/unitree_go/share/unitree_go/local_setup.sh\n'}
[1.747915] (unitree_go) StdoutLine: {'line': b'-- Up-to-date: /home/orin2/ros2_ws/install/unitree_go/share/unitree_go/local_setup.zsh\n'}
[1.748036] (unitree_go) StdoutLine: {'line': b'-- Up-to-date: /home/orin2/ros2_ws/install/unitree_go/share/unitree_go/local_setup.dsv\n'}
[1.748143] (unitree_go) StdoutLine: {'line': b'-- Installing: /home/orin2/ros2_ws/install/unitree_go/share/unitree_go/package.dsv\n'}
[1.748250] (unitree_go) StdoutLine: {'line': b'-- Up-to-date: /home/orin2/ros2_ws/install/unitree_go/share/ament_index/resource_index/packages/unitree_go\n'}
[1.748356] (unitree_go) StdoutLine: {'line': b'-- Up-to-date: /home/orin2/ros2_ws/install/unitree_go/share/unitree_go/cmake/export_unitree_go__rosidl_generator_cExport.cmake\n'}
[1.748465] (unitree_go) StdoutLine: {'line': b'-- Up-to-date: /home/orin2/ros2_ws/install/unitree_go/share/unitree_go/cmake/export_unitree_go__rosidl_generator_cExport-noconfig.cmake\n'}
[1.748579] (unitree_go) StdoutLine: {'line': b'-- Up-to-date: /home/orin2/ros2_ws/install/unitree_go/share/unitree_go/cmake/export_unitree_go__rosidl_typesupport_fastrtps_cExport.cmake\n'}
[1.748686] (unitree_go) StdoutLine: {'line': b'-- Up-to-date: /home/orin2/ros2_ws/install/unitree_go/share/unitree_go/cmake/export_unitree_go__rosidl_typesupport_fastrtps_cExport-noconfig.cmake\n'}
[1.748796] (unitree_go) StdoutLine: {'line': b'-- Up-to-date: /home/orin2/ros2_ws/install/unitree_go/share/unitree_go/cmake/unitree_go__rosidl_typesupport_introspection_cExport.cmake\n'}
[1.748902] (unitree_go) StdoutLine: {'line': b'-- Up-to-date: /home/orin2/ros2_ws/install/unitree_go/share/unitree_go/cmake/unitree_go__rosidl_typesupport_introspection_cExport-noconfig.cmake\n'}
[1.749012] (unitree_go) StdoutLine: {'line': b'-- Up-to-date: /home/orin2/ros2_ws/install/unitree_go/share/unitree_go/cmake/unitree_go__rosidl_typesupport_cExport.cmake\n'}
[1.749123] (unitree_go) StdoutLine: {'line': b'-- Up-to-date: /home/orin2/ros2_ws/install/unitree_go/share/unitree_go/cmake/unitree_go__rosidl_typesupport_cExport-noconfig.cmake\n'}
[1.749235] (unitree_go) StdoutLine: {'line': b'-- Up-to-date: /home/orin2/ros2_ws/install/unitree_go/share/unitree_go/cmake/export_unitree_go__rosidl_generator_cppExport.cmake\n'}
[1.749344] (unitree_go) StdoutLine: {'line': b'-- Up-to-date: /home/orin2/ros2_ws/install/unitree_go/share/unitree_go/cmake/export_unitree_go__rosidl_typesupport_fastrtps_cppExport.cmake\n'}
[1.749472] (unitree_go) StdoutLine: {'line': b'-- Up-to-date: /home/orin2/ros2_ws/install/unitree_go/share/unitree_go/cmake/export_unitree_go__rosidl_typesupport_fastrtps_cppExport-noconfig.cmake\n'}
[1.749582] (unitree_go) StdoutLine: {'line': b'-- Up-to-date: /home/orin2/ros2_ws/install/unitree_go/share/unitree_go/cmake/unitree_go__rosidl_typesupport_introspection_cppExport.cmake\n'}
[1.749691] (unitree_go) StdoutLine: {'line': b'-- Up-to-date: /home/orin2/ros2_ws/install/unitree_go/share/unitree_go/cmake/unitree_go__rosidl_typesupport_introspection_cppExport-noconfig.cmake\n'}
[1.749798] (unitree_go) StdoutLine: {'line': b'-- Up-to-date: /home/orin2/ros2_ws/install/unitree_go/share/unitree_go/cmake/unitree_go__rosidl_typesupport_cppExport.cmake\n'}
[1.749905] (unitree_go) StdoutLine: {'line': b'-- Up-to-date: /home/orin2/ros2_ws/install/unitree_go/share/unitree_go/cmake/unitree_go__rosidl_typesupport_cppExport-noconfig.cmake\n'}
[1.750013] (unitree_go) StdoutLine: {'line': b'-- Up-to-date: /home/orin2/ros2_ws/install/unitree_go/share/unitree_go/cmake/export_unitree_go__rosidl_generator_pyExport.cmake\n'}
[1.750122] (unitree_go) StdoutLine: {'line': b'-- Up-to-date: /home/orin2/ros2_ws/install/unitree_go/share/unitree_go/cmake/export_unitree_go__rosidl_generator_pyExport-noconfig.cmake\n'}
[1.750228] (unitree_go) StdoutLine: {'line': b'-- Up-to-date: /home/orin2/ros2_ws/install/unitree_go/share/unitree_go/cmake/rosidl_cmake-extras.cmake\n'}
[1.750895] (unitree_go) StdoutLine: {'line': b'-- Up-to-date: /home/orin2/ros2_ws/install/unitree_go/share/unitree_go/cmake/ament_cmake_export_include_directories-extras.cmake\n'}
[1.751034] (unitree_go) StdoutLine: {'line': b'-- Up-to-date: /home/orin2/ros2_ws/install/unitree_go/share/unitree_go/cmake/ament_cmake_export_libraries-extras.cmake\n'}
[1.751180] (unitree_go) StdoutLine: {'line': b'-- Up-to-date: /home/orin2/ros2_ws/install/unitree_go/share/unitree_go/cmake/ament_cmake_export_targets-extras.cmake\n'}
[1.751295] (unitree_go) StdoutLine: {'line': b'-- Up-to-date: /home/orin2/ros2_ws/install/unitree_go/share/unitree_go/cmake/rosidl_cmake_export_typesupport_targets-extras.cmake\n'}
[1.751408] (unitree_go) StdoutLine: {'line': b'-- Up-to-date: /home/orin2/ros2_ws/install/unitree_go/share/unitree_go/cmake/ament_cmake_export_dependencies-extras.cmake\n'}
[1.752544] (unitree_go) StdoutLine: {'line': b'-- Up-to-date: /home/orin2/ros2_ws/install/unitree_go/share/unitree_go/cmake/rosidl_cmake_export_typesupport_libraries-extras.cmake\n'}
[1.754112] (unitree_go) StdoutLine: {'line': b'-- Up-to-date: /home/orin2/ros2_ws/install/unitree_go/share/unitree_go/cmake/unitree_goConfig.cmake\n'}
[1.754622] (unitree_go) StdoutLine: {'line': b'-- Up-to-date: /home/orin2/ros2_ws/install/unitree_go/share/unitree_go/cmake/unitree_goConfig-version.cmake\n'}
[1.754780] (unitree_go) StdoutLine: {'line': b'-- Up-to-date: /home/orin2/ros2_ws/install/unitree_go/share/unitree_go/package.xml\n'}
[1.755066] (go2_interfaces) JobEnded: {'identifier': 'go2_interfaces', 'rc': 0}
[1.756778] (unitree_go) CommandEnded: {'returncode': 0}
[1.758083] (unitree_go) JobEnded: {'identifier': 'unitree_go', 'rc': 0}
[1.759219] (go2_robot_sdk) JobStarted: {'identifier': 'go2_robot_sdk'}
[1.822962] (-) TimerEvent: {}
[1.925964] (-) TimerEvent: {}
[2.028667] (-) TimerEvent: {}
[2.130984] (-) TimerEvent: {}
[2.231910] (-) TimerEvent: {}
[2.333676] (-) TimerEvent: {}
[2.420900] (coco_detector) Command: {'cmd': ['/usr/bin/python3', '-W', 'ignore:setup.py install is deprecated', '-W', 'ignore:easy_install command is deprecated', 'setup.py', 'egg_info', '--egg-base', '../../build/coco_detector', 'build', '--build-base', '/home/orin2/ros2_ws/build/coco_detector/build', 'install', '--record', '/home/orin2/ros2_ws/build/coco_detector/install.log', '--single-version-externally-managed', 'install_data'], 'cwd': '/home/orin2/ros2_ws/src/coco_detector', 'env': {'ROBOT_IP': '192.168.123.161', 'LESSOPEN': '| /usr/bin/lesspipe %s', 'USER': 'orin2', 'SSH_CLIENT': '192.168.0.128 48182 22', 'XDG_SESSION_TYPE': 'tty', 'SHLVL': '1', 'LD_LIBRARY_PATH': '/usr/local/cuda-12.6/lib64:/opt/ros/humble/opt/rviz_ogre_vendor/lib:/opt/ros/humble/lib/aarch64-linux-gnu:/opt/ros/humble/lib:/usr/local/cuda-12.2/lib64:', 'BROWSER': '/home/orin2/.vscode-server/bin/ddc367ed5c8936efe395cffeec279b04ffd7db78/bin/helpers/browser.sh', 'MAP_NAME': '3d_map', 'MOTD_SHOWN': 'pam', 'HOME': '/home/orin2', 'OLDPWD': '/home/orin2/ros2_ws/src', 'TERM_PROGRAM_VERSION': '1.98.2', 'VSCODE_IPC_HOOK_CLI': '/run/user/1000/vscode-ipc-e7d8a6a6-2694-4128-8dce-50e771882e45.sock', 'ROS_PYTHON_VERSION': '3', 'PYDEVD_DISABLE_FILE_VALIDATION': '1', 'BUNDLED_DEBUGPY_PATH': '/home/orin2/.vscode-server/extensions/ms-python.debugpy-2025.4.1-linux-arm64/bundled/libs/debugpy', 'DBUS_SESSION_BUS_ADDRESS': 'unix:path=/run/user/1000/bus', 'COLORTERM': 'truecolor', 'ROS_DISTRO': 'humble', 'LOGNAME': 'orin2', '_': '/usr/bin/colcon', 'ROS_VERSION': '2', 'XDG_SESSION_CLASS': 'user', 'TERM': 'xterm-256color', 'XDG_SESSION_ID': '2', 'MAP_SAVE': 'True', 'ROS_LOCALHOST_ONLY': '0', 'PATH': '/usr/local/cuda-12.6/bin:/opt/ros/humble/bin:/usr/local/cuda-12.2/bin:/home/orin2/.vscode-server/bin/ddc367ed5c8936efe395cffeec279b04ffd7db78/bin/remote-cli:/usr/local/sbin:/usr/local/bin:/usr/sbin:/usr/bin:/sbin:/bin:/usr/games:/usr/local/games:/snap/bin:/home/orin2/.vscode-server/extensions/ms-python.debugpy-2025.4.1-linux-arm64/bundled/scripts/noConfigScripts:/home/orin2/.vscode-server/data/User/globalStorage/github.copilot-chat/debugCommand:/home/orin2/Repository/mcap/go/cli/mcap/bin:/usr/local/go/bin', 'XDG_RUNTIME_DIR': '/run/user/1000', 'DISPLAY': 'localhost:10.0', 'VSCODE_DEBUGPY_ADAPTER_ENDPOINTS': '/home/orin2/.vscode-server/extensions/ms-python.debugpy-2025.4.1-linux-arm64/.noConfigDebugAdapterEndpoints/endpoint-7ad11a21a46cf7ea.txt', 'LANG': 'en_US.UTF-8', 'RMW_IMPLEMENTATION': 'rmw_fastrtps_cpp', 'LS_COLORS': 'rs=0:di=01;34:ln=01;36:mh=00:pi=40;33:so=01;35:do=01;35:bd=40;33;01:cd=40;33;01:or=40;31;01:mi=00:su=37;41:sg=30;43:ca=30;41:tw=30;42:ow=34;42:st=37;44:ex=01;32:*.tar=01;31:*.tgz=01;31:*.arc=01;31:*.arj=01;31:*.taz=01;31:*.lha=01;31:*.lz4=01;31:*.lzh=01;31:*.lzma=01;31:*.tlz=01;31:*.txz=01;31:*.tzo=01;31:*.t7z=01;31:*.zip=01;31:*.z=01;31:*.dz=01;31:*.gz=01;31:*.lrz=01;31:*.lz=01;31:*.lzo=01;31:*.xz=01;31:*.zst=01;31:*.tzst=01;31:*.bz2=01;31:*.bz=01;31:*.tbz=01;31:*.tbz2=01;31:*.tz=01;31:*.deb=01;31:*.rpm=01;31:*.jar=01;31:*.war=01;31:*.ear=01;31:*.sar=01;31:*.rar=01;31:*.alz=01;31:*.ace=01;31:*.zoo=01;31:*.cpio=01;31:*.7z=01;31:*.rz=01;31:*.cab=01;31:*.wim=01;31:*.swm=01;31:*.dwm=01;31:*.esd=01;31:*.jpg=01;35:*.jpeg=01;35:*.mjpg=01;35:*.mjpeg=01;35:*.gif=01;35:*.bmp=01;35:*.pbm=01;35:*.pgm=01;35:*.ppm=01;35:*.tga=01;35:*.xbm=01;35:*.xpm=01;35:*.tif=01;35:*.tiff=01;35:*.png=01;35:*.svg=01;35:*.svgz=01;35:*.mng=01;35:*.pcx=01;35:*.mov=01;35:*.mpg=01;35:*.mpeg=01;35:*.m2v=01;35:*.mkv=01;35:*.webm=01;35:*.webp=01;35:*.ogm=01;35:*.mp4=01;35:*.m4v=01;35:*.mp4v=01;35:*.vob=01;35:*.qt=01;35:*.nuv=01;35:*.wmv=01;35:*.asf=01;35:*.rm=01;35:*.rmvb=01;35:*.flc=01;35:*.avi=01;35:*.fli=01;35:*.flv=01;35:*.gl=01;35:*.dl=01;35:*.xcf=01;35:*.xwd=01;35:*.yuv=01;35:*.cgm=01;35:*.emf=01;35:*.ogv=01;35:*.ogx=01;35:*.aac=00;36:*.au=00;36:*.flac=00;36:*.m4a=00;36:*.mid=00;36:*.midi=00;36:*.mka=00;36:*.mp3=00;36:*.mpc=00;36:*.ogg=00;36:*.ra=00;36:*.wav=00;36:*.oga=00;36:*.opus=00;36:*.spx=00;36:*.xspf=00;36:', 'VSCODE_GIT_IPC_HANDLE': '/run/user/1000/vscode-git-fe0705986e.sock', 'HUMBLE_ROS': 'humble', 'TERM_PROGRAM': 'vscode', 'AMENT_PREFIX_PATH': '/opt/ros/humble', 'SHELL': '/bin/bash', 'LESSCLOSE': '/usr/bin/lesspipe %s %s', 'ROS_EDITION': 'ROS2', 'PWD': '/home/orin2/ros2_ws/build/coco_detector', 'SSH_CONNECTION': '192.168.0.128 48182 192.168.0.226 22', 'PYTHONPATH': '/home/orin2/ros2_ws/build/coco_detector/prefix_override:/usr/lib/python3/dist-packages/colcon_core/task/python/colcon_distutils_commands:/home/orin2/ros2_ws/install/coco_detector/lib/python3.10/site-packages:/home/orin2/unitree_ros2/src/install/go2_robot_sdk/lib/python3.10/site-packages:/home/orin2/unitree_ros2/src/install/unitree_go/local/lib/python3.10/dist-packages:/home/orin2/unitree_ros2/src/install/go2_interfaces/local/lib/python3.10/dist-packages:/home/orin2/unitree_ros2/src/install/coco_detector/lib/python3.10/site-packages:/opt/ros/humble/lib/python3.10/site-packages:/opt/ros/humble/local/lib/python3.10/dist-packages:/home/orin2/unitree_ros2/BuddyNav/robot/unitree_sdk2_python', 'CONN_TYPE': 'cyclonedds', 'COLCON': '1'}, 'shell': False}
[2.436442] (-) TimerEvent: {}
[2.537035] (-) TimerEvent: {}
[2.637697] (-) TimerEvent: {}
[2.738439] (-) TimerEvent: {}
[2.839082] (-) TimerEvent: {}
[2.939741] (-) TimerEvent: {}
[3.022833] (coco_detector) StdoutLine: {'line': b'running egg_info\n'}
[3.024916] (coco_detector) StdoutLine: {'line': b'writing ../../build/coco_detector/coco_detector.egg-info/PKG-INFO\n'}
[3.025564] (coco_detector) StdoutLine: {'line': b'writing dependency_links to ../../build/coco_detector/coco_detector.egg-info/dependency_links.txt\n'}
[3.025920] (coco_detector) StdoutLine: {'line': b'writing entry points to ../../build/coco_detector/coco_detector.egg-info/entry_points.txt\n'}
[3.026213] (coco_detector) StdoutLine: {'line': b'writing requirements to ../../build/coco_detector/coco_detector.egg-info/requires.txt\n'}
[3.027112] (coco_detector) StdoutLine: {'line': b'writing top-level names to ../../build/coco_detector/coco_detector.egg-info/top_level.txt\n'}
[3.034805] (coco_detector) StdoutLine: {'line': b"reading manifest file '../../build/coco_detector/coco_detector.egg-info/SOURCES.txt'\n"}
[3.036170] (coco_detector) StdoutLine: {'line': b"writing manifest file '../../build/coco_detector/coco_detector.egg-info/SOURCES.txt'\n"}
[3.036649] (coco_detector) StdoutLine: {'line': b'running build\n'}
[3.036833] (coco_detector) StdoutLine: {'line': b'running build_py\n'}
[3.038653] (coco_detector) StdoutLine: {'line': b'running install\n'}
[3.039016] (coco_detector) StdoutLine: {'line': b'running install_lib\n'}
[3.039827] (-) TimerEvent: {}
[3.041095] (coco_detector) StdoutLine: {'line': b'running install_data\n'}
[3.041379] (coco_detector) StdoutLine: {'line': b'running install_egg_info\n'}
[3.045236] (coco_detector) StdoutLine: {'line': b"removing '/home/orin2/ros2_ws/install/coco_detector/lib/python3.10/site-packages/coco_detector-0.0.0-py3.10.egg-info' (and everything under it)\n"}
[3.045952] (coco_detector) StdoutLine: {'line': b'Copying ../../build/coco_detector/coco_detector.egg-info to /home/orin2/ros2_ws/install/coco_detector/lib/python3.10/site-packages/coco_detector-0.0.0-py3.10.egg-info\n'}
[3.048100] (coco_detector) StdoutLine: {'line': b'running install_scripts\n'}
[3.094407] (coco_detector) StdoutLine: {'line': b'Installing coco_detector_node script to /home/orin2/ros2_ws/install/coco_detector/lib/coco_detector\n'}
[3.095373] (coco_detector) StdoutLine: {'line': b"writing list of installed files to '/home/orin2/ros2_ws/build/coco_detector/install.log'\n"}
[3.139995] (-) TimerEvent: {}
[3.182809] (coco_detector) CommandEnded: {'returncode': 0}
[3.191423] (coco_detector) JobEnded: {'identifier': 'coco_detector', 'rc': 0}
[3.240145] (-) TimerEvent: {}
[3.340972] (-) TimerEvent: {}
[3.441650] (-) TimerEvent: {}
[3.467223] (go2_robot_sdk) Command: {'cmd': ['/usr/bin/python3', '-W', 'ignore:setup.py install is deprecated', '-W', 'ignore:easy_install command is deprecated', 'setup.py', 'egg_info', '--egg-base', '../../build/go2_robot_sdk', 'build', '--build-base', '/home/orin2/ros2_ws/build/go2_robot_sdk/build', 'install', '--record', '/home/orin2/ros2_ws/build/go2_robot_sdk/install.log', '--single-version-externally-managed', 'install_data'], 'cwd': '/home/orin2/ros2_ws/src/go2_robot_sdk', 'env': {'ROBOT_IP': '192.168.123.161', 'LESSOPEN': '| /usr/bin/lesspipe %s', 'USER': 'orin2', 'SSH_CLIENT': '192.168.0.128 48182 22', 'XDG_SESSION_TYPE': 'tty', 'SHLVL': '1', 'LD_LIBRARY_PATH': '/home/orin2/ros2_ws/install/unitree_go/lib:/home/orin2/ros2_ws/install/go2_interfaces/lib:/usr/local/cuda-12.6/lib64:/opt/ros/humble/opt/rviz_ogre_vendor/lib:/opt/ros/humble/lib/aarch64-linux-gnu:/opt/ros/humble/lib:/usr/local/cuda-12.2/lib64', 'BROWSER': '/home/orin2/.vscode-server/bin/ddc367ed5c8936efe395cffeec279b04ffd7db78/bin/helpers/browser.sh', 'MAP_NAME': '3d_map', 'MOTD_SHOWN': 'pam', 'HOME': '/home/orin2', 'OLDPWD': '/home/orin2/ros2_ws/src', 'TERM_PROGRAM_VERSION': '1.98.2', 'VSCODE_IPC_HOOK_CLI': '/run/user/1000/vscode-ipc-e7d8a6a6-2694-4128-8dce-50e771882e45.sock', 'ROS_PYTHON_VERSION': '3', 'PYDEVD_DISABLE_FILE_VALIDATION': '1', 'BUNDLED_DEBUGPY_PATH': '/home/orin2/.vscode-server/extensions/ms-python.debugpy-2025.4.1-linux-arm64/bundled/libs/debugpy', 'DBUS_SESSION_BUS_ADDRESS': 'unix:path=/run/user/1000/bus', 'COLORTERM': 'truecolor', 'ROS_DISTRO': 'humble', 'LOGNAME': 'orin2', '_': '/usr/bin/colcon', 'ROS_VERSION': '2', 'XDG_SESSION_CLASS': 'user', 'TERM': 'xterm-256color', 'XDG_SESSION_ID': '2', 'MAP_SAVE': 'True', 'ROS_LOCALHOST_ONLY': '0', 'PATH': '/usr/local/cuda-12.6/bin:/opt/ros/humble/bin:/usr/local/cuda-12.2/bin:/home/orin2/.vscode-server/bin/ddc367ed5c8936efe395cffeec279b04ffd7db78/bin/remote-cli:/usr/local/sbin:/usr/local/bin:/usr/sbin:/usr/bin:/sbin:/bin:/usr/games:/usr/local/games:/snap/bin:/home/orin2/.vscode-server/extensions/ms-python.debugpy-2025.4.1-linux-arm64/bundled/scripts/noConfigScripts:/home/orin2/.vscode-server/data/User/globalStorage/github.copilot-chat/debugCommand:/home/orin2/Repository/mcap/go/cli/mcap/bin:/usr/local/go/bin', 'XDG_RUNTIME_DIR': '/run/user/1000', 'DISPLAY': 'localhost:10.0', 'VSCODE_DEBUGPY_ADAPTER_ENDPOINTS': '/home/orin2/.vscode-server/extensions/ms-python.debugpy-2025.4.1-linux-arm64/.noConfigDebugAdapterEndpoints/endpoint-7ad11a21a46cf7ea.txt', 'LANG': 'en_US.UTF-8', 'RMW_IMPLEMENTATION': 'rmw_fastrtps_cpp', 'LS_COLORS': 'rs=0:di=01;34:ln=01;36:mh=00:pi=40;33:so=01;35:do=01;35:bd=40;33;01:cd=40;33;01:or=40;31;01:mi=00:su=37;41:sg=30;43:ca=30;41:tw=30;42:ow=34;42:st=37;44:ex=01;32:*.tar=01;31:*.tgz=01;31:*.arc=01;31:*.arj=01;31:*.taz=01;31:*.lha=01;31:*.lz4=01;31:*.lzh=01;31:*.lzma=01;31:*.tlz=01;31:*.txz=01;31:*.tzo=01;31:*.t7z=01;31:*.zip=01;31:*.z=01;31:*.dz=01;31:*.gz=01;31:*.lrz=01;31:*.lz=01;31:*.lzo=01;31:*.xz=01;31:*.zst=01;31:*.tzst=01;31:*.bz2=01;31:*.bz=01;31:*.tbz=01;31:*.tbz2=01;31:*.tz=01;31:*.deb=01;31:*.rpm=01;31:*.jar=01;31:*.war=01;31:*.ear=01;31:*.sar=01;31:*.rar=01;31:*.alz=01;31:*.ace=01;31:*.zoo=01;31:*.cpio=01;31:*.7z=01;31:*.rz=01;31:*.cab=01;31:*.wim=01;31:*.swm=01;31:*.dwm=01;31:*.esd=01;31:*.jpg=01;35:*.jpeg=01;35:*.mjpg=01;35:*.mjpeg=01;35:*.gif=01;35:*.bmp=01;35:*.pbm=01;35:*.pgm=01;35:*.ppm=01;35:*.tga=01;35:*.xbm=01;35:*.xpm=01;35:*.tif=01;35:*.tiff=01;35:*.png=01;35:*.svg=01;35:*.svgz=01;35:*.mng=01;35:*.pcx=01;35:*.mov=01;35:*.mpg=01;35:*.mpeg=01;35:*.m2v=01;35:*.mkv=01;35:*.webm=01;35:*.webp=01;35:*.ogm=01;35:*.mp4=01;35:*.m4v=01;35:*.mp4v=01;35:*.vob=01;35:*.qt=01;35:*.nuv=01;35:*.wmv=01;35:*.asf=01;35:*.rm=01;35:*.rmvb=01;35:*.flc=01;35:*.avi=01;35:*.fli=01;35:*.flv=01;35:*.gl=01;35:*.dl=01;35:*.xcf=01;35:*.xwd=01;35:*.yuv=01;35:*.cgm=01;35:*.emf=01;35:*.ogv=01;35:*.ogx=01;35:*.aac=00;36:*.au=00;36:*.flac=00;36:*.m4a=00;36:*.mid=00;36:*.midi=00;36:*.mka=00;36:*.mp3=00;36:*.mpc=00;36:*.ogg=00;36:*.ra=00;36:*.wav=00;36:*.oga=00;36:*.opus=00;36:*.spx=00;36:*.xspf=00;36:', 'VSCODE_GIT_IPC_HANDLE': '/run/user/1000/vscode-git-fe0705986e.sock', 'HUMBLE_ROS': 'humble', 'TERM_PROGRAM': 'vscode', 'AMENT_PREFIX_PATH': '/home/orin2/ros2_ws/install/unitree_go:/home/orin2/ros2_ws/install/go2_interfaces:/opt/ros/humble', 'SHELL': '/bin/bash', 'LESSCLOSE': '/usr/bin/lesspipe %s %s', 'ROS_EDITION': 'ROS2', 'PWD': '/home/orin2/ros2_ws/build/go2_robot_sdk', 'SSH_CONNECTION': '192.168.0.128 48182 192.168.0.226 22', 'PYTHONPATH': '/home/orin2/ros2_ws/build/go2_robot_sdk/prefix_override:/usr/lib/python3/dist-packages/colcon_core/task/python/colcon_distutils_commands:/home/orin2/ros2_ws/install/go2_robot_sdk/lib/python3.10/site-packages:/home/orin2/ros2_ws/install/unitree_go/local/lib/python3.10/dist-packages:/home/orin2/ros2_ws/install/go2_interfaces/local/lib/python3.10/dist-packages:/home/orin2/unitree_ros2/src/install/go2_robot_sdk/lib/python3.10/site-packages:/home/orin2/unitree_ros2/src/install/unitree_go/local/lib/python3.10/dist-packages:/home/orin2/unitree_ros2/src/install/go2_interfaces/local/lib/python3.10/dist-packages:/home/orin2/unitree_ros2/src/install/coco_detector/lib/python3.10/site-packages:/opt/ros/humble/lib/python3.10/site-packages:/opt/ros/humble/local/lib/python3.10/dist-packages:/home/orin2/unitree_ros2/BuddyNav/robot/unitree_sdk2_python', 'CONN_TYPE': 'cyclonedds', 'COLCON': '1', 'CMAKE_PREFIX_PATH': '/home/orin2/ros2_ws/install/unitree_go:/home/orin2/ros2_ws/install/go2_interfaces'}, 'shell': False}
[3.541799] (-) TimerEvent: {}
[3.642386] (-) TimerEvent: {}
[3.743139] (-) TimerEvent: {}
[3.844251] (-) TimerEvent: {}
[3.944890] (-) TimerEvent: {}
[4.032769] (go2_robot_sdk) StdoutLine: {'line': b'running egg_info\n'}
[4.034588] (go2_robot_sdk) StdoutLine: {'line': b'writing ../../build/go2_robot_sdk/go2_robot_sdk.egg-info/PKG-INFO\n'}
[4.035222] (go2_robot_sdk) StdoutLine: {'line': b'writing dependency_links to ../../build/go2_robot_sdk/go2_robot_sdk.egg-info/dependency_links.txt\n'}
[4.035635] (go2_robot_sdk) StdoutLine: {'line': b'writing entry points to ../../build/go2_robot_sdk/go2_robot_sdk.egg-info/entry_points.txt\n'}
[4.035922] (go2_robot_sdk) StdoutLine: {'line': b'writing requirements to ../../build/go2_robot_sdk/go2_robot_sdk.egg-info/requires.txt\n'}
[4.036116] (go2_robot_sdk) StdoutLine: {'line': b'writing top-level names to ../../build/go2_robot_sdk/go2_robot_sdk.egg-info/top_level.txt\n'}
[4.043988] (go2_robot_sdk) StdoutLine: {'line': b"reading manifest file '../../build/go2_robot_sdk/go2_robot_sdk.egg-info/SOURCES.txt'\n"}
[4.044594] (go2_robot_sdk) StdoutLine: {'line': b"adding license file 'LICENSE'\n"}
[4.044939] (-) TimerEvent: {}
[4.046502] (go2_robot_sdk) StdoutLine: {'line': b"writing manifest file '../../build/go2_robot_sdk/go2_robot_sdk.egg-info/SOURCES.txt'\n"}
[4.046903] (go2_robot_sdk) StdoutLine: {'line': b'running build\n'}
[4.047066] (go2_robot_sdk) StdoutLine: {'line': b'running build_py\n'}
[4.048578] (go2_robot_sdk) StdoutLine: {'line': b'running install\n'}
[4.049287] (go2_robot_sdk) StdoutLine: {'line': b'running install_lib\n'}
[4.052954] (go2_robot_sdk) StdoutLine: {'line': b'running install_data\n'}
[4.054679] (go2_robot_sdk) StdoutLine: {'line': b'running install_egg_info\n'}
[4.058775] (go2_robot_sdk) StdoutLine: {'line': b"removing '/home/orin2/ros2_ws/install/go2_robot_sdk/lib/python3.10/site-packages/go2_robot_sdk-0.0.0-py3.10.egg-info' (and everything under it)\n"}
[4.059484] (go2_robot_sdk) StdoutLine: {'line': b'Copying ../../build/go2_robot_sdk/go2_robot_sdk.egg-info to /home/orin2/ros2_ws/install/go2_robot_sdk/lib/python3.10/site-packages/go2_robot_sdk-0.0.0-py3.10.egg-info\n'}
[4.061370] (go2_robot_sdk) StdoutLine: {'line': b'running install_scripts\n'}
[4.105489] (go2_robot_sdk) StdoutLine: {'line': b'Installing go2_driver_node script to /home/orin2/ros2_ws/install/go2_robot_sdk/lib/go2_robot_sdk\n'}
[4.105980] (go2_robot_sdk) StdoutLine: {'line': b'Installing lidar_to_pointcloud script to /home/orin2/ros2_ws/install/go2_robot_sdk/lib/go2_robot_sdk\n'}
[4.106373] (go2_robot_sdk) StdoutLine: {'line': b'Installing tts_node script to /home/orin2/ros2_ws/install/go2_robot_sdk/lib/go2_robot_sdk\n'}
[4.107286] (go2_robot_sdk) StdoutLine: {'line': b"writing list of installed files to '/home/orin2/ros2_ws/build/go2_robot_sdk/install.log'\n"}
[4.145163] (-) TimerEvent: {}
[4.190379] (go2_robot_sdk) CommandEnded: {'returncode': 0}
[4.208588] (go2_robot_sdk) JobEnded: {'identifier': 'go2_robot_sdk', 'rc': 0}
[4.245338] (-) TimerEvent: {}
[4.346536] (-) TimerEvent: {}
[4.447488] (-) TimerEvent: {}
[4.548218] (-) TimerEvent: {}
[4.648909] (-) TimerEvent: {}
[4.749592] (-) TimerEvent: {}
[4.850327] (-) TimerEvent: {}
[4.951030] (-) TimerEvent: {}
[5.051777] (-) TimerEvent: {}
[5.152531] (-) TimerEvent: {}
[5.253213] (-) TimerEvent: {}
[5.353898] (-) TimerEvent: {}
[5.454633] (-) TimerEvent: {}
[5.555325] (-) TimerEvent: {}
[5.656003] (-) TimerEvent: {}
[5.756678] (-) TimerEvent: {}
[5.857363] (-) TimerEvent: {}
[5.958691] (-) TimerEvent: {}
[6.059381] (-) TimerEvent: {}
[6.160039] (-) TimerEvent: {}
[6.260706] (-) TimerEvent: {}
[6.361417] (-) TimerEvent: {}
[6.462511] (-) TimerEvent: {}
[6.563220] (-) TimerEvent: {}
[6.663931] (-) TimerEvent: {}
[6.765079] (-) TimerEvent: {}
[6.866438] (-) TimerEvent: {}
[6.967125] (-) TimerEvent: {}
[7.067845] (-) TimerEvent: {}
[7.168636] (-) TimerEvent: {}
[7.269349] (-) TimerEvent: {}
[7.370034] (-) TimerEvent: {}
[7.470769] (-) TimerEvent: {}
[7.571494] (-) TimerEvent: {}
[7.672158] (-) TimerEvent: {}
[7.772863] (-) TimerEvent: {}
[7.873538] (-) TimerEvent: {}
[7.974626] (-) TimerEvent: {}
[8.075318] (-) TimerEvent: {}
[8.175986] (-) TimerEvent: {}
[8.276753] (-) TimerEvent: {}
[8.377426] (-) TimerEvent: {}
[8.478615] (-) TimerEvent: {}
[8.579525] (-) TimerEvent: {}
[8.680198] (-) TimerEvent: {}
[8.780881] (-) TimerEvent: {}
[8.881572] (-) TimerEvent: {}
[8.982790] (-) TimerEvent: {}
[9.083478] (-) TimerEvent: {}
[9.184492] (-) TimerEvent: {}
[9.285185] (-) TimerEvent: {}
[9.385846] (-) TimerEvent: {}
[9.486562] (-) TimerEvent: {}
[9.587254] (-) TimerEvent: {}
[9.687990] (-) TimerEvent: {}
[9.788680] (-) TimerEvent: {}
[9.889405] (-) TimerEvent: {}
[9.990064] (-) TimerEvent: {}
[10.090767] (-) TimerEvent: {}
[10.191430] (-) TimerEvent: {}
[10.292117] (-) TimerEvent: {}
[10.393525] (-) TimerEvent: {}
[10.494519] (-) TimerEvent: {}
[10.595213] (-) TimerEvent: {}
[10.695921] (-) TimerEvent: {}
[10.796653] (-) TimerEvent: {}
[10.897344] (-) TimerEvent: {}
[10.998664] (-) TimerEvent: {}
[11.099334] (-) TimerEvent: {}
[11.200008] (-) TimerEvent: {}
[11.300699] (-) TimerEvent: {}
[11.401392] (-) TimerEvent: {}
[11.502330] (-) TimerEvent: {}
[11.603061] (-) TimerEvent: {}
[11.703958] (-) TimerEvent: {}
[11.804683] (-) TimerEvent: {}
[11.905580] (-) TimerEvent: {}
[12.006285] (-) TimerEvent: {}
[12.107242] (-) TimerEvent: {}
[12.207911] (-) TimerEvent: {}
[12.308594] (-) TimerEvent: {}
[12.409268] (-) TimerEvent: {}
[12.509959] (-) TimerEvent: {}
[12.610681] (-) TimerEvent: {}
[12.711398] (-) TimerEvent: {}
[12.812117] (-) TimerEvent: {}
[12.912845] (-) TimerEvent: {}
[13.013546] (-) TimerEvent: {}
[13.114278] (-) TimerEvent: {}
[13.214946] (-) TimerEvent: {}
[13.315621] (-) TimerEvent: {}
[13.416301] (-) TimerEvent: {}
[13.516978] (-) TimerEvent: {}
[13.617665] (-) TimerEvent: {}
[13.718359] (-) TimerEvent: {}
[13.819509] (-) TimerEvent: {}
[13.920170] (-) TimerEvent: {}
[14.022269] (-) TimerEvent: {}
[14.123253] (-) TimerEvent: {}
[14.224026] (-) TimerEvent: {}
[14.324698] (-) TimerEvent: {}
[14.425364] (-) TimerEvent: {}
[14.526151] (-) TimerEvent: {}
[14.626862] (-) TimerEvent: {}
[14.727535] (-) TimerEvent: {}
[14.828196] (-) TimerEvent: {}
[14.928858] (-) TimerEvent: {}
[15.029543] (-) TimerEvent: {}
[15.130272] (-) TimerEvent: {}
[15.230956] (-) TimerEvent: {}
[15.331612] (-) TimerEvent: {}
[15.432454] (-) TimerEvent: {}
[15.533143] (-) TimerEvent: {}
[15.633809] (-) TimerEvent: {}
[15.734726] (-) TimerEvent: {}
[15.835414] (-) TimerEvent: {}
[15.936120] (-) TimerEvent: {}
[16.036789] (-) TimerEvent: {}
[16.137499] (-) TimerEvent: {}
[16.238169] (-) TimerEvent: {}
[16.339498] (-) TimerEvent: {}
[16.440195] (-) TimerEvent: {}
[16.541384] (-) TimerEvent: {}
[16.642112] (-) TimerEvent: {}
[16.742785] (-) TimerEvent: {}
[16.843463] (-) TimerEvent: {}
[16.944170] (-) TimerEvent: {}
[17.044841] (-) TimerEvent: {}
[17.145487] (-) TimerEvent: {}
[17.246201] (-) TimerEvent: {}
[17.346881] (-) TimerEvent: {}
[17.447537] (-) TimerEvent: {}
[17.548191] (-) TimerEvent: {}
[17.648876] (-) TimerEvent: {}
[17.749584] (-) TimerEvent: {}
[17.850312] (-) TimerEvent: {}
[17.951011] (-) TimerEvent: {}
[18.051661] (-) TimerEvent: {}
[18.152511] (-) TimerEvent: {}
[18.253163] (-) TimerEvent: {}
[18.353801] (-) TimerEvent: {}
[18.454504] (-) TimerEvent: {}
[18.555142] (-) TimerEvent: {}
[18.656404] (-) TimerEvent: {}
[18.757078] (-) TimerEvent: {}
[18.857736] (-) TimerEvent: {}
[18.958415] (-) TimerEvent: {}
[19.059080] (-) TimerEvent: {}
[19.160127] (-) TimerEvent: {}
[19.260807] (-) TimerEvent: {}
[19.362468] (-) TimerEvent: {}
[19.463302] (-) TimerEvent: {}
[19.564501] (-) TimerEvent: {}
[19.665173] (-) TimerEvent: {}
[19.765919] (-) TimerEvent: {}
[19.866614] (-) TimerEvent: {}
[19.935369] (ros2_bag_to_image) StdoutLine: {'line': b'[100%] \x1b[32m\x1b[1mLinking CXX shared library libbag_to_image.so\x1b[0m\n'}
[19.966794] (-) TimerEvent: {}
[20.067481] (-) TimerEvent: {}
[20.168156] (-) TimerEvent: {}
[20.269702] (-) TimerEvent: {}
[20.370909] (-) TimerEvent: {}
[20.436007] (ros2_bag_to_image) StdoutLine: {'line': b'[100%] Built target bag_to_image\n'}
[20.463548] (ros2_bag_to_image) CommandEnded: {'returncode': 0}
[20.469501] (ros2_bag_to_image) JobProgress: {'identifier': 'ros2_bag_to_image', 'progress': 'install'}
[20.469665] (ros2_bag_to_image) Command: {'cmd': ['/usr/bin/cmake', '--install', '/home/orin2/ros2_ws/build/ros2_bag_to_image'], 'cwd': '/home/orin2/ros2_ws/build/ros2_bag_to_image', 'env': OrderedDict([('ROBOT_IP', '192.168.123.161'), ('LESSOPEN', '| /usr/bin/lesspipe %s'), ('USER', 'orin2'), ('SSH_CLIENT', '192.168.0.128 48182 22'), ('XDG_SESSION_TYPE', 'tty'), ('SHLVL', '1'), ('LD_LIBRARY_PATH', '/usr/local/cuda-12.6/lib64:/opt/ros/humble/opt/rviz_ogre_vendor/lib:/opt/ros/humble/lib/aarch64-linux-gnu:/opt/ros/humble/lib:/usr/local/cuda-12.2/lib64:'), ('BROWSER', '/home/orin2/.vscode-server/bin/ddc367ed5c8936efe395cffeec279b04ffd7db78/bin/helpers/browser.sh'), ('MAP_NAME', '3d_map'), ('MOTD_SHOWN', 'pam'), ('HOME', '/home/orin2'), ('OLDPWD', '/home/orin2/ros2_ws/src'), ('TERM_PROGRAM_VERSION', '1.98.2'), ('VSCODE_IPC_HOOK_CLI', '/run/user/1000/vscode-ipc-e7d8a6a6-2694-4128-8dce-50e771882e45.sock'), ('ROS_PYTHON_VERSION', '3'), ('PYDEVD_DISABLE_FILE_VALIDATION', '1'), ('BUNDLED_DEBUGPY_PATH', '/home/orin2/.vscode-server/extensions/ms-python.debugpy-2025.4.1-linux-arm64/bundled/libs/debugpy'), ('DBUS_SESSION_BUS_ADDRESS', 'unix:path=/run/user/1000/bus'), ('COLORTERM', 'truecolor'), ('ROS_DISTRO', 'humble'), ('LOGNAME', 'orin2'), ('_', '/usr/bin/colcon'), ('ROS_VERSION', '2'), ('XDG_SESSION_CLASS', 'user'), ('TERM', 'xterm-256color'), ('XDG_SESSION_ID', '2'), ('MAP_SAVE', 'True'), ('ROS_LOCALHOST_ONLY', '0'), ('PATH', '/usr/local/cuda-12.6/bin:/opt/ros/humble/bin:/usr/local/cuda-12.2/bin:/home/orin2/.vscode-server/bin/ddc367ed5c8936efe395cffeec279b04ffd7db78/bin/remote-cli:/usr/local/sbin:/usr/local/bin:/usr/sbin:/usr/bin:/sbin:/bin:/usr/games:/usr/local/games:/snap/bin:/home/orin2/.vscode-server/extensions/ms-python.debugpy-2025.4.1-linux-arm64/bundled/scripts/noConfigScripts:/home/orin2/.vscode-server/data/User/globalStorage/github.copilot-chat/debugCommand:/home/orin2/Repository/mcap/go/cli/mcap/bin:/usr/local/go/bin'), ('XDG_RUNTIME_DIR', '/run/user/1000'), ('DISPLAY', 'localhost:10.0'), ('VSCODE_DEBUGPY_ADAPTER_ENDPOINTS', '/home/orin2/.vscode-server/extensions/ms-python.debugpy-2025.4.1-linux-arm64/.noConfigDebugAdapterEndpoints/endpoint-7ad11a21a46cf7ea.txt'), ('LANG', 'en_US.UTF-8'), ('RMW_IMPLEMENTATION', 'rmw_fastrtps_cpp'), ('LS_COLORS', 'rs=0:di=01;34:ln=01;36:mh=00:pi=40;33:so=01;35:do=01;35:bd=40;33;01:cd=40;33;01:or=40;31;01:mi=00:su=37;41:sg=30;43:ca=30;41:tw=30;42:ow=34;42:st=37;44:ex=01;32:*.tar=01;31:*.tgz=01;31:*.arc=01;31:*.arj=01;31:*.taz=01;31:*.lha=01;31:*.lz4=01;31:*.lzh=01;31:*.lzma=01;31:*.tlz=01;31:*.txz=01;31:*.tzo=01;31:*.t7z=01;31:*.zip=01;31:*.z=01;31:*.dz=01;31:*.gz=01;31:*.lrz=01;31:*.lz=01;31:*.lzo=01;31:*.xz=01;31:*.zst=01;31:*.tzst=01;31:*.bz2=01;31:*.bz=01;31:*.tbz=01;31:*.tbz2=01;31:*.tz=01;31:*.deb=01;31:*.rpm=01;31:*.jar=01;31:*.war=01;31:*.ear=01;31:*.sar=01;31:*.rar=01;31:*.alz=01;31:*.ace=01;31:*.zoo=01;31:*.cpio=01;31:*.7z=01;31:*.rz=01;31:*.cab=01;31:*.wim=01;31:*.swm=01;31:*.dwm=01;31:*.esd=01;31:*.jpg=01;35:*.jpeg=01;35:*.mjpg=01;35:*.mjpeg=01;35:*.gif=01;35:*.bmp=01;35:*.pbm=01;35:*.pgm=01;35:*.ppm=01;35:*.tga=01;35:*.xbm=01;35:*.xpm=01;35:*.tif=01;35:*.tiff=01;35:*.png=01;35:*.svg=01;35:*.svgz=01;35:*.mng=01;35:*.pcx=01;35:*.mov=01;35:*.mpg=01;35:*.mpeg=01;35:*.m2v=01;35:*.mkv=01;35:*.webm=01;35:*.webp=01;35:*.ogm=01;35:*.mp4=01;35:*.m4v=01;35:*.mp4v=01;35:*.vob=01;35:*.qt=01;35:*.nuv=01;35:*.wmv=01;35:*.asf=01;35:*.rm=01;35:*.rmvb=01;35:*.flc=01;35:*.avi=01;35:*.fli=01;35:*.flv=01;35:*.gl=01;35:*.dl=01;35:*.xcf=01;35:*.xwd=01;35:*.yuv=01;35:*.cgm=01;35:*.emf=01;35:*.ogv=01;35:*.ogx=01;35:*.aac=00;36:*.au=00;36:*.flac=00;36:*.m4a=00;36:*.mid=00;36:*.midi=00;36:*.mka=00;36:*.mp3=00;36:*.mpc=00;36:*.ogg=00;36:*.ra=00;36:*.wav=00;36:*.oga=00;36:*.opus=00;36:*.spx=00;36:*.xspf=00;36:'), ('VSCODE_GIT_IPC_HANDLE', '/run/user/1000/vscode-git-fe0705986e.sock'), ('HUMBLE_ROS', 'humble'), ('TERM_PROGRAM', 'vscode'), ('AMENT_PREFIX_PATH', '/opt/ros/humble'), ('SHELL', '/bin/bash'), ('LESSCLOSE', '/usr/bin/lesspipe %s %s'), ('ROS_EDITION', 'ROS2'), ('PWD', '/home/orin2/ros2_ws/build/ros2_bag_to_image'), ('SSH_CONNECTION', '192.168.0.128 48182 192.168.0.226 22'), ('PYTHONPATH', '/home/orin2/unitree_ros2/src/install/go2_robot_sdk/lib/python3.10/site-packages:/home/orin2/unitree_ros2/src/install/unitree_go/local/lib/python3.10/dist-packages:/home/orin2/unitree_ros2/src/install/go2_interfaces/local/lib/python3.10/dist-packages:/home/orin2/unitree_ros2/src/install/coco_detector/lib/python3.10/site-packages:/opt/ros/humble/lib/python3.10/site-packages:/opt/ros/humble/local/lib/python3.10/dist-packages:/home/orin2/unitree_ros2/BuddyNav/robot/unitree_sdk2_python'), ('CONN_TYPE', 'cyclonedds'), ('COLCON', '1'), ('CMAKE_PREFIX_PATH', '/opt/ros/humble')]), 'shell': False}
[20.470991] (-) TimerEvent: {}
[20.485216] (ros2_bag_to_image) StdoutLine: {'line': b'-- Install configuration: ""\n'}
[20.485884] (ros2_bag_to_image) StdoutLine: {'line': b'-- Installing: /home/orin2/ros2_ws/install/ros2_bag_to_image/lib/ros2_bag_to_image/topic_to_image_node\n'}
[20.486864] (ros2_bag_to_image) StdoutLine: {'line': b'-- Set runtime path of "/home/orin2/ros2_ws/install/ros2_bag_to_image/lib/ros2_bag_to_image/topic_to_image_node" to ""\n'}
[20.487223] (ros2_bag_to_image) StdoutLine: {'line': b'-- Installing: /home/orin2/ros2_ws/install/ros2_bag_to_image/lib/ros2_bag_to_image/bag_to_image_node\n'}
[20.488212] (ros2_bag_to_image) StdoutLine: {'line': b'-- Set runtime path of "/home/orin2/ros2_ws/install/ros2_bag_to_image/lib/ros2_bag_to_image/bag_to_image_node" to ""\n'}
[20.488514] (ros2_bag_to_image) StdoutLine: {'line': b'-- Installing: /home/orin2/ros2_ws/install/ros2_bag_to_image/include\n'}
[20.488811] (ros2_bag_to_image) StdoutLine: {'line': b'-- Installing: /home/orin2/ros2_ws/install/ros2_bag_to_image/include/bag_to_image\n'}
[20.489021] (ros2_bag_to_image) StdoutLine: {'line': b'-- Installing: /home/orin2/ros2_ws/install/ros2_bag_to_image/include/bag_to_image/bag_to_image.hpp\n'}
[20.489255] (ros2_bag_to_image) StdoutLine: {'line': b'-- Installing: /home/orin2/ros2_ws/install/ros2_bag_to_image/include/topic_to_image\n'}
[20.489411] (ros2_bag_to_image) StdoutLine: {'line': b'-- Installing: /home/orin2/ros2_ws/install/ros2_bag_to_image/include/topic_to_image/topic_to_image.hpp\n'}
[20.489668] (ros2_bag_to_image) StdoutLine: {'line': b'-- Installing: /home/orin2/ros2_ws/install/ros2_bag_to_image/share/ros2_bag_to_image/environment/library_path.sh\n'}
[20.490099] (ros2_bag_to_image) StdoutLine: {'line': b'-- Installing: /home/orin2/ros2_ws/install/ros2_bag_to_image/share/ros2_bag_to_image/environment/library_path.dsv\n'}
[20.490366] (ros2_bag_to_image) StdoutLine: {'line': b'-- Installing: /home/orin2/ros2_ws/install/ros2_bag_to_image/lib/libtopic_to_image.so\n'}
[20.491848] (ros2_bag_to_image) StdoutLine: {'line': b'-- Set runtime path of "/home/orin2/ros2_ws/install/ros2_bag_to_image/lib/libtopic_to_image.so" to ""\n'}
[20.492150] (ros2_bag_to_image) StdoutLine: {'line': b'-- Installing: /home/orin2/ros2_ws/install/ros2_bag_to_image/lib/libbag_to_image.so\n'}
[20.496011] (ros2_bag_to_image) StdoutLine: {'line': b'-- Set runtime path of "/home/orin2/ros2_ws/install/ros2_bag_to_image/lib/libbag_to_image.so" to ""\n'}
[20.496422] (ros2_bag_to_image) StdoutLine: {'line': b'-- Installing: /home/orin2/ros2_ws/install/ros2_bag_to_image/share/ros2_bag_to_image/launch\n'}
[20.497076] (ros2_bag_to_image) StdoutLine: {'line': b'-- Installing: /home/orin2/ros2_ws/install/ros2_bag_to_image/share/ros2_bag_to_image/launch/topic_to_image.xml\n'}
[20.497339] (ros2_bag_to_image) StdoutLine: {'line': b'-- Installing: /home/orin2/ros2_ws/install/ros2_bag_to_image/share/ros2_bag_to_image/launch/bag_to_image.xml\n'}
[20.497490] (ros2_bag_to_image) StdoutLine: {'line': b'-- Installing: /home/orin2/ros2_ws/install/ros2_bag_to_image/share/ament_index/resource_index/package_run_dependencies/ros2_bag_to_image\n'}
[20.497685] (ros2_bag_to_image) StdoutLine: {'line': b'-- Installing: /home/orin2/ros2_ws/install/ros2_bag_to_image/share/ament_index/resource_index/parent_prefix_path/ros2_bag_to_image\n'}
[20.497837] (ros2_bag_to_image) StdoutLine: {'line': b'-- Installing: /home/orin2/ros2_ws/install/ros2_bag_to_image/share/ros2_bag_to_image/environment/ament_prefix_path.sh\n'}
[20.498010] (ros2_bag_to_image) StdoutLine: {'line': b'-- Installing: /home/orin2/ros2_ws/install/ros2_bag_to_image/share/ros2_bag_to_image/environment/ament_prefix_path.dsv\n'}
[20.498190] (ros2_bag_to_image) StdoutLine: {'line': b'-- Installing: /home/orin2/ros2_ws/install/ros2_bag_to_image/share/ros2_bag_to_image/environment/path.sh\n'}
[20.498371] (ros2_bag_to_image) StdoutLine: {'line': b'-- Installing: /home/orin2/ros2_ws/install/ros2_bag_to_image/share/ros2_bag_to_image/environment/path.dsv\n'}
[20.498599] (ros2_bag_to_image) StdoutLine: {'line': b'-- Installing: /home/orin2/ros2_ws/install/ros2_bag_to_image/share/ros2_bag_to_image/local_setup.bash\n'}
[20.499476] (ros2_bag_to_image) StdoutLine: {'line': b'-- Installing: /home/orin2/ros2_ws/install/ros2_bag_to_image/share/ros2_bag_to_image/local_setup.sh\n'}
[20.499836] (ros2_bag_to_image) StdoutLine: {'line': b'-- Installing: /home/orin2/ros2_ws/install/ros2_bag_to_image/share/ros2_bag_to_image/local_setup.zsh\n'}
[20.502313] (ros2_bag_to_image) StdoutLine: {'line': b'-- Installing: /home/orin2/ros2_ws/install/ros2_bag_to_image/share/ros2_bag_to_image/local_setup.dsv\n'}
[20.502942] (ros2_bag_to_image) StdoutLine: {'line': b'-- Installing: /home/orin2/ros2_ws/install/ros2_bag_to_image/share/ros2_bag_to_image/package.dsv\n'}
[20.503126] (ros2_bag_to_image) StdoutLine: {'line': b'-- Installing: /home/orin2/ros2_ws/install/ros2_bag_to_image/share/ament_index/resource_index/packages/ros2_bag_to_image\n'}
[20.503268] (ros2_bag_to_image) StdoutLine: {'line': b'-- Installing: /home/orin2/ros2_ws/install/ros2_bag_to_image/share/ament_index/resource_index/rclcpp_components/ros2_bag_to_image\n'}
[20.503398] (ros2_bag_to_image) StdoutLine: {'line': b'-- Installing: /home/orin2/ros2_ws/install/ros2_bag_to_image/share/ros2_bag_to_image/cmake/ament_cmake_export_dependencies-extras.cmake\n'}
[20.503520] (ros2_bag_to_image) StdoutLine: {'line': b'-- Installing: /home/orin2/ros2_ws/install/ros2_bag_to_image/share/ros2_bag_to_image/cmake/ament_cmake_export_include_directories-extras.cmake\n'}
[20.504800] (ros2_bag_to_image) StdoutLine: {'line': b'-- Installing: /home/orin2/ros2_ws/install/ros2_bag_to_image/share/ros2_bag_to_image/cmake/ament_cmake_export_libraries-extras.cmake\n'}
[20.504995] (ros2_bag_to_image) StdoutLine: {'line': b'-- Installing: /home/orin2/ros2_ws/install/ros2_bag_to_image/share/ros2_bag_to_image/cmake/ros2_bag_to_imageConfig.cmake\n'}
[20.506687] (ros2_bag_to_image) StdoutLine: {'line': b'-- Installing: /home/orin2/ros2_ws/install/ros2_bag_to_image/share/ros2_bag_to_image/cmake/ros2_bag_to_imageConfig-version.cmake\n'}
[20.507068] (ros2_bag_to_image) StdoutLine: {'line': b'-- Installing: /home/orin2/ros2_ws/install/ros2_bag_to_image/share/ros2_bag_to_image/package.xml\n'}
[20.518595] (ros2_bag_to_image) CommandEnded: {'returncode': 0}
[20.556031] (ros2_bag_to_image) JobEnded: {'identifier': 'ros2_bag_to_image', 'rc': 0}
[20.558610] (-) EventReactorShutdown: {}
