[0.047s] Invoking command in '/home/orin2/ros2_ws/build/unitree_go': CMAKE_PREFIX_PATH=${CMAKE_PREFIX_PATH}:/home/orin2/slam_ws/install/transform_sensors:/home/orin2/slam_ws/install/ros_tcp_endpoint:/opt/ros/humble /usr/bin/cmake --build /home/orin2/ros2_ws/build/unitree_go -- -j8 -l8
[0.148s] [  1%] [34m[1mGenerating C code for ROS interfaces[0m
[0.178s] [  1%] [34m[1mGenerating C++ code for ROS interfaces[0m
[0.194s] [  1%] Built target ament_cmake_python_copy_unitree_go
[0.797s] running egg_info
[0.799s] creating unitree_go.egg-info
[0.800s] writing unitree_go.egg-info/PKG-INFO
[0.800s] writing dependency_links to unitree_go.egg-info/dependency_links.txt
[0.801s] writing top-level names to unitree_go.egg-info/top_level.txt
[0.805s] writing manifest file 'unitree_go.egg-info/SOURCES.txt'
[0.811s] reading manifest file 'unitree_go.egg-info/SOURCES.txt'
[0.812s] writing manifest file 'unitree_go.egg-info/SOURCES.txt'
[0.897s] [  1%] Built target ament_cmake_python_build_unitree_go_egg
[5.689s] [  1%] Built target unitree_go__cpp
[5.694s] [  1%] [32mBuilding C object CMakeFiles/unitree_go__rosidl_generator_c.dir/rosidl_generator_c/unitree_go/msg/detail/error__functions.c.o[0m
[5.695s] [  2%] [32mBuilding C object CMakeFiles/unitree_go__rosidl_generator_c.dir/rosidl_generator_c/unitree_go/msg/detail/imu_state__functions.c.o[0m
[5.695s] [  3%] [32mBuilding C object CMakeFiles/unitree_go__rosidl_generator_c.dir/rosidl_generator_c/unitree_go/msg/detail/bms_cmd__functions.c.o[0m
[5.697s] [  3%] [32mBuilding C object CMakeFiles/unitree_go__rosidl_generator_c.dir/rosidl_generator_c/unitree_go/msg/detail/bms_state__functions.c.o[0m
[5.698s] [  3%] [32mBuilding C object CMakeFiles/unitree_go__rosidl_generator_c.dir/rosidl_generator_c/unitree_go/msg/detail/audio_data__functions.c.o[0m
[5.698s] [  4%] [32mBuilding C object CMakeFiles/unitree_go__rosidl_generator_c.dir/rosidl_generator_c/unitree_go/msg/detail/go2_front_video_data__functions.c.o[0m
[5.698s] [  4%] [32mBuilding C object CMakeFiles/unitree_go__rosidl_generator_c.dir/rosidl_generator_c/unitree_go/msg/detail/height_map__functions.c.o[0m
[5.719s] [  5%] [34m[1mGenerating C++ type support dispatch for ROS interfaces[0m
[5.795s] [  5%] [32mBuilding C object CMakeFiles/unitree_go__rosidl_generator_c.dir/rosidl_generator_c/unitree_go/msg/detail/interface_config__functions.c.o[0m
[5.806s] [  5%] [32mBuilding C object CMakeFiles/unitree_go__rosidl_generator_c.dir/rosidl_generator_c/unitree_go/msg/detail/low_cmd__functions.c.o[0m
[5.806s] [  5%] [32mBuilding C object CMakeFiles/unitree_go__rosidl_generator_c.dir/rosidl_generator_c/unitree_go/msg/detail/low_state__functions.c.o[0m
[5.809s] [  6%] [34m[1mGenerating C++ type support for eProsima Fast-RTPS[0m
[5.814s] [  7%] [32mBuilding C object CMakeFiles/unitree_go__rosidl_generator_c.dir/rosidl_generator_c/unitree_go/msg/detail/lidar_state__functions.c.o[0m
[5.822s] [  8%] [32mBuilding C object CMakeFiles/unitree_go__rosidl_generator_c.dir/rosidl_generator_c/unitree_go/msg/detail/motor_cmd__functions.c.o[0m
[5.826s] [  8%] [32mBuilding C object CMakeFiles/unitree_go__rosidl_generator_c.dir/rosidl_generator_c/unitree_go/msg/detail/motor_cmds__functions.c.o[0m
[5.921s] [  9%] [32mBuilding C object CMakeFiles/unitree_go__rosidl_generator_c.dir/rosidl_generator_c/unitree_go/msg/detail/motor_state__functions.c.o[0m
[5.931s] [  9%] [32mBuilding C object CMakeFiles/unitree_go__rosidl_generator_c.dir/rosidl_generator_c/unitree_go/msg/detail/motor_states__functions.c.o[0m
[5.933s] [  9%] [32mBuilding C object CMakeFiles/unitree_go__rosidl_generator_c.dir/rosidl_generator_c/unitree_go/msg/detail/path_point__functions.c.o[0m
[5.952s] [  9%] [32mBuilding C object CMakeFiles/unitree_go__rosidl_generator_c.dir/rosidl_generator_c/unitree_go/msg/detail/res__functions.c.o[0m
[5.957s] [ 10%] [32mBuilding C object CMakeFiles/unitree_go__rosidl_generator_c.dir/rosidl_generator_c/unitree_go/msg/detail/req__functions.c.o[0m
[5.970s] [ 11%] [32mBuilding C object CMakeFiles/unitree_go__rosidl_generator_c.dir/rosidl_generator_c/unitree_go/msg/detail/sport_mode_cmd__functions.c.o[0m
[6.027s] [ 11%] [32mBuilding C object CMakeFiles/unitree_go__rosidl_generator_c.dir/rosidl_generator_c/unitree_go/msg/detail/sport_mode_state__functions.c.o[0m
[6.039s] [ 12%] [32mBuilding C object CMakeFiles/unitree_go__rosidl_generator_c.dir/rosidl_generator_c/unitree_go/msg/detail/time_spec__functions.c.o[0m
[6.063s] [ 12%] [32mBuilding C object CMakeFiles/unitree_go__rosidl_generator_c.dir/rosidl_generator_c/unitree_go/msg/detail/uwb_state__functions.c.o[0m
[6.073s] [ 12%] [32mBuilding C object CMakeFiles/unitree_go__rosidl_generator_c.dir/rosidl_generator_c/unitree_go/msg/detail/uwb_switch__functions.c.o[0m
[6.093s] [ 13%] [32mBuilding C object CMakeFiles/unitree_go__rosidl_generator_c.dir/rosidl_generator_c/unitree_go/msg/detail/voxel_map_compressed__functions.c.o[0m
[6.144s] [ 13%] [32mBuilding C object CMakeFiles/unitree_go__rosidl_generator_c.dir/rosidl_generator_c/unitree_go/msg/detail/voxel_height_map_state__functions.c.o[0m
[6.156s] [ 13%] [32mBuilding C object CMakeFiles/unitree_go__rosidl_generator_c.dir/rosidl_generator_c/unitree_go/msg/detail/wireless_controller__functions.c.o[0m
[6.156s] [ 14%] [32mBuilding C object CMakeFiles/unitree_go__rosidl_generator_c.dir/rosidl_generator_c/unitree_go/msg/detail/web_rtc_req__functions.c.o[0m
[6.184s] [ 15%] [34m[1mGenerating C++ introspection for ROS interfaces[0m
[6.261s] [ 15%] [32m[1mLinking C shared library libunitree_go__rosidl_generator_c.so[0m
[6.345s] [ 15%] Built target unitree_go__rosidl_generator_c
[6.371s] [ 18%] [34m[1mGenerating C type support dispatch for ROS interfaces[0m
[6.371s] [ 18%] [34m[1mGenerating C introspection for ROS interfaces[0m
[6.371s] [ 18%] [34m[1mGenerating C type support for eProsima Fast-RTPS[0m
[8.604s] [ 19%] [32mBuilding CXX object CMakeFiles/unitree_go__rosidl_typesupport_cpp.dir/rosidl_typesupport_cpp/unitree_go/msg/bms_cmd__type_support.cpp.o[0m
[8.604s] [ 19%] [32mBuilding CXX object CMakeFiles/unitree_go__rosidl_typesupport_cpp.dir/rosidl_typesupport_cpp/unitree_go/msg/bms_state__type_support.cpp.o[0m
[8.643s] [ 19%] [32mBuilding CXX object CMakeFiles/unitree_go__rosidl_typesupport_cpp.dir/rosidl_typesupport_cpp/unitree_go/msg/audio_data__type_support.cpp.o[0m
[9.168s] [ 20%] [32mBuilding CXX object CMakeFiles/unitree_go__rosidl_typesupport_cpp.dir/rosidl_typesupport_cpp/unitree_go/msg/error__type_support.cpp.o[0m
[9.168s] [ 20%] [32mBuilding CXX object CMakeFiles/unitree_go__rosidl_typesupport_cpp.dir/rosidl_typesupport_cpp/unitree_go/msg/go2_front_video_data__type_support.cpp.o[0m
[9.379s] [ 20%] [32mBuilding CXX object CMakeFiles/unitree_go__rosidl_typesupport_cpp.dir/rosidl_typesupport_cpp/unitree_go/msg/height_map__type_support.cpp.o[0m
[9.393s] [ 20%] [32mBuilding CXX object CMakeFiles/unitree_go__rosidl_typesupport_c.dir/rosidl_typesupport_c/unitree_go/msg/audio_data__type_support.cpp.o[0m
[9.469s] [ 20%] [32mBuilding CXX object CMakeFiles/unitree_go__rosidl_typesupport_c.dir/rosidl_typesupport_c/unitree_go/msg/bms_cmd__type_support.cpp.o[0m
[9.539s] [ 21%] [32mBuilding CXX object CMakeFiles/unitree_go__rosidl_typesupport_c.dir/rosidl_typesupport_c/unitree_go/msg/bms_state__type_support.cpp.o[0m
[9.612s] [ 21%] [32mBuilding CXX object CMakeFiles/unitree_go__rosidl_typesupport_c.dir/rosidl_typesupport_c/unitree_go/msg/error__type_support.cpp.o[0m
[9.696s] [ 22%] [32mBuilding CXX object CMakeFiles/unitree_go__rosidl_typesupport_c.dir/rosidl_typesupport_c/unitree_go/msg/go2_front_video_data__type_support.cpp.o[0m
[9.722s] [ 23%] [32mBuilding CXX object CMakeFiles/unitree_go__rosidl_typesupport_cpp.dir/rosidl_typesupport_cpp/unitree_go/msg/imu_state__type_support.cpp.o[0m
[9.732s] [ 23%] [32mBuilding CXX object CMakeFiles/unitree_go__rosidl_typesupport_cpp.dir/rosidl_typesupport_cpp/unitree_go/msg/interface_config__type_support.cpp.o[0m
[9.766s] [ 23%] [32mBuilding CXX object CMakeFiles/unitree_go__rosidl_typesupport_c.dir/rosidl_typesupport_c/unitree_go/msg/height_map__type_support.cpp.o[0m
[9.831s] [ 24%] [32mBuilding CXX object CMakeFiles/unitree_go__rosidl_typesupport_c.dir/rosidl_typesupport_c/unitree_go/msg/imu_state__type_support.cpp.o[0m
[9.895s] [ 24%] [32mBuilding CXX object CMakeFiles/unitree_go__rosidl_typesupport_c.dir/rosidl_typesupport_c/unitree_go/msg/interface_config__type_support.cpp.o[0m
[9.965s] [ 24%] [32mBuilding CXX object CMakeFiles/unitree_go__rosidl_typesupport_c.dir/rosidl_typesupport_c/unitree_go/msg/lidar_state__type_support.cpp.o[0m
[9.971s] [ 25%] [32mBuilding CXX object CMakeFiles/unitree_go__rosidl_typesupport_c.dir/rosidl_typesupport_c/unitree_go/msg/low_cmd__type_support.cpp.o[0m
[10.037s] [ 25%] [32mBuilding CXX object CMakeFiles/unitree_go__rosidl_typesupport_c.dir/rosidl_typesupport_c/unitree_go/msg/low_state__type_support.cpp.o[0m
[10.102s] [ 26%] [32mBuilding CXX object CMakeFiles/unitree_go__rosidl_typesupport_c.dir/rosidl_typesupport_c/unitree_go/msg/motor_cmd__type_support.cpp.o[0m
[10.103s] [ 26%] [32mBuilding CXX object CMakeFiles/unitree_go__rosidl_typesupport_c.dir/rosidl_typesupport_c/unitree_go/msg/motor_cmds__type_support.cpp.o[0m
[10.170s] [ 26%] [32mBuilding CXX object CMakeFiles/unitree_go__rosidl_typesupport_c.dir/rosidl_typesupport_c/unitree_go/msg/motor_state__type_support.cpp.o[0m
[10.192s] [ 26%] [32mBuilding CXX object CMakeFiles/unitree_go__rosidl_typesupport_fastrtps_cpp.dir/rosidl_typesupport_fastrtps_cpp/unitree_go/msg/detail/dds_fastrtps/audio_data__type_support.cpp.o[0m
[10.200s] [ 27%] [32mBuilding CXX object CMakeFiles/unitree_go__rosidl_typesupport_fastrtps_cpp.dir/rosidl_typesupport_fastrtps_cpp/unitree_go/msg/detail/dds_fastrtps/bms_cmd__type_support.cpp.o[0m
[10.237s] [ 28%] [32mBuilding CXX object CMakeFiles/unitree_go__rosidl_typesupport_c.dir/rosidl_typesupport_c/unitree_go/msg/motor_states__type_support.cpp.o[0m
[10.247s] [ 28%] [32mBuilding CXX object CMakeFiles/unitree_go__rosidl_typesupport_introspection_cpp.dir/rosidl_typesupport_introspection_cpp/unitree_go/msg/detail/audio_data__type_support.cpp.o[0m
[10.291s] [ 29%] [32mBuilding CXX object CMakeFiles/unitree_go__rosidl_typesupport_introspection_cpp.dir/rosidl_typesupport_introspection_cpp/unitree_go/msg/detail/bms_cmd__type_support.cpp.o[0m
[10.296s] [ 29%] [32mBuilding CXX object CMakeFiles/unitree_go__rosidl_typesupport_cpp.dir/rosidl_typesupport_cpp/unitree_go/msg/lidar_state__type_support.cpp.o[0m
[10.300s] [ 29%] [32mBuilding CXX object CMakeFiles/unitree_go__rosidl_typesupport_c.dir/rosidl_typesupport_c/unitree_go/msg/path_point__type_support.cpp.o[0m
[10.367s] [ 30%] [32mBuilding CXX object CMakeFiles/unitree_go__rosidl_typesupport_c.dir/rosidl_typesupport_c/unitree_go/msg/req__type_support.cpp.o[0m
[10.435s] [ 30%] [32mBuilding CXX object CMakeFiles/unitree_go__rosidl_typesupport_c.dir/rosidl_typesupport_c/unitree_go/msg/res__type_support.cpp.o[0m
[10.498s] [ 30%] [32mBuilding C object CMakeFiles/unitree_go__rosidl_typesupport_introspection_c.dir/rosidl_typesupport_introspection_c/unitree_go/msg/detail/audio_data__type_support.c.o[0m
[10.507s] [ 31%] [32mBuilding CXX object CMakeFiles/unitree_go__rosidl_typesupport_c.dir/rosidl_typesupport_c/unitree_go/msg/sport_mode_cmd__type_support.cpp.o[0m
[10.584s] [ 31%] [32mBuilding CXX object CMakeFiles/unitree_go__rosidl_typesupport_c.dir/rosidl_typesupport_c/unitree_go/msg/sport_mode_state__type_support.cpp.o[0m
[10.584s] [ 32%] [32mBuilding C object CMakeFiles/unitree_go__rosidl_typesupport_introspection_c.dir/rosidl_typesupport_introspection_c/unitree_go/msg/detail/bms_cmd__type_support.c.o[0m
[10.657s] [ 32%] [32mBuilding CXX object CMakeFiles/unitree_go__rosidl_typesupport_c.dir/rosidl_typesupport_c/unitree_go/msg/time_spec__type_support.cpp.o[0m
[10.669s] [ 32%] [32mBuilding C object CMakeFiles/unitree_go__rosidl_typesupport_introspection_c.dir/rosidl_typesupport_introspection_c/unitree_go/msg/detail/bms_state__type_support.c.o[0m
[10.725s] [ 33%] [32mBuilding CXX object CMakeFiles/unitree_go__rosidl_typesupport_c.dir/rosidl_typesupport_c/unitree_go/msg/uwb_state__type_support.cpp.o[0m
[10.771s] [ 33%] [32mBuilding C object CMakeFiles/unitree_go__rosidl_typesupport_introspection_c.dir/rosidl_typesupport_introspection_c/unitree_go/msg/detail/error__type_support.c.o[0m
[10.794s] [ 33%] [32mBuilding CXX object CMakeFiles/unitree_go__rosidl_typesupport_c.dir/rosidl_typesupport_c/unitree_go/msg/uwb_switch__type_support.cpp.o[0m
[10.798s] [ 33%] [32mBuilding CXX object CMakeFiles/unitree_go__rosidl_typesupport_fastrtps_c.dir/rosidl_typesupport_fastrtps_c/unitree_go/msg/detail/audio_data__type_support_c.cpp.o[0m
[10.843s] [ 34%] [32mBuilding C object CMakeFiles/unitree_go__rosidl_typesupport_introspection_c.dir/rosidl_typesupport_introspection_c/unitree_go/msg/detail/go2_front_video_data__type_support.c.o[0m
[10.850s] [ 35%] [32mBuilding CXX object CMakeFiles/unitree_go__rosidl_typesupport_cpp.dir/rosidl_typesupport_cpp/unitree_go/msg/low_cmd__type_support.cpp.o[0m
[10.868s] [ 36%] [32mBuilding CXX object CMakeFiles/unitree_go__rosidl_typesupport_c.dir/rosidl_typesupport_c/unitree_go/msg/voxel_map_compressed__type_support.cpp.o[0m
[10.922s] [ 36%] [32mBuilding C object CMakeFiles/unitree_go__rosidl_typesupport_introspection_c.dir/rosidl_typesupport_introspection_c/unitree_go/msg/detail/height_map__type_support.c.o[0m
[10.939s] [ 36%] [32mBuilding CXX object CMakeFiles/unitree_go__rosidl_typesupport_c.dir/rosidl_typesupport_c/unitree_go/msg/voxel_height_map_state__type_support.cpp.o[0m
[11.009s] [ 37%] [32mBuilding CXX object CMakeFiles/unitree_go__rosidl_typesupport_c.dir/rosidl_typesupport_c/unitree_go/msg/web_rtc_req__type_support.cpp.o[0m
[11.009s] [ 37%] [32mBuilding C object CMakeFiles/unitree_go__rosidl_typesupport_introspection_c.dir/rosidl_typesupport_introspection_c/unitree_go/msg/detail/imu_state__type_support.c.o[0m
[11.025s] [ 37%] [32mBuilding CXX object CMakeFiles/unitree_go__rosidl_typesupport_fastrtps_cpp.dir/rosidl_typesupport_fastrtps_cpp/unitree_go/msg/detail/dds_fastrtps/bms_state__type_support.cpp.o[0m
[11.077s] [ 38%] [32mBuilding CXX object CMakeFiles/unitree_go__rosidl_typesupport_c.dir/rosidl_typesupport_c/unitree_go/msg/wireless_controller__type_support.cpp.o[0m
[11.100s] [ 38%] [32mBuilding CXX object CMakeFiles/unitree_go__rosidl_typesupport_introspection_cpp.dir/rosidl_typesupport_introspection_cpp/unitree_go/msg/detail/bms_state__type_support.cpp.o[0m
[11.101s] [ 38%] [32mBuilding C object CMakeFiles/unitree_go__rosidl_typesupport_introspection_c.dir/rosidl_typesupport_introspection_c/unitree_go/msg/detail/interface_config__type_support.c.o[0m
[11.117s] [ 38%] [32mBuilding CXX object CMakeFiles/unitree_go__rosidl_typesupport_introspection_cpp.dir/rosidl_typesupport_introspection_cpp/unitree_go/msg/detail/error__type_support.cpp.o[0m
[11.143s] [ 38%] [32m[1mLinking CXX shared library libunitree_go__rosidl_typesupport_c.so[0m
[11.181s] [ 39%] [32mBuilding C object CMakeFiles/unitree_go__rosidl_typesupport_introspection_c.dir/rosidl_typesupport_introspection_c/unitree_go/msg/detail/lidar_state__type_support.c.o[0m
[11.195s] [ 39%] [32mBuilding CXX object CMakeFiles/unitree_go__rosidl_typesupport_fastrtps_cpp.dir/rosidl_typesupport_fastrtps_cpp/unitree_go/msg/detail/dds_fastrtps/error__type_support.cpp.o[0m
[11.240s] [ 39%] Built target unitree_go__rosidl_typesupport_c
[11.265s] [ 40%] [32mBuilding CXX object CMakeFiles/unitree_go__rosidl_typesupport_fastrtps_c.dir/rosidl_typesupport_fastrtps_c/unitree_go/msg/detail/bms_cmd__type_support_c.cpp.o[0m
[11.270s] [ 40%] [32mBuilding C object CMakeFiles/unitree_go__rosidl_typesupport_introspection_c.dir/rosidl_typesupport_introspection_c/unitree_go/msg/detail/low_cmd__type_support.c.o[0m
[11.377s] [ 40%] [32mBuilding C object CMakeFiles/unitree_go__rosidl_typesupport_introspection_c.dir/rosidl_typesupport_introspection_c/unitree_go/msg/detail/low_state__type_support.c.o[0m
[11.426s] [ 40%] [32mBuilding CXX object CMakeFiles/unitree_go__rosidl_typesupport_cpp.dir/rosidl_typesupport_cpp/unitree_go/msg/low_state__type_support.cpp.o[0m
[11.491s] [ 41%] [32mBuilding C object CMakeFiles/unitree_go__rosidl_typesupport_introspection_c.dir/rosidl_typesupport_introspection_c/unitree_go/msg/detail/motor_cmd__type_support.c.o[0m
[11.522s] [ 41%] [32mBuilding CXX object CMakeFiles/unitree_go__rosidl_typesupport_fastrtps_c.dir/rosidl_typesupport_fastrtps_c/unitree_go/msg/detail/bms_state__type_support_c.cpp.o[0m
[11.577s] [ 41%] [32mBuilding C object CMakeFiles/unitree_go__rosidl_typesupport_introspection_c.dir/rosidl_typesupport_introspection_c/unitree_go/msg/detail/motor_cmds__type_support.c.o[0m
[11.666s] [ 42%] [32mBuilding C object CMakeFiles/unitree_go__rosidl_typesupport_introspection_c.dir/rosidl_typesupport_introspection_c/unitree_go/msg/detail/motor_state__type_support.c.o[0m
[11.752s] [ 42%] [32mBuilding C object CMakeFiles/unitree_go__rosidl_typesupport_introspection_c.dir/rosidl_typesupport_introspection_c/unitree_go/msg/detail/motor_states__type_support.c.o[0m
[11.838s] [ 43%] [32mBuilding C object CMakeFiles/unitree_go__rosidl_typesupport_introspection_c.dir/rosidl_typesupport_introspection_c/unitree_go/msg/detail/path_point__type_support.c.o[0m
[11.899s] [ 44%] [32mBuilding CXX object CMakeFiles/unitree_go__rosidl_typesupport_fastrtps_cpp.dir/rosidl_typesupport_fastrtps_cpp/unitree_go/msg/detail/dds_fastrtps/go2_front_video_data__type_support.cpp.o[0m
[11.915s] [ 44%] [32mBuilding C object CMakeFiles/unitree_go__rosidl_typesupport_introspection_c.dir/rosidl_typesupport_introspection_c/unitree_go/msg/detail/req__type_support.c.o[0m
[11.919s] [ 45%] [32mBuilding CXX object CMakeFiles/unitree_go__rosidl_typesupport_introspection_cpp.dir/rosidl_typesupport_introspection_cpp/unitree_go/msg/detail/go2_front_video_data__type_support.cpp.o[0m
[11.929s] [ 45%] [32mBuilding CXX object CMakeFiles/unitree_go__rosidl_typesupport_introspection_cpp.dir/rosidl_typesupport_introspection_cpp/unitree_go/msg/detail/height_map__type_support.cpp.o[0m
[11.985s] [ 45%] [32mBuilding CXX object CMakeFiles/unitree_go__rosidl_typesupport_fastrtps_c.dir/rosidl_typesupport_fastrtps_c/unitree_go/msg/detail/error__type_support_c.cpp.o[0m
[11.992s] [ 45%] [32mBuilding C object CMakeFiles/unitree_go__rosidl_typesupport_introspection_c.dir/rosidl_typesupport_introspection_c/unitree_go/msg/detail/res__type_support.c.o[0m
[11.994s] [ 46%] [32mBuilding CXX object CMakeFiles/unitree_go__rosidl_typesupport_cpp.dir/rosidl_typesupport_cpp/unitree_go/msg/motor_cmd__type_support.cpp.o[0m
[12.076s] [ 47%] [32mBuilding C object CMakeFiles/unitree_go__rosidl_typesupport_introspection_c.dir/rosidl_typesupport_introspection_c/unitree_go/msg/detail/sport_mode_cmd__type_support.c.o[0m
[12.085s] [ 47%] [32mBuilding CXX object CMakeFiles/unitree_go__rosidl_typesupport_fastrtps_cpp.dir/rosidl_typesupport_fastrtps_cpp/unitree_go/msg/detail/dds_fastrtps/height_map__type_support.cpp.o[0m
[12.172s] [ 47%] [32mBuilding C object CMakeFiles/unitree_go__rosidl_typesupport_introspection_c.dir/rosidl_typesupport_introspection_c/unitree_go/msg/detail/sport_mode_state__type_support.c.o[0m
[12.250s] [ 48%] [32mBuilding CXX object CMakeFiles/unitree_go__rosidl_typesupport_fastrtps_c.dir/rosidl_typesupport_fastrtps_c/unitree_go/msg/detail/go2_front_video_data__type_support_c.cpp.o[0m
[12.278s] [ 49%] [32mBuilding C object CMakeFiles/unitree_go__rosidl_typesupport_introspection_c.dir/rosidl_typesupport_introspection_c/unitree_go/msg/detail/time_spec__type_support.c.o[0m
[12.354s] [ 49%] [32mBuilding C object CMakeFiles/unitree_go__rosidl_typesupport_introspection_c.dir/rosidl_typesupport_introspection_c/unitree_go/msg/detail/uwb_state__type_support.c.o[0m
[12.439s] [ 49%] [32mBuilding C object CMakeFiles/unitree_go__rosidl_typesupport_introspection_c.dir/rosidl_typesupport_introspection_c/unitree_go/msg/detail/uwb_switch__type_support.c.o[0m
[12.515s] [ 50%] [32mBuilding C object CMakeFiles/unitree_go__rosidl_typesupport_introspection_c.dir/rosidl_typesupport_introspection_c/unitree_go/msg/detail/voxel_map_compressed__type_support.c.o[0m
[12.561s] [ 50%] [32mBuilding CXX object CMakeFiles/unitree_go__rosidl_typesupport_cpp.dir/rosidl_typesupport_cpp/unitree_go/msg/motor_cmds__type_support.cpp.o[0m
[12.605s] [ 50%] [32mBuilding C object CMakeFiles/unitree_go__rosidl_typesupport_introspection_c.dir/rosidl_typesupport_introspection_c/unitree_go/msg/detail/voxel_height_map_state__type_support.c.o[0m
[12.676s] [ 51%] [32mBuilding C object CMakeFiles/unitree_go__rosidl_typesupport_introspection_c.dir/rosidl_typesupport_introspection_c/unitree_go/msg/detail/web_rtc_req__type_support.c.o[0m
[12.687s] [ 51%] [32mBuilding CXX object CMakeFiles/unitree_go__rosidl_typesupport_fastrtps_c.dir/rosidl_typesupport_fastrtps_c/unitree_go/msg/detail/height_map__type_support_c.cpp.o[0m
[12.796s] [ 51%] [32mBuilding C object CMakeFiles/unitree_go__rosidl_typesupport_introspection_c.dir/rosidl_typesupport_introspection_c/unitree_go/msg/detail/wireless_controller__type_support.c.o[0m
[12.803s] [ 52%] [32mBuilding CXX object CMakeFiles/unitree_go__rosidl_typesupport_introspection_cpp.dir/rosidl_typesupport_introspection_cpp/unitree_go/msg/detail/imu_state__type_support.cpp.o[0m
[12.846s] [ 53%] [32mBuilding CXX object CMakeFiles/unitree_go__rosidl_typesupport_fastrtps_cpp.dir/rosidl_typesupport_fastrtps_cpp/unitree_go/msg/detail/dds_fastrtps/imu_state__type_support.cpp.o[0m
[12.865s] [ 53%] [32mBuilding CXX object CMakeFiles/unitree_go__rosidl_typesupport_introspection_cpp.dir/rosidl_typesupport_introspection_cpp/unitree_go/msg/detail/interface_config__type_support.cpp.o[0m
[12.877s] [ 54%] [32m[1mLinking C shared library libunitree_go__rosidl_typesupport_introspection_c.so[0m
[12.964s] [ 54%] Built target unitree_go__rosidl_typesupport_introspection_c
[12.986s] [ 55%] [32mBuilding CXX object CMakeFiles/unitree_go__rosidl_typesupport_introspection_cpp.dir/rosidl_typesupport_introspection_cpp/unitree_go/msg/detail/lidar_state__type_support.cpp.o[0m
[13.015s] [ 56%] [32mBuilding CXX object CMakeFiles/unitree_go__rosidl_typesupport_fastrtps_c.dir/rosidl_typesupport_fastrtps_c/unitree_go/msg/detail/imu_state__type_support_c.cpp.o[0m
[13.038s] [ 56%] [32mBuilding CXX object CMakeFiles/unitree_go__rosidl_typesupport_fastrtps_cpp.dir/rosidl_typesupport_fastrtps_cpp/unitree_go/msg/detail/dds_fastrtps/interface_config__type_support.cpp.o[0m
[13.125s] [ 56%] [32mBuilding CXX object CMakeFiles/unitree_go__rosidl_typesupport_cpp.dir/rosidl_typesupport_cpp/unitree_go/msg/motor_state__type_support.cpp.o[0m
[13.442s] [ 56%] [32mBuilding CXX object CMakeFiles/unitree_go__rosidl_typesupport_fastrtps_c.dir/rosidl_typesupport_fastrtps_c/unitree_go/msg/detail/interface_config__type_support_c.cpp.o[0m
[13.656s] [ 56%] [32mBuilding CXX object CMakeFiles/unitree_go__rosidl_typesupport_introspection_cpp.dir/rosidl_typesupport_introspection_cpp/unitree_go/msg/detail/low_cmd__type_support.cpp.o[0m
[13.686s] [ 57%] [32mBuilding CXX object CMakeFiles/unitree_go__rosidl_typesupport_cpp.dir/rosidl_typesupport_cpp/unitree_go/msg/motor_states__type_support.cpp.o[0m
[13.689s] [ 57%] [32mBuilding CXX object CMakeFiles/unitree_go__rosidl_typesupport_introspection_cpp.dir/rosidl_typesupport_introspection_cpp/unitree_go/msg/detail/low_state__type_support.cpp.o[0m
[13.706s] [ 57%] [32mBuilding CXX object CMakeFiles/unitree_go__rosidl_typesupport_fastrtps_cpp.dir/rosidl_typesupport_fastrtps_cpp/unitree_go/msg/detail/dds_fastrtps/lidar_state__type_support.cpp.o[0m
[13.719s] [ 57%] [32mBuilding CXX object CMakeFiles/unitree_go__rosidl_typesupport_fastrtps_c.dir/rosidl_typesupport_fastrtps_c/unitree_go/msg/detail/lidar_state__type_support_c.cpp.o[0m
[13.815s] [ 58%] [32mBuilding CXX object CMakeFiles/unitree_go__rosidl_typesupport_introspection_cpp.dir/rosidl_typesupport_introspection_cpp/unitree_go/msg/detail/motor_cmd__type_support.cpp.o[0m
[13.952s] [ 59%] [32mBuilding CXX object CMakeFiles/unitree_go__rosidl_typesupport_fastrtps_cpp.dir/rosidl_typesupport_fastrtps_cpp/unitree_go/msg/detail/dds_fastrtps/low_cmd__type_support.cpp.o[0m
[14.194s] [ 60%] [32mBuilding CXX object CMakeFiles/unitree_go__rosidl_typesupport_fastrtps_c.dir/rosidl_typesupport_fastrtps_c/unitree_go/msg/detail/low_cmd__type_support_c.cpp.o[0m
[14.256s] [ 60%] [32mBuilding CXX object CMakeFiles/unitree_go__rosidl_typesupport_cpp.dir/rosidl_typesupport_cpp/unitree_go/msg/path_point__type_support.cpp.o[0m
[14.460s] [ 60%] [32mBuilding CXX object CMakeFiles/unitree_go__rosidl_typesupport_fastrtps_c.dir/rosidl_typesupport_fastrtps_c/unitree_go/msg/detail/low_state__type_support_c.cpp.o[0m
[14.552s] [ 60%] [32mBuilding CXX object CMakeFiles/unitree_go__rosidl_typesupport_introspection_cpp.dir/rosidl_typesupport_introspection_cpp/unitree_go/msg/detail/motor_cmds__type_support.cpp.o[0m
[14.620s] [ 60%] [32mBuilding CXX object CMakeFiles/unitree_go__rosidl_typesupport_fastrtps_cpp.dir/rosidl_typesupport_fastrtps_cpp/unitree_go/msg/detail/dds_fastrtps/low_state__type_support.cpp.o[0m
[14.633s] [ 61%] [32mBuilding CXX object CMakeFiles/unitree_go__rosidl_typesupport_introspection_cpp.dir/rosidl_typesupport_introspection_cpp/unitree_go/msg/detail/motor_state__type_support.cpp.o[0m
[14.636s] [ 61%] [32mBuilding CXX object CMakeFiles/unitree_go__rosidl_typesupport_introspection_cpp.dir/rosidl_typesupport_introspection_cpp/unitree_go/msg/detail/motor_states__type_support.cpp.o[0m
[14.817s] [ 62%] [32mBuilding CXX object CMakeFiles/unitree_go__rosidl_typesupport_cpp.dir/rosidl_typesupport_cpp/unitree_go/msg/req__type_support.cpp.o[0m
[14.940s] [ 62%] [32mBuilding CXX object CMakeFiles/unitree_go__rosidl_typesupport_cpp.dir/rosidl_typesupport_cpp/unitree_go/msg/res__type_support.cpp.o[0m
[14.954s] [ 63%] [32mBuilding CXX object CMakeFiles/unitree_go__rosidl_typesupport_fastrtps_cpp.dir/rosidl_typesupport_fastrtps_cpp/unitree_go/msg/detail/dds_fastrtps/motor_cmd__type_support.cpp.o[0m
[15.213s] [ 64%] [32mBuilding CXX object CMakeFiles/unitree_go__rosidl_typesupport_fastrtps_c.dir/rosidl_typesupport_fastrtps_c/unitree_go/msg/detail/motor_cmd__type_support_c.cpp.o[0m
[15.379s] [ 65%] [32mBuilding CXX object CMakeFiles/unitree_go__rosidl_typesupport_cpp.dir/rosidl_typesupport_cpp/unitree_go/msg/sport_mode_cmd__type_support.cpp.o[0m
[15.434s] [ 65%] [32mBuilding CXX object CMakeFiles/unitree_go__rosidl_typesupport_introspection_cpp.dir/rosidl_typesupport_introspection_cpp/unitree_go/msg/detail/path_point__type_support.cpp.o[0m
[15.445s] [ 66%] [32mBuilding CXX object CMakeFiles/unitree_go__rosidl_typesupport_introspection_cpp.dir/rosidl_typesupport_introspection_cpp/unitree_go/msg/detail/req__type_support.cpp.o[0m
[15.518s] [ 66%] [32mBuilding CXX object CMakeFiles/unitree_go__rosidl_typesupport_introspection_cpp.dir/rosidl_typesupport_introspection_cpp/unitree_go/msg/detail/res__type_support.cpp.o[0m
[15.539s] [ 66%] [32mBuilding CXX object CMakeFiles/unitree_go__rosidl_typesupport_cpp.dir/rosidl_typesupport_cpp/unitree_go/msg/sport_mode_state__type_support.cpp.o[0m
[15.554s] [ 66%] [32mBuilding CXX object CMakeFiles/unitree_go__rosidl_typesupport_fastrtps_cpp.dir/rosidl_typesupport_fastrtps_cpp/unitree_go/msg/detail/dds_fastrtps/motor_cmds__type_support.cpp.o[0m
[15.836s] [ 67%] [32mBuilding CXX object CMakeFiles/unitree_go__rosidl_typesupport_fastrtps_cpp.dir/rosidl_typesupport_fastrtps_cpp/unitree_go/msg/detail/dds_fastrtps/motor_state__type_support.cpp.o[0m
[15.925s] [ 67%] [32mBuilding CXX object CMakeFiles/unitree_go__rosidl_typesupport_fastrtps_c.dir/rosidl_typesupport_fastrtps_c/unitree_go/msg/detail/motor_cmds__type_support_c.cpp.o[0m
[15.954s] [ 67%] [32mBuilding CXX object CMakeFiles/unitree_go__rosidl_typesupport_cpp.dir/rosidl_typesupport_cpp/unitree_go/msg/time_spec__type_support.cpp.o[0m
[16.130s] [ 68%] [32mBuilding CXX object CMakeFiles/unitree_go__rosidl_typesupport_cpp.dir/rosidl_typesupport_cpp/unitree_go/msg/uwb_state__type_support.cpp.o[0m
[16.244s] [ 69%] [32mBuilding CXX object CMakeFiles/unitree_go__rosidl_typesupport_introspection_cpp.dir/rosidl_typesupport_introspection_cpp/unitree_go/msg/detail/sport_mode_cmd__type_support.cpp.o[0m
[16.259s] [ 69%] [32mBuilding CXX object CMakeFiles/unitree_go__rosidl_typesupport_introspection_cpp.dir/rosidl_typesupport_introspection_cpp/unitree_go/msg/detail/sport_mode_state__type_support.cpp.o[0m
[16.395s] [ 70%] [32mBuilding CXX object CMakeFiles/unitree_go__rosidl_typesupport_introspection_cpp.dir/rosidl_typesupport_introspection_cpp/unitree_go/msg/detail/time_spec__type_support.cpp.o[0m
[16.514s] [ 70%] [32mBuilding CXX object CMakeFiles/unitree_go__rosidl_typesupport_cpp.dir/rosidl_typesupport_cpp/unitree_go/msg/uwb_switch__type_support.cpp.o[0m
[16.569s] [ 70%] [32mBuilding CXX object CMakeFiles/unitree_go__rosidl_typesupport_fastrtps_cpp.dir/rosidl_typesupport_fastrtps_cpp/unitree_go/msg/detail/dds_fastrtps/motor_states__type_support.cpp.o[0m
[16.633s] [ 71%] [32mBuilding CXX object CMakeFiles/unitree_go__rosidl_typesupport_fastrtps_c.dir/rosidl_typesupport_fastrtps_c/unitree_go/msg/detail/motor_state__type_support_c.cpp.o[0m
[16.695s] [ 71%] [32mBuilding CXX object CMakeFiles/unitree_go__rosidl_typesupport_fastrtps_cpp.dir/rosidl_typesupport_fastrtps_cpp/unitree_go/msg/detail/dds_fastrtps/path_point__type_support.cpp.o[0m
[16.733s] [ 72%] [32mBuilding CXX object CMakeFiles/unitree_go__rosidl_typesupport_cpp.dir/rosidl_typesupport_cpp/unitree_go/msg/voxel_map_compressed__type_support.cpp.o[0m
[17.077s] [ 72%] [32mBuilding CXX object CMakeFiles/unitree_go__rosidl_typesupport_cpp.dir/rosidl_typesupport_cpp/unitree_go/msg/voxel_height_map_state__type_support.cpp.o[0m
[17.117s] [ 72%] [32mBuilding CXX object CMakeFiles/unitree_go__rosidl_typesupport_cpp.dir/rosidl_typesupport_cpp/unitree_go/msg/web_rtc_req__type_support.cpp.o[0m
[17.141s] [ 72%] [32mBuilding CXX object CMakeFiles/unitree_go__rosidl_typesupport_introspection_cpp.dir/rosidl_typesupport_introspection_cpp/unitree_go/msg/detail/uwb_state__type_support.cpp.o[0m
[17.205s] [ 72%] [32mBuilding CXX object CMakeFiles/unitree_go__rosidl_typesupport_introspection_cpp.dir/rosidl_typesupport_introspection_cpp/unitree_go/msg/detail/uwb_switch__type_support.cpp.o[0m
[17.323s] [ 73%] [32mBuilding CXX object CMakeFiles/unitree_go__rosidl_typesupport_cpp.dir/rosidl_typesupport_cpp/unitree_go/msg/wireless_controller__type_support.cpp.o[0m
[17.354s] [ 73%] [32mBuilding CXX object CMakeFiles/unitree_go__rosidl_typesupport_fastrtps_c.dir/rosidl_typesupport_fastrtps_c/unitree_go/msg/detail/motor_states__type_support_c.cpp.o[0m
[17.526s] [ 74%] [32mBuilding CXX object CMakeFiles/unitree_go__rosidl_typesupport_fastrtps_cpp.dir/rosidl_typesupport_fastrtps_cpp/unitree_go/msg/detail/dds_fastrtps/req__type_support.cpp.o[0m
[17.549s] [ 74%] [32mBuilding CXX object CMakeFiles/unitree_go__rosidl_typesupport_fastrtps_cpp.dir/rosidl_typesupport_fastrtps_cpp/unitree_go/msg/detail/dds_fastrtps/res__type_support.cpp.o[0m
[17.640s] [ 74%] [32mBuilding CXX object CMakeFiles/unitree_go__rosidl_typesupport_fastrtps_c.dir/rosidl_typesupport_fastrtps_c/unitree_go/msg/detail/path_point__type_support_c.cpp.o[0m
[17.682s] [ 75%] [32mBuilding CXX object CMakeFiles/unitree_go__rosidl_typesupport_fastrtps_c.dir/rosidl_typesupport_fastrtps_c/unitree_go/msg/detail/req__type_support_c.cpp.o[0m
[17.931s] [ 75%] [32m[1mLinking CXX shared library libunitree_go__rosidl_typesupport_cpp.so[0m
[18.012s] [ 76%] [32mBuilding CXX object CMakeFiles/unitree_go__rosidl_typesupport_introspection_cpp.dir/rosidl_typesupport_introspection_cpp/unitree_go/msg/detail/voxel_map_compressed__type_support.cpp.o[0m
[18.037s] [ 76%] [32mBuilding CXX object CMakeFiles/unitree_go__rosidl_typesupport_introspection_cpp.dir/rosidl_typesupport_introspection_cpp/unitree_go/msg/detail/voxel_height_map_state__type_support.cpp.o[0m
[18.048s] [ 76%] Built target unitree_go__rosidl_typesupport_cpp
[18.073s] [ 76%] [32mBuilding CXX object CMakeFiles/unitree_go__rosidl_typesupport_fastrtps_c.dir/rosidl_typesupport_fastrtps_c/unitree_go/msg/detail/res__type_support_c.cpp.o[0m
[18.074s] [ 77%] [32mBuilding CXX object CMakeFiles/unitree_go__rosidl_typesupport_introspection_cpp.dir/rosidl_typesupport_introspection_cpp/unitree_go/msg/detail/web_rtc_req__type_support.cpp.o[0m
[18.351s] [ 78%] [32mBuilding CXX object CMakeFiles/unitree_go__rosidl_typesupport_fastrtps_c.dir/rosidl_typesupport_fastrtps_c/unitree_go/msg/detail/sport_mode_cmd__type_support_c.cpp.o[0m
[18.364s] [ 79%] [32mBuilding CXX object CMakeFiles/unitree_go__rosidl_typesupport_fastrtps_cpp.dir/rosidl_typesupport_fastrtps_cpp/unitree_go/msg/detail/dds_fastrtps/sport_mode_cmd__type_support.cpp.o[0m
[18.400s] [ 79%] [32mBuilding CXX object CMakeFiles/unitree_go__rosidl_typesupport_fastrtps_c.dir/rosidl_typesupport_fastrtps_c/unitree_go/msg/detail/sport_mode_state__type_support_c.cpp.o[0m
[18.579s] [ 79%] [32mBuilding CXX object CMakeFiles/unitree_go__rosidl_typesupport_fastrtps_cpp.dir/rosidl_typesupport_fastrtps_cpp/unitree_go/msg/detail/dds_fastrtps/sport_mode_state__type_support.cpp.o[0m
[18.811s] [ 79%] [32mBuilding CXX object CMakeFiles/unitree_go__rosidl_typesupport_fastrtps_c.dir/rosidl_typesupport_fastrtps_c/unitree_go/msg/detail/time_spec__type_support_c.cpp.o[0m
[18.829s] [ 79%] [32mBuilding CXX object CMakeFiles/unitree_go__rosidl_typesupport_introspection_cpp.dir/rosidl_typesupport_introspection_cpp/unitree_go/msg/detail/wireless_controller__type_support.cpp.o[0m
[18.907s] [ 80%] [32mBuilding CXX object CMakeFiles/unitree_go__rosidl_typesupport_fastrtps_c.dir/rosidl_typesupport_fastrtps_c/unitree_go/msg/detail/uwb_state__type_support_c.cpp.o[0m
[18.925s] [ 80%] [32mBuilding CXX object CMakeFiles/unitree_go__rosidl_typesupport_fastrtps_c.dir/rosidl_typesupport_fastrtps_c/unitree_go/msg/detail/uwb_switch__type_support_c.cpp.o[0m
[19.080s] [ 81%] [32mBuilding CXX object CMakeFiles/unitree_go__rosidl_typesupport_fastrtps_c.dir/rosidl_typesupport_fastrtps_c/unitree_go/msg/detail/voxel_map_compressed__type_support_c.cpp.o[0m
[19.145s] [ 81%] [32mBuilding CXX object CMakeFiles/unitree_go__rosidl_typesupport_fastrtps_c.dir/rosidl_typesupport_fastrtps_c/unitree_go/msg/detail/voxel_height_map_state__type_support_c.cpp.o[0m
[19.231s] [ 81%] [32mBuilding CXX object CMakeFiles/unitree_go__rosidl_typesupport_fastrtps_cpp.dir/rosidl_typesupport_fastrtps_cpp/unitree_go/msg/detail/dds_fastrtps/time_spec__type_support.cpp.o[0m
[19.511s] [ 82%] [32mBuilding CXX object CMakeFiles/unitree_go__rosidl_typesupport_fastrtps_c.dir/rosidl_typesupport_fastrtps_c/unitree_go/msg/detail/web_rtc_req__type_support_c.cpp.o[0m
[19.559s] [ 83%] [32mBuilding CXX object CMakeFiles/unitree_go__rosidl_typesupport_fastrtps_cpp.dir/rosidl_typesupport_fastrtps_cpp/unitree_go/msg/detail/dds_fastrtps/uwb_state__type_support.cpp.o[0m
[19.639s] [ 84%] [32m[1mLinking CXX shared library libunitree_go__rosidl_typesupport_introspection_cpp.so[0m
[19.651s] [ 84%] [32mBuilding CXX object CMakeFiles/unitree_go__rosidl_typesupport_fastrtps_cpp.dir/rosidl_typesupport_fastrtps_cpp/unitree_go/msg/detail/dds_fastrtps/uwb_switch__type_support.cpp.o[0m
[19.651s] [ 84%] [32mBuilding CXX object CMakeFiles/unitree_go__rosidl_typesupport_fastrtps_c.dir/rosidl_typesupport_fastrtps_c/unitree_go/msg/detail/wireless_controller__type_support_c.cpp.o[0m
[19.846s] [ 85%] [32mBuilding CXX object CMakeFiles/unitree_go__rosidl_typesupport_fastrtps_cpp.dir/rosidl_typesupport_fastrtps_cpp/unitree_go/msg/detail/dds_fastrtps/voxel_map_compressed__type_support.cpp.o[0m
[19.847s] [ 85%] Built target unitree_go__rosidl_typesupport_introspection_cpp
[19.863s] [ 85%] [32mBuilding CXX object CMakeFiles/unitree_go__rosidl_typesupport_fastrtps_cpp.dir/rosidl_typesupport_fastrtps_cpp/unitree_go/msg/detail/dds_fastrtps/voxel_height_map_state__type_support.cpp.o[0m
[19.872s] [ 86%] [32mBuilding CXX object CMakeFiles/unitree_go__rosidl_typesupport_fastrtps_cpp.dir/rosidl_typesupport_fastrtps_cpp/unitree_go/msg/detail/dds_fastrtps/web_rtc_req__type_support.cpp.o[0m
[20.057s] [ 86%] [32mBuilding CXX object CMakeFiles/unitree_go__rosidl_typesupport_fastrtps_cpp.dir/rosidl_typesupport_fastrtps_cpp/unitree_go/msg/detail/dds_fastrtps/wireless_controller__type_support.cpp.o[0m
[20.357s] [ 86%] [32m[1mLinking CXX shared library libunitree_go__rosidl_typesupport_fastrtps_c.so[0m
[20.541s] [ 86%] Built target unitree_go__rosidl_typesupport_fastrtps_c
[20.854s] [ 86%] [32m[1mLinking CXX shared library libunitree_go__rosidl_typesupport_fastrtps_cpp.so[0m
[21.047s] [ 86%] Built target unitree_go__rosidl_typesupport_fastrtps_cpp
[21.095s] [ 86%] Built target unitree_go
[21.148s] [ 86%] [34m[1mGenerating Python code for ROS interfaces[0m
[27.674s] [ 86%] Built target unitree_go__py
[27.728s] [ 88%] [32mBuilding C object CMakeFiles/unitree_go__rosidl_generator_py.dir/rosidl_generator_py/unitree_go/msg/_go2_front_video_data_s.c.o[0m
[27.729s] [ 88%] [32mBuilding C object CMakeFiles/unitree_go__rosidl_generator_py.dir/rosidl_generator_py/unitree_go/msg/_bms_state_s.c.o[0m
[27.729s] [ 88%] [32mBuilding C object CMakeFiles/unitree_go__rosidl_generator_py.dir/rosidl_generator_py/unitree_go/msg/_error_s.c.o[0m
[27.729s] [ 89%] [32mBuilding C object CMakeFiles/unitree_go__rosidl_generator_py.dir/rosidl_generator_py/unitree_go/msg/_audio_data_s.c.o[0m
[27.729s] [ 89%] [32mBuilding C object CMakeFiles/unitree_go__rosidl_generator_py.dir/rosidl_generator_py/unitree_go/msg/_imu_state_s.c.o[0m
[27.729s] [ 89%] [32mBuilding C object CMakeFiles/unitree_go__rosidl_generator_py.dir/rosidl_generator_py/unitree_go/msg/_height_map_s.c.o[0m
[27.732s] [ 90%] [32mBuilding C object CMakeFiles/unitree_go__rosidl_generator_py.dir/rosidl_generator_py/unitree_go/msg/_interface_config_s.c.o[0m
[27.733s] [ 90%] [32mBuilding C object CMakeFiles/unitree_go__rosidl_generator_py.dir/rosidl_generator_py/unitree_go/msg/_bms_cmd_s.c.o[0m
[27.934s] [ 91%] [32mBuilding C object CMakeFiles/unitree_go__rosidl_generator_py.dir/rosidl_generator_py/unitree_go/msg/_lidar_state_s.c.o[0m
[27.935s] [ 91%] [32mBuilding C object CMakeFiles/unitree_go__rosidl_generator_py.dir/rosidl_generator_py/unitree_go/msg/_low_cmd_s.c.o[0m
[27.937s] [ 91%] [32mBuilding C object CMakeFiles/unitree_go__rosidl_generator_py.dir/rosidl_generator_py/unitree_go/msg/_motor_cmd_s.c.o[0m
[27.938s] [ 91%] [32mBuilding C object CMakeFiles/unitree_go__rosidl_generator_py.dir/rosidl_generator_py/unitree_go/msg/_low_state_s.c.o[0m
[27.941s] [ 92%] [32mBuilding C object CMakeFiles/unitree_go__rosidl_generator_py.dir/rosidl_generator_py/unitree_go/msg/_motor_cmds_s.c.o[0m
[27.948s] [ 92%] [32mBuilding C object CMakeFiles/unitree_go__rosidl_generator_py.dir/rosidl_generator_py/unitree_go/msg/_motor_state_s.c.o[0m
[27.952s] [ 93%] [32mBuilding C object CMakeFiles/unitree_go__rosidl_generator_py.dir/rosidl_generator_py/unitree_go/msg/_motor_states_s.c.o[0m
[27.981s] [ 93%] [32mBuilding C object CMakeFiles/unitree_go__rosidl_generator_py.dir/rosidl_generator_py/unitree_go/msg/_path_point_s.c.o[0m
[28.139s] [ 94%] [32mBuilding C object CMakeFiles/unitree_go__rosidl_generator_py.dir/rosidl_generator_py/unitree_go/msg/_req_s.c.o[0m
[28.147s] [ 94%] [32mBuilding C object CMakeFiles/unitree_go__rosidl_generator_py.dir/rosidl_generator_py/unitree_go/msg/_res_s.c.o[0m
[28.149s] [ 94%] [32mBuilding C object CMakeFiles/unitree_go__rosidl_generator_py.dir/rosidl_generator_py/unitree_go/msg/_sport_mode_cmd_s.c.o[0m
[28.172s] [ 94%] [32mBuilding C object CMakeFiles/unitree_go__rosidl_generator_py.dir/rosidl_generator_py/unitree_go/msg/_time_spec_s.c.o[0m
[28.173s] [ 95%] [32mBuilding C object CMakeFiles/unitree_go__rosidl_generator_py.dir/rosidl_generator_py/unitree_go/msg/_sport_mode_state_s.c.o[0m
[28.196s] [ 96%] [32mBuilding C object CMakeFiles/unitree_go__rosidl_generator_py.dir/rosidl_generator_py/unitree_go/msg/_uwb_switch_s.c.o[0m
[28.197s] [ 96%] [32mBuilding C object CMakeFiles/unitree_go__rosidl_generator_py.dir/rosidl_generator_py/unitree_go/msg/_uwb_state_s.c.o[0m
[28.209s] [ 97%] [32mBuilding C object CMakeFiles/unitree_go__rosidl_generator_py.dir/rosidl_generator_py/unitree_go/msg/_voxel_map_compressed_s.c.o[0m
[28.338s] [ 97%] [32mBuilding C object CMakeFiles/unitree_go__rosidl_generator_py.dir/rosidl_generator_py/unitree_go/msg/_voxel_height_map_state_s.c.o[0m
[28.357s] [ 97%] [32mBuilding C object CMakeFiles/unitree_go__rosidl_generator_py.dir/rosidl_generator_py/unitree_go/msg/_web_rtc_req_s.c.o[0m
[28.380s] [ 98%] [32mBuilding C object CMakeFiles/unitree_go__rosidl_generator_py.dir/rosidl_generator_py/unitree_go/msg/_wireless_controller_s.c.o[0m
[28.569s] [ 98%] [32m[1mLinking C shared library rosidl_generator_py/unitree_go/libunitree_go__rosidl_generator_py.so[0m
[28.672s] [ 98%] Built target unitree_go__rosidl_generator_py
[28.720s] [100%] [32mBuilding C object CMakeFiles/unitree_go__rosidl_typesupport_fastrtps_c__pyext.dir/rosidl_generator_py/unitree_go/_unitree_go_s.ep.rosidl_typesupport_fastrtps_c.c.o[0m
[28.720s] [100%] [32mBuilding C object CMakeFiles/unitree_go__rosidl_typesupport_c__pyext.dir/rosidl_generator_py/unitree_go/_unitree_go_s.ep.rosidl_typesupport_c.c.o[0m
[28.720s] [100%] [32mBuilding C object CMakeFiles/unitree_go__rosidl_typesupport_introspection_c__pyext.dir/rosidl_generator_py/unitree_go/_unitree_go_s.ep.rosidl_typesupport_introspection_c.c.o[0m
[29.035s] [100%] [32m[1mLinking C shared library rosidl_generator_py/unitree_go/unitree_go_s__rosidl_typesupport_introspection_c.cpython-310-aarch64-linux-gnu.so[0m
[29.035s] [100%] [32m[1mLinking C shared library rosidl_generator_py/unitree_go/unitree_go_s__rosidl_typesupport_c.cpython-310-aarch64-linux-gnu.so[0m
[29.064s] [100%] [32m[1mLinking C shared library rosidl_generator_py/unitree_go/unitree_go_s__rosidl_typesupport_fastrtps_c.cpython-310-aarch64-linux-gnu.so[0m
[29.105s] [100%] Built target unitree_go__rosidl_typesupport_introspection_c__pyext
[29.105s] [100%] Built target unitree_go__rosidl_typesupport_c__pyext
[29.137s] [100%] Built target unitree_go__rosidl_typesupport_fastrtps_c__pyext
[29.166s] Invoked command in '/home/orin2/ros2_ws/build/unitree_go' returned '0': CMAKE_PREFIX_PATH=${CMAKE_PREFIX_PATH}:/home/orin2/slam_ws/install/transform_sensors:/home/orin2/slam_ws/install/ros_tcp_endpoint:/opt/ros/humble /usr/bin/cmake --build /home/orin2/ros2_ws/build/unitree_go -- -j8 -l8
[29.171s] Invoking command in '/home/orin2/ros2_ws/build/unitree_go': CMAKE_PREFIX_PATH=${CMAKE_PREFIX_PATH}:/home/orin2/slam_ws/install/transform_sensors:/home/orin2/slam_ws/install/ros_tcp_endpoint:/opt/ros/humble /usr/bin/cmake --install /home/orin2/ros2_ws/build/unitree_go
[29.192s] -- Install configuration: ""
[29.192s] -- Installing: /home/orin2/ros2_ws/install/unitree_go/share/ament_index/resource_index/rosidl_interfaces/unitree_go
[29.193s] -- Installing: /home/orin2/ros2_ws/install/unitree_go/include/unitree_go/unitree_go
[29.193s] -- Installing: /home/orin2/ros2_ws/install/unitree_go/include/unitree_go/unitree_go/msg
[29.193s] -- Installing: /home/orin2/ros2_ws/install/unitree_go/include/unitree_go/unitree_go/msg/rosidl_generator_c__visibility_control.h
[29.194s] -- Installing: /home/orin2/ros2_ws/install/unitree_go/include/unitree_go/unitree_go/msg/time_spec.h
[29.194s] -- Installing: /home/orin2/ros2_ws/install/unitree_go/include/unitree_go/unitree_go/msg/lidar_state.h
[29.194s] -- Installing: /home/orin2/ros2_ws/install/unitree_go/include/unitree_go/unitree_go/msg/web_rtc_req.h
[29.194s] -- Installing: /home/orin2/ros2_ws/install/unitree_go/include/unitree_go/unitree_go/msg/interface_config.h
[29.195s] -- Installing: /home/orin2/ros2_ws/install/unitree_go/include/unitree_go/unitree_go/msg/bms_state.h
[29.195s] -- Installing: /home/orin2/ros2_ws/install/unitree_go/include/unitree_go/unitree_go/msg/sport_mode_state.h
[29.195s] -- Installing: /home/orin2/ros2_ws/install/unitree_go/include/unitree_go/unitree_go/msg/go2_front_video_data.h
[29.195s] -- Installing: /home/orin2/ros2_ws/install/unitree_go/include/unitree_go/unitree_go/msg/motor_cmds.h
[29.196s] -- Installing: /home/orin2/ros2_ws/install/unitree_go/include/unitree_go/unitree_go/msg/sport_mode_cmd.h
[29.196s] -- Installing: /home/orin2/ros2_ws/install/unitree_go/include/unitree_go/unitree_go/msg/voxel_height_map_state.h
[29.196s] -- Installing: /home/orin2/ros2_ws/install/unitree_go/include/unitree_go/unitree_go/msg/low_cmd.h
[29.196s] -- Installing: /home/orin2/ros2_ws/install/unitree_go/include/unitree_go/unitree_go/msg/low_state.h
[29.197s] -- Installing: /home/orin2/ros2_ws/install/unitree_go/include/unitree_go/unitree_go/msg/height_map.h
[29.197s] -- Installing: /home/orin2/ros2_ws/install/unitree_go/include/unitree_go/unitree_go/msg/voxel_map_compressed.h
[29.197s] -- Installing: /home/orin2/ros2_ws/install/unitree_go/include/unitree_go/unitree_go/msg/uwb_state.h
[29.197s] -- Installing: /home/orin2/ros2_ws/install/unitree_go/include/unitree_go/unitree_go/msg/motor_cmd.h
[29.197s] -- Installing: /home/orin2/ros2_ws/install/unitree_go/include/unitree_go/unitree_go/msg/path_point.h
[29.198s] -- Installing: /home/orin2/ros2_ws/install/unitree_go/include/unitree_go/unitree_go/msg/motor_state.h
[29.198s] -- Installing: /home/orin2/ros2_ws/install/unitree_go/include/unitree_go/unitree_go/msg/imu_state.h
[29.198s] -- Installing: /home/orin2/ros2_ws/install/unitree_go/include/unitree_go/unitree_go/msg/detail
[29.198s] -- Installing: /home/orin2/ros2_ws/install/unitree_go/include/unitree_go/unitree_go/msg/detail/bms_cmd__type_support.h
[29.199s] -- Installing: /home/orin2/ros2_ws/install/unitree_go/include/unitree_go/unitree_go/msg/detail/interface_config__functions.c
[29.199s] -- Installing: /home/orin2/ros2_ws/install/unitree_go/include/unitree_go/unitree_go/msg/detail/motor_cmd__struct.h
[29.199s] -- Installing: /home/orin2/ros2_ws/install/unitree_go/include/unitree_go/unitree_go/msg/detail/voxel_height_map_state__type_support.h
[29.200s] -- Installing: /home/orin2/ros2_ws/install/unitree_go/include/unitree_go/unitree_go/msg/detail/go2_front_video_data__functions.h
[29.200s] -- Installing: /home/orin2/ros2_ws/install/unitree_go/include/unitree_go/unitree_go/msg/detail/uwb_switch__functions.h
[29.200s] -- Installing: /home/orin2/ros2_ws/install/unitree_go/include/unitree_go/unitree_go/msg/detail/path_point__type_support.h
[29.200s] -- Installing: /home/orin2/ros2_ws/install/unitree_go/include/unitree_go/unitree_go/msg/detail/interface_config__type_support.h
[29.201s] -- Installing: /home/orin2/ros2_ws/install/unitree_go/include/unitree_go/unitree_go/msg/detail/imu_state__functions.c
[29.201s] -- Installing: /home/orin2/ros2_ws/install/unitree_go/include/unitree_go/unitree_go/msg/detail/go2_front_video_data__struct.h
[29.202s] -- Installing: /home/orin2/ros2_ws/install/unitree_go/include/unitree_go/unitree_go/msg/detail/height_map__functions.c
[29.202s] -- Installing: /home/orin2/ros2_ws/install/unitree_go/include/unitree_go/unitree_go/msg/detail/audio_data__functions.c
[29.202s] -- Installing: /home/orin2/ros2_ws/install/unitree_go/include/unitree_go/unitree_go/msg/detail/motor_cmds__type_support.h
[29.203s] -- Installing: /home/orin2/ros2_ws/install/unitree_go/include/unitree_go/unitree_go/msg/detail/motor_cmds__functions.c
[29.203s] -- Installing: /home/orin2/ros2_ws/install/unitree_go/include/unitree_go/unitree_go/msg/detail/motor_states__type_support.h
[29.203s] -- Installing: /home/orin2/ros2_ws/install/unitree_go/include/unitree_go/unitree_go/msg/detail/uwb_state__type_support.h
[29.203s] -- Installing: /home/orin2/ros2_ws/install/unitree_go/include/unitree_go/unitree_go/msg/detail/time_spec__functions.h
[29.204s] -- Installing: /home/orin2/ros2_ws/install/unitree_go/include/unitree_go/unitree_go/msg/detail/web_rtc_req__functions.c
[29.204s] -- Installing: /home/orin2/ros2_ws/install/unitree_go/include/unitree_go/unitree_go/msg/detail/path_point__functions.c
[29.204s] -- Installing: /home/orin2/ros2_ws/install/unitree_go/include/unitree_go/unitree_go/msg/detail/req__functions.h
[29.205s] -- Installing: /home/orin2/ros2_ws/install/unitree_go/include/unitree_go/unitree_go/msg/detail/bms_cmd__functions.h
[29.205s] -- Installing: /home/orin2/ros2_ws/install/unitree_go/include/unitree_go/unitree_go/msg/detail/uwb_switch__type_support.h
[29.205s] -- Installing: /home/orin2/ros2_ws/install/unitree_go/include/unitree_go/unitree_go/msg/detail/motor_cmd__type_support.h
[29.205s] -- Installing: /home/orin2/ros2_ws/install/unitree_go/include/unitree_go/unitree_go/msg/detail/error__functions.h
[29.206s] -- Installing: /home/orin2/ros2_ws/install/unitree_go/include/unitree_go/unitree_go/msg/detail/bms_state__functions.h
[29.206s] -- Installing: /home/orin2/ros2_ws/install/unitree_go/include/unitree_go/unitree_go/msg/detail/uwb_state__functions.c
[29.206s] -- Installing: /home/orin2/ros2_ws/install/unitree_go/include/unitree_go/unitree_go/msg/detail/go2_front_video_data__functions.c
[29.207s] -- Installing: /home/orin2/ros2_ws/install/unitree_go/include/unitree_go/unitree_go/msg/detail/error__type_support.h
[29.207s] -- Installing: /home/orin2/ros2_ws/install/unitree_go/include/unitree_go/unitree_go/msg/detail/wireless_controller__type_support.h
[29.207s] -- Installing: /home/orin2/ros2_ws/install/unitree_go/include/unitree_go/unitree_go/msg/detail/error__struct.h
[29.208s] -- Installing: /home/orin2/ros2_ws/install/unitree_go/include/unitree_go/unitree_go/msg/detail/audio_data__struct.h
[29.208s] -- Installing: /home/orin2/ros2_ws/install/unitree_go/include/unitree_go/unitree_go/msg/detail/web_rtc_req__type_support.h
[29.208s] -- Installing: /home/orin2/ros2_ws/install/unitree_go/include/unitree_go/unitree_go/msg/detail/sport_mode_state__functions.h
[29.208s] -- Installing: /home/orin2/ros2_ws/install/unitree_go/include/unitree_go/unitree_go/msg/detail/sport_mode_state__functions.c
[29.209s] -- Installing: /home/orin2/ros2_ws/install/unitree_go/include/unitree_go/unitree_go/msg/detail/req__struct.h
[29.209s] -- Installing: /home/orin2/ros2_ws/install/unitree_go/include/unitree_go/unitree_go/msg/detail/low_state__functions.c
[29.209s] -- Installing: /home/orin2/ros2_ws/install/unitree_go/include/unitree_go/unitree_go/msg/detail/motor_states__functions.h
[29.210s] -- Installing: /home/orin2/ros2_ws/install/unitree_go/include/unitree_go/unitree_go/msg/detail/web_rtc_req__struct.h
[29.210s] -- Installing: /home/orin2/ros2_ws/install/unitree_go/include/unitree_go/unitree_go/msg/detail/audio_data__type_support.h
[29.210s] -- Installing: /home/orin2/ros2_ws/install/unitree_go/include/unitree_go/unitree_go/msg/detail/time_spec__type_support.h
[29.211s] -- Installing: /home/orin2/ros2_ws/install/unitree_go/include/unitree_go/unitree_go/msg/detail/height_map__functions.h
[29.211s] -- Installing: /home/orin2/ros2_ws/install/unitree_go/include/unitree_go/unitree_go/msg/detail/voxel_height_map_state__functions.c
[29.211s] -- Installing: /home/orin2/ros2_ws/install/unitree_go/include/unitree_go/unitree_go/msg/detail/sport_mode_cmd__functions.c
[29.212s] -- Installing: /home/orin2/ros2_ws/install/unitree_go/include/unitree_go/unitree_go/msg/detail/sport_mode_cmd__type_support.h
[29.212s] -- Installing: /home/orin2/ros2_ws/install/unitree_go/include/unitree_go/unitree_go/msg/detail/req__type_support.h
[29.212s] -- Installing: /home/orin2/ros2_ws/install/unitree_go/include/unitree_go/unitree_go/msg/detail/motor_state__type_support.h
[29.212s] -- Installing: /home/orin2/ros2_ws/install/unitree_go/include/unitree_go/unitree_go/msg/detail/low_cmd__functions.c
[29.213s] -- Installing: /home/orin2/ros2_ws/install/unitree_go/include/unitree_go/unitree_go/msg/detail/audio_data__functions.h
[29.213s] -- Installing: /home/orin2/ros2_ws/install/unitree_go/include/unitree_go/unitree_go/msg/detail/motor_states__functions.c
[29.213s] -- Installing: /home/orin2/ros2_ws/install/unitree_go/include/unitree_go/unitree_go/msg/detail/sport_mode_cmd__functions.h
[29.214s] -- Installing: /home/orin2/ros2_ws/install/unitree_go/include/unitree_go/unitree_go/msg/detail/low_cmd__functions.h
[29.214s] -- Installing: /home/orin2/ros2_ws/install/unitree_go/include/unitree_go/unitree_go/msg/detail/error__functions.c
[29.214s] -- Installing: /home/orin2/ros2_ws/install/unitree_go/include/unitree_go/unitree_go/msg/detail/low_state__type_support.h
[29.214s] -- Installing: /home/orin2/ros2_ws/install/unitree_go/include/unitree_go/unitree_go/msg/detail/wireless_controller__functions.c
[29.215s] -- Installing: /home/orin2/ros2_ws/install/unitree_go/include/unitree_go/unitree_go/msg/detail/res__functions.c
[29.215s] -- Installing: /home/orin2/ros2_ws/install/unitree_go/include/unitree_go/unitree_go/msg/detail/voxel_map_compressed__functions.h
[29.215s] -- Installing: /home/orin2/ros2_ws/install/unitree_go/include/unitree_go/unitree_go/msg/detail/low_cmd__type_support.h
[29.216s] -- Installing: /home/orin2/ros2_ws/install/unitree_go/include/unitree_go/unitree_go/msg/detail/bms_state__struct.h
[29.216s] -- Installing: /home/orin2/ros2_ws/install/unitree_go/include/unitree_go/unitree_go/msg/detail/req__functions.c
[29.216s] -- Installing: /home/orin2/ros2_ws/install/unitree_go/include/unitree_go/unitree_go/msg/detail/lidar_state__type_support.h
[29.217s] -- Installing: /home/orin2/ros2_ws/install/unitree_go/include/unitree_go/unitree_go/msg/detail/motor_state__functions.c
[29.217s] -- Installing: /home/orin2/ros2_ws/install/unitree_go/include/unitree_go/unitree_go/msg/detail/voxel_map_compressed__functions.c
[29.217s] -- Installing: /home/orin2/ros2_ws/install/unitree_go/include/unitree_go/unitree_go/msg/detail/time_spec__functions.c
[29.217s] -- Installing: /home/orin2/ros2_ws/install/unitree_go/include/unitree_go/unitree_go/msg/detail/voxel_height_map_state__struct.h
[29.218s] -- Installing: /home/orin2/ros2_ws/install/unitree_go/include/unitree_go/unitree_go/msg/detail/voxel_map_compressed__struct.h
[29.218s] -- Installing: /home/orin2/ros2_ws/install/unitree_go/include/unitree_go/unitree_go/msg/detail/bms_cmd__functions.c
[29.218s] -- Installing: /home/orin2/ros2_ws/install/unitree_go/include/unitree_go/unitree_go/msg/detail/voxel_height_map_state__functions.h
[29.219s] -- Installing: /home/orin2/ros2_ws/install/unitree_go/include/unitree_go/unitree_go/msg/detail/imu_state__functions.h
[29.219s] -- Installing: /home/orin2/ros2_ws/install/unitree_go/include/unitree_go/unitree_go/msg/detail/low_state__struct.h
[29.219s] -- Installing: /home/orin2/ros2_ws/install/unitree_go/include/unitree_go/unitree_go/msg/detail/motor_cmd__functions.c
[29.219s] -- Installing: /home/orin2/ros2_ws/install/unitree_go/include/unitree_go/unitree_go/msg/detail/motor_state__functions.h
[29.220s] -- Installing: /home/orin2/ros2_ws/install/unitree_go/include/unitree_go/unitree_go/msg/detail/height_map__type_support.h
[29.220s] -- Installing: /home/orin2/ros2_ws/install/unitree_go/include/unitree_go/unitree_go/msg/detail/imu_state__struct.h
[29.220s] -- Installing: /home/orin2/ros2_ws/install/unitree_go/include/unitree_go/unitree_go/msg/detail/motor_state__struct.h
[29.220s] -- Installing: /home/orin2/ros2_ws/install/unitree_go/include/unitree_go/unitree_go/msg/detail/wireless_controller__struct.h
[29.221s] -- Installing: /home/orin2/ros2_ws/install/unitree_go/include/unitree_go/unitree_go/msg/detail/lidar_state__struct.h
[29.221s] -- Installing: /home/orin2/ros2_ws/install/unitree_go/include/unitree_go/unitree_go/msg/detail/motor_cmd__functions.h
[29.221s] -- Installing: /home/orin2/ros2_ws/install/unitree_go/include/unitree_go/unitree_go/msg/detail/wireless_controller__functions.h
[29.222s] -- Installing: /home/orin2/ros2_ws/install/unitree_go/include/unitree_go/unitree_go/msg/detail/imu_state__type_support.h
[29.222s] -- Installing: /home/orin2/ros2_ws/install/unitree_go/include/unitree_go/unitree_go/msg/detail/bms_state__functions.c
[29.222s] -- Installing: /home/orin2/ros2_ws/install/unitree_go/include/unitree_go/unitree_go/msg/detail/low_state__functions.h
[29.222s] -- Installing: /home/orin2/ros2_ws/install/unitree_go/include/unitree_go/unitree_go/msg/detail/low_cmd__struct.h
[29.223s] -- Installing: /home/orin2/ros2_ws/install/unitree_go/include/unitree_go/unitree_go/msg/detail/sport_mode_state__type_support.h
[29.223s] -- Installing: /home/orin2/ros2_ws/install/unitree_go/include/unitree_go/unitree_go/msg/detail/bms_state__type_support.h
[29.223s] -- Installing: /home/orin2/ros2_ws/install/unitree_go/include/unitree_go/unitree_go/msg/detail/path_point__struct.h
[29.224s] -- Installing: /home/orin2/ros2_ws/install/unitree_go/include/unitree_go/unitree_go/msg/detail/sport_mode_cmd__struct.h
[29.224s] -- Installing: /home/orin2/ros2_ws/install/unitree_go/include/unitree_go/unitree_go/msg/detail/interface_config__functions.h
[29.224s] -- Installing: /home/orin2/ros2_ws/install/unitree_go/include/unitree_go/unitree_go/msg/detail/motor_cmds__struct.h
[29.225s] -- Installing: /home/orin2/ros2_ws/install/unitree_go/include/unitree_go/unitree_go/msg/detail/res__functions.h
[29.225s] -- Installing: /home/orin2/ros2_ws/install/unitree_go/include/unitree_go/unitree_go/msg/detail/voxel_map_compressed__type_support.h
[29.225s] -- Installing: /home/orin2/ros2_ws/install/unitree_go/include/unitree_go/unitree_go/msg/detail/uwb_state__functions.h
[29.225s] -- Installing: /home/orin2/ros2_ws/install/unitree_go/include/unitree_go/unitree_go/msg/detail/web_rtc_req__functions.h
[29.226s] -- Installing: /home/orin2/ros2_ws/install/unitree_go/include/unitree_go/unitree_go/msg/detail/res__struct.h
[29.226s] -- Installing: /home/orin2/ros2_ws/install/unitree_go/include/unitree_go/unitree_go/msg/detail/motor_cmds__functions.h
[29.226s] -- Installing: /home/orin2/ros2_ws/install/unitree_go/include/unitree_go/unitree_go/msg/detail/height_map__struct.h
[29.226s] -- Installing: /home/orin2/ros2_ws/install/unitree_go/include/unitree_go/unitree_go/msg/detail/motor_states__struct.h
[29.227s] -- Installing: /home/orin2/ros2_ws/install/unitree_go/include/unitree_go/unitree_go/msg/detail/go2_front_video_data__type_support.h
[29.227s] -- Installing: /home/orin2/ros2_ws/install/unitree_go/include/unitree_go/unitree_go/msg/detail/sport_mode_state__struct.h
[29.227s] -- Installing: /home/orin2/ros2_ws/install/unitree_go/include/unitree_go/unitree_go/msg/detail/time_spec__struct.h
[29.228s] -- Installing: /home/orin2/ros2_ws/install/unitree_go/include/unitree_go/unitree_go/msg/detail/uwb_switch__struct.h
[29.228s] -- Installing: /home/orin2/ros2_ws/install/unitree_go/include/unitree_go/unitree_go/msg/detail/interface_config__struct.h
[29.228s] -- Installing: /home/orin2/ros2_ws/install/unitree_go/include/unitree_go/unitree_go/msg/detail/lidar_state__functions.h
[29.228s] -- Installing: /home/orin2/ros2_ws/install/unitree_go/include/unitree_go/unitree_go/msg/detail/uwb_switch__functions.c
[29.229s] -- Installing: /home/orin2/ros2_ws/install/unitree_go/include/unitree_go/unitree_go/msg/detail/bms_cmd__struct.h
[29.229s] -- Installing: /home/orin2/ros2_ws/install/unitree_go/include/unitree_go/unitree_go/msg/detail/res__type_support.h
[29.229s] -- Installing: /home/orin2/ros2_ws/install/unitree_go/include/unitree_go/unitree_go/msg/detail/path_point__functions.h
[29.230s] -- Installing: /home/orin2/ros2_ws/install/unitree_go/include/unitree_go/unitree_go/msg/detail/lidar_state__functions.c
[29.230s] -- Installing: /home/orin2/ros2_ws/install/unitree_go/include/unitree_go/unitree_go/msg/detail/uwb_state__struct.h
[29.230s] -- Installing: /home/orin2/ros2_ws/install/unitree_go/include/unitree_go/unitree_go/msg/motor_states.h
[29.230s] -- Installing: /home/orin2/ros2_ws/install/unitree_go/include/unitree_go/unitree_go/msg/audio_data.h
[29.231s] -- Installing: /home/orin2/ros2_ws/install/unitree_go/include/unitree_go/unitree_go/msg/wireless_controller.h
[29.231s] -- Installing: /home/orin2/ros2_ws/install/unitree_go/include/unitree_go/unitree_go/msg/req.h
[29.231s] -- Installing: /home/orin2/ros2_ws/install/unitree_go/include/unitree_go/unitree_go/msg/bms_cmd.h
[29.232s] -- Installing: /home/orin2/ros2_ws/install/unitree_go/include/unitree_go/unitree_go/msg/error.h
[29.232s] -- Installing: /home/orin2/ros2_ws/install/unitree_go/include/unitree_go/unitree_go/msg/uwb_switch.h
[29.232s] -- Installing: /home/orin2/ros2_ws/install/unitree_go/include/unitree_go/unitree_go/msg/res.h
[29.232s] -- Installing: /home/orin2/ros2_ws/install/unitree_go/share/unitree_go/environment/library_path.sh
[29.233s] -- Installing: /home/orin2/ros2_ws/install/unitree_go/share/unitree_go/environment/library_path.dsv
[29.233s] -- Installing: /home/orin2/ros2_ws/install/unitree_go/lib/libunitree_go__rosidl_generator_c.so
[29.233s] -- Set runtime path of "/home/orin2/ros2_ws/install/unitree_go/lib/libunitree_go__rosidl_generator_c.so" to ""
[29.233s] -- Up-to-date: /home/orin2/ros2_ws/install/unitree_go/include/unitree_go/unitree_go
[29.234s] -- Up-to-date: /home/orin2/ros2_ws/install/unitree_go/include/unitree_go/unitree_go/msg
[29.234s] -- Installing: /home/orin2/ros2_ws/install/unitree_go/include/unitree_go/unitree_go/msg/rosidl_typesupport_fastrtps_c__visibility_control.h
[29.234s] -- Up-to-date: /home/orin2/ros2_ws/install/unitree_go/include/unitree_go/unitree_go/msg/detail
[29.235s] -- Installing: /home/orin2/ros2_ws/install/unitree_go/include/unitree_go/unitree_go/msg/detail/bms_cmd__rosidl_typesupport_fastrtps_c.h
[29.235s] -- Installing: /home/orin2/ros2_ws/install/unitree_go/include/unitree_go/unitree_go/msg/detail/voxel_map_compressed__rosidl_typesupport_fastrtps_c.h
[29.235s] -- Installing: /home/orin2/ros2_ws/install/unitree_go/include/unitree_go/unitree_go/msg/detail/motor_cmds__rosidl_typesupport_fastrtps_c.h
[29.235s] -- Installing: /home/orin2/ros2_ws/install/unitree_go/include/unitree_go/unitree_go/msg/detail/motor_cmd__rosidl_typesupport_fastrtps_c.h
[29.236s] -- Installing: /home/orin2/ros2_ws/install/unitree_go/include/unitree_go/unitree_go/msg/detail/uwb_switch__rosidl_typesupport_fastrtps_c.h
[29.236s] -- Installing: /home/orin2/ros2_ws/install/unitree_go/include/unitree_go/unitree_go/msg/detail/low_state__rosidl_typesupport_fastrtps_c.h
[29.236s] -- Installing: /home/orin2/ros2_ws/install/unitree_go/include/unitree_go/unitree_go/msg/detail/sport_mode_state__rosidl_typesupport_fastrtps_c.h
[29.237s] -- Installing: /home/orin2/ros2_ws/install/unitree_go/include/unitree_go/unitree_go/msg/detail/height_map__rosidl_typesupport_fastrtps_c.h
[29.237s] -- Installing: /home/orin2/ros2_ws/install/unitree_go/include/unitree_go/unitree_go/msg/detail/time_spec__rosidl_typesupport_fastrtps_c.h
[29.237s] -- Installing: /home/orin2/ros2_ws/install/unitree_go/include/unitree_go/unitree_go/msg/detail/interface_config__rosidl_typesupport_fastrtps_c.h
[29.237s] -- Installing: /home/orin2/ros2_ws/install/unitree_go/include/unitree_go/unitree_go/msg/detail/req__rosidl_typesupport_fastrtps_c.h
[29.238s] -- Installing: /home/orin2/ros2_ws/install/unitree_go/include/unitree_go/unitree_go/msg/detail/go2_front_video_data__rosidl_typesupport_fastrtps_c.h
[29.238s] -- Installing: /home/orin2/ros2_ws/install/unitree_go/include/unitree_go/unitree_go/msg/detail/web_rtc_req__rosidl_typesupport_fastrtps_c.h
[29.238s] -- Installing: /home/orin2/ros2_ws/install/unitree_go/include/unitree_go/unitree_go/msg/detail/bms_state__rosidl_typesupport_fastrtps_c.h
[29.238s] -- Installing: /home/orin2/ros2_ws/install/unitree_go/include/unitree_go/unitree_go/msg/detail/lidar_state__rosidl_typesupport_fastrtps_c.h
[29.239s] -- Installing: /home/orin2/ros2_ws/install/unitree_go/include/unitree_go/unitree_go/msg/detail/error__rosidl_typesupport_fastrtps_c.h
[29.239s] -- Installing: /home/orin2/ros2_ws/install/unitree_go/include/unitree_go/unitree_go/msg/detail/sport_mode_cmd__rosidl_typesupport_fastrtps_c.h
[29.239s] -- Installing: /home/orin2/ros2_ws/install/unitree_go/include/unitree_go/unitree_go/msg/detail/audio_data__rosidl_typesupport_fastrtps_c.h
[29.239s] -- Installing: /home/orin2/ros2_ws/install/unitree_go/include/unitree_go/unitree_go/msg/detail/path_point__rosidl_typesupport_fastrtps_c.h
[29.240s] -- Installing: /home/orin2/ros2_ws/install/unitree_go/include/unitree_go/unitree_go/msg/detail/uwb_state__rosidl_typesupport_fastrtps_c.h
[29.240s] -- Installing: /home/orin2/ros2_ws/install/unitree_go/include/unitree_go/unitree_go/msg/detail/imu_state__rosidl_typesupport_fastrtps_c.h
[29.240s] -- Installing: /home/orin2/ros2_ws/install/unitree_go/include/unitree_go/unitree_go/msg/detail/motor_states__rosidl_typesupport_fastrtps_c.h
[29.241s] -- Installing: /home/orin2/ros2_ws/install/unitree_go/include/unitree_go/unitree_go/msg/detail/motor_state__rosidl_typesupport_fastrtps_c.h
[29.241s] -- Installing: /home/orin2/ros2_ws/install/unitree_go/include/unitree_go/unitree_go/msg/detail/voxel_height_map_state__rosidl_typesupport_fastrtps_c.h
[29.241s] -- Installing: /home/orin2/ros2_ws/install/unitree_go/include/unitree_go/unitree_go/msg/detail/res__rosidl_typesupport_fastrtps_c.h
[29.242s] -- Installing: /home/orin2/ros2_ws/install/unitree_go/include/unitree_go/unitree_go/msg/detail/low_cmd__rosidl_typesupport_fastrtps_c.h
[29.242s] -- Installing: /home/orin2/ros2_ws/install/unitree_go/include/unitree_go/unitree_go/msg/detail/wireless_controller__rosidl_typesupport_fastrtps_c.h
[29.242s] -- Installing: /home/orin2/ros2_ws/install/unitree_go/lib/libunitree_go__rosidl_typesupport_fastrtps_c.so
[29.242s] -- Set runtime path of "/home/orin2/ros2_ws/install/unitree_go/lib/libunitree_go__rosidl_typesupport_fastrtps_c.so" to ""
[29.243s] -- Up-to-date: /home/orin2/ros2_ws/install/unitree_go/include/unitree_go/unitree_go
[29.243s] -- Up-to-date: /home/orin2/ros2_ws/install/unitree_go/include/unitree_go/unitree_go/msg
[29.243s] -- Up-to-date: /home/orin2/ros2_ws/install/unitree_go/include/unitree_go/unitree_go/msg/detail
[29.244s] -- Installing: /home/orin2/ros2_ws/install/unitree_go/include/unitree_go/unitree_go/msg/detail/voxel_height_map_state__rosidl_typesupport_introspection_c.h
[29.244s] -- Installing: /home/orin2/ros2_ws/install/unitree_go/include/unitree_go/unitree_go/msg/detail/time_spec__type_support.c
[29.244s] -- Installing: /home/orin2/ros2_ws/install/unitree_go/include/unitree_go/unitree_go/msg/detail/uwb_switch__rosidl_typesupport_introspection_c.h
[29.244s] -- Installing: /home/orin2/ros2_ws/install/unitree_go/include/unitree_go/unitree_go/msg/detail/low_state__rosidl_typesupport_introspection_c.h
[29.245s] -- Installing: /home/orin2/ros2_ws/install/unitree_go/include/unitree_go/unitree_go/msg/detail/imu_state__type_support.c
[29.245s] -- Installing: /home/orin2/ros2_ws/install/unitree_go/include/unitree_go/unitree_go/msg/detail/bms_cmd__type_support.c
[29.245s] -- Installing: /home/orin2/ros2_ws/install/unitree_go/include/unitree_go/unitree_go/msg/detail/bms_state__type_support.c
[29.246s] -- Installing: /home/orin2/ros2_ws/install/unitree_go/include/unitree_go/unitree_go/msg/detail/sport_mode_state__rosidl_typesupport_introspection_c.h
[29.246s] -- Installing: /home/orin2/ros2_ws/install/unitree_go/include/unitree_go/unitree_go/msg/detail/time_spec__rosidl_typesupport_introspection_c.h
[29.246s] -- Installing: /home/orin2/ros2_ws/install/unitree_go/include/unitree_go/unitree_go/msg/detail/path_point__type_support.c
[29.246s] -- Installing: /home/orin2/ros2_ws/install/unitree_go/include/unitree_go/unitree_go/msg/detail/motor_cmds__rosidl_typesupport_introspection_c.h
[29.247s] -- Installing: /home/orin2/ros2_ws/install/unitree_go/include/unitree_go/unitree_go/msg/detail/audio_data__rosidl_typesupport_introspection_c.h
[29.247s] -- Installing: /home/orin2/ros2_ws/install/unitree_go/include/unitree_go/unitree_go/msg/detail/go2_front_video_data__type_support.c
[29.247s] -- Installing: /home/orin2/ros2_ws/install/unitree_go/include/unitree_go/unitree_go/msg/detail/wireless_controller__type_support.c
[29.247s] -- Installing: /home/orin2/ros2_ws/install/unitree_go/include/unitree_go/unitree_go/msg/detail/uwb_switch__type_support.c
[29.248s] -- Installing: /home/orin2/ros2_ws/install/unitree_go/include/unitree_go/unitree_go/msg/detail/sport_mode_cmd__type_support.c
[29.248s] -- Installing: /home/orin2/ros2_ws/install/unitree_go/include/unitree_go/unitree_go/msg/detail/voxel_map_compressed__rosidl_typesupport_introspection_c.h
[29.248s] -- Installing: /home/orin2/ros2_ws/install/unitree_go/include/unitree_go/unitree_go/msg/detail/audio_data__type_support.c
[29.249s] -- Installing: /home/orin2/ros2_ws/install/unitree_go/include/unitree_go/unitree_go/msg/detail/req__rosidl_typesupport_introspection_c.h
[29.249s] -- Installing: /home/orin2/ros2_ws/install/unitree_go/include/unitree_go/unitree_go/msg/detail/voxel_map_compressed__type_support.c
[29.249s] -- Installing: /home/orin2/ros2_ws/install/unitree_go/include/unitree_go/unitree_go/msg/detail/error__type_support.c
[29.250s] -- Installing: /home/orin2/ros2_ws/install/unitree_go/include/unitree_go/unitree_go/msg/detail/go2_front_video_data__rosidl_typesupport_introspection_c.h
[29.250s] -- Installing: /home/orin2/ros2_ws/install/unitree_go/include/unitree_go/unitree_go/msg/detail/height_map__rosidl_typesupport_introspection_c.h
[29.250s] -- Installing: /home/orin2/ros2_ws/install/unitree_go/include/unitree_go/unitree_go/msg/detail/voxel_height_map_state__type_support.c
[29.251s] -- Installing: /home/orin2/ros2_ws/install/unitree_go/include/unitree_go/unitree_go/msg/detail/sport_mode_cmd__rosidl_typesupport_introspection_c.h
[29.251s] -- Installing: /home/orin2/ros2_ws/install/unitree_go/include/unitree_go/unitree_go/msg/detail/lidar_state__rosidl_typesupport_introspection_c.h
[29.251s] -- Installing: /home/orin2/ros2_ws/install/unitree_go/include/unitree_go/unitree_go/msg/detail/req__type_support.c
[29.251s] -- Installing: /home/orin2/ros2_ws/install/unitree_go/include/unitree_go/unitree_go/msg/detail/bms_state__rosidl_typesupport_introspection_c.h
[29.252s] -- Installing: /home/orin2/ros2_ws/install/unitree_go/include/unitree_go/unitree_go/msg/detail/motor_states__rosidl_typesupport_introspection_c.h
[29.252s] -- Installing: /home/orin2/ros2_ws/install/unitree_go/include/unitree_go/unitree_go/msg/detail/motor_states__type_support.c
[29.252s] -- Installing: /home/orin2/ros2_ws/install/unitree_go/include/unitree_go/unitree_go/msg/detail/uwb_state__rosidl_typesupport_introspection_c.h
[29.253s] -- Installing: /home/orin2/ros2_ws/install/unitree_go/include/unitree_go/unitree_go/msg/detail/lidar_state__type_support.c
[29.253s] -- Installing: /home/orin2/ros2_ws/install/unitree_go/include/unitree_go/unitree_go/msg/detail/motor_cmds__type_support.c
[29.253s] -- Installing: /home/orin2/ros2_ws/install/unitree_go/include/unitree_go/unitree_go/msg/detail/motor_state__rosidl_typesupport_introspection_c.h
[29.253s] -- Installing: /home/orin2/ros2_ws/install/unitree_go/include/unitree_go/unitree_go/msg/detail/res__rosidl_typesupport_introspection_c.h
[29.254s] -- Installing: /home/orin2/ros2_ws/install/unitree_go/include/unitree_go/unitree_go/msg/detail/low_cmd__type_support.c
[29.254s] -- Installing: /home/orin2/ros2_ws/install/unitree_go/include/unitree_go/unitree_go/msg/detail/wireless_controller__rosidl_typesupport_introspection_c.h
[29.254s] -- Installing: /home/orin2/ros2_ws/install/unitree_go/include/unitree_go/unitree_go/msg/detail/sport_mode_state__type_support.c
[29.255s] -- Installing: /home/orin2/ros2_ws/install/unitree_go/include/unitree_go/unitree_go/msg/detail/interface_config__type_support.c
[29.255s] -- Installing: /home/orin2/ros2_ws/install/unitree_go/include/unitree_go/unitree_go/msg/detail/bms_cmd__rosidl_typesupport_introspection_c.h
[29.255s] -- Installing: /home/orin2/ros2_ws/install/unitree_go/include/unitree_go/unitree_go/msg/detail/height_map__type_support.c
[29.256s] -- Installing: /home/orin2/ros2_ws/install/unitree_go/include/unitree_go/unitree_go/msg/detail/imu_state__rosidl_typesupport_introspection_c.h
[29.256s] -- Installing: /home/orin2/ros2_ws/install/unitree_go/include/unitree_go/unitree_go/msg/detail/path_point__rosidl_typesupport_introspection_c.h
[29.256s] -- Installing: /home/orin2/ros2_ws/install/unitree_go/include/unitree_go/unitree_go/msg/detail/interface_config__rosidl_typesupport_introspection_c.h
[29.256s] -- Installing: /home/orin2/ros2_ws/install/unitree_go/include/unitree_go/unitree_go/msg/detail/web_rtc_req__rosidl_typesupport_introspection_c.h
[29.257s] -- Installing: /home/orin2/ros2_ws/install/unitree_go/include/unitree_go/unitree_go/msg/detail/low_cmd__rosidl_typesupport_introspection_c.h
[29.257s] -- Installing: /home/orin2/ros2_ws/install/unitree_go/include/unitree_go/unitree_go/msg/detail/uwb_state__type_support.c
[29.257s] -- Installing: /home/orin2/ros2_ws/install/unitree_go/include/unitree_go/unitree_go/msg/detail/motor_cmd__type_support.c
[29.258s] -- Installing: /home/orin2/ros2_ws/install/unitree_go/include/unitree_go/unitree_go/msg/detail/web_rtc_req__type_support.c
[29.258s] -- Installing: /home/orin2/ros2_ws/install/unitree_go/include/unitree_go/unitree_go/msg/detail/error__rosidl_typesupport_introspection_c.h
[29.258s] -- Installing: /home/orin2/ros2_ws/install/unitree_go/include/unitree_go/unitree_go/msg/detail/motor_state__type_support.c
[29.258s] -- Installing: /home/orin2/ros2_ws/install/unitree_go/include/unitree_go/unitree_go/msg/detail/res__type_support.c
[29.259s] -- Installing: /home/orin2/ros2_ws/install/unitree_go/include/unitree_go/unitree_go/msg/detail/motor_cmd__rosidl_typesupport_introspection_c.h
[29.259s] -- Installing: /home/orin2/ros2_ws/install/unitree_go/include/unitree_go/unitree_go/msg/detail/low_state__type_support.c
[29.259s] -- Installing: /home/orin2/ros2_ws/install/unitree_go/include/unitree_go/unitree_go/msg/rosidl_typesupport_introspection_c__visibility_control.h
[29.260s] -- Installing: /home/orin2/ros2_ws/install/unitree_go/lib/libunitree_go__rosidl_typesupport_introspection_c.so
[29.260s] -- Set runtime path of "/home/orin2/ros2_ws/install/unitree_go/lib/libunitree_go__rosidl_typesupport_introspection_c.so" to ""
[29.260s] -- Installing: /home/orin2/ros2_ws/install/unitree_go/lib/libunitree_go__rosidl_typesupport_c.so
[29.260s] -- Set runtime path of "/home/orin2/ros2_ws/install/unitree_go/lib/libunitree_go__rosidl_typesupport_c.so" to ""
[29.261s] -- Up-to-date: /home/orin2/ros2_ws/install/unitree_go/include/unitree_go/unitree_go
[29.261s] -- Up-to-date: /home/orin2/ros2_ws/install/unitree_go/include/unitree_go/unitree_go/msg
[29.261s] -- Installing: /home/orin2/ros2_ws/install/unitree_go/include/unitree_go/unitree_go/msg/low_state.hpp
[29.262s] -- Installing: /home/orin2/ros2_ws/install/unitree_go/include/unitree_go/unitree_go/msg/bms_cmd.hpp
[29.262s] -- Installing: /home/orin2/ros2_ws/install/unitree_go/include/unitree_go/unitree_go/msg/low_cmd.hpp
[29.262s] -- Installing: /home/orin2/ros2_ws/install/unitree_go/include/unitree_go/unitree_go/msg/motor_cmds.hpp
[29.262s] -- Installing: /home/orin2/ros2_ws/install/unitree_go/include/unitree_go/unitree_go/msg/height_map.hpp
[29.263s] -- Installing: /home/orin2/ros2_ws/install/unitree_go/include/unitree_go/unitree_go/msg/uwb_state.hpp
[29.263s] -- Installing: /home/orin2/ros2_ws/install/unitree_go/include/unitree_go/unitree_go/msg/motor_cmd.hpp
[29.263s] -- Installing: /home/orin2/ros2_ws/install/unitree_go/include/unitree_go/unitree_go/msg/go2_front_video_data.hpp
[29.264s] -- Installing: /home/orin2/ros2_ws/install/unitree_go/include/unitree_go/unitree_go/msg/interface_config.hpp
[29.264s] -- Installing: /home/orin2/ros2_ws/install/unitree_go/include/unitree_go/unitree_go/msg/sport_mode_state.hpp
[29.264s] -- Installing: /home/orin2/ros2_ws/install/unitree_go/include/unitree_go/unitree_go/msg/voxel_height_map_state.hpp
[29.265s] -- Installing: /home/orin2/ros2_ws/install/unitree_go/include/unitree_go/unitree_go/msg/lidar_state.hpp
[29.265s] -- Installing: /home/orin2/ros2_ws/install/unitree_go/include/unitree_go/unitree_go/msg/wireless_controller.hpp
[29.265s] -- Installing: /home/orin2/ros2_ws/install/unitree_go/include/unitree_go/unitree_go/msg/bms_state.hpp
[29.265s] -- Installing: /home/orin2/ros2_ws/install/unitree_go/include/unitree_go/unitree_go/msg/imu_state.hpp
[29.266s] -- Up-to-date: /home/orin2/ros2_ws/install/unitree_go/include/unitree_go/unitree_go/msg/detail
[29.266s] -- Installing: /home/orin2/ros2_ws/install/unitree_go/include/unitree_go/unitree_go/msg/detail/path_point__struct.hpp
[29.266s] -- Installing: /home/orin2/ros2_ws/install/unitree_go/include/unitree_go/unitree_go/msg/detail/motor_cmd__type_support.hpp
[29.267s] -- Installing: /home/orin2/ros2_ws/install/unitree_go/include/unitree_go/unitree_go/msg/detail/req__builder.hpp
[29.267s] -- Installing: /home/orin2/ros2_ws/install/unitree_go/include/unitree_go/unitree_go/msg/detail/lidar_state__traits.hpp
[29.267s] -- Installing: /home/orin2/ros2_ws/install/unitree_go/include/unitree_go/unitree_go/msg/detail/sport_mode_cmd__type_support.hpp
[29.268s] -- Installing: /home/orin2/ros2_ws/install/unitree_go/include/unitree_go/unitree_go/msg/detail/voxel_height_map_state__type_support.hpp
[29.268s] -- Installing: /home/orin2/ros2_ws/install/unitree_go/include/unitree_go/unitree_go/msg/detail/res__builder.hpp
[29.268s] -- Installing: /home/orin2/ros2_ws/install/unitree_go/include/unitree_go/unitree_go/msg/detail/low_state__type_support.hpp
[29.268s] -- Installing: /home/orin2/ros2_ws/install/unitree_go/include/unitree_go/unitree_go/msg/detail/motor_cmd__struct.hpp
[29.269s] -- Installing: /home/orin2/ros2_ws/install/unitree_go/include/unitree_go/unitree_go/msg/detail/imu_state__builder.hpp
[29.269s] -- Installing: /home/orin2/ros2_ws/install/unitree_go/include/unitree_go/unitree_go/msg/detail/height_map__struct.hpp
[29.269s] -- Installing: /home/orin2/ros2_ws/install/unitree_go/include/unitree_go/unitree_go/msg/detail/voxel_map_compressed__type_support.hpp
[29.270s] -- Installing: /home/orin2/ros2_ws/install/unitree_go/include/unitree_go/unitree_go/msg/detail/sport_mode_state__traits.hpp
[29.270s] -- Installing: /home/orin2/ros2_ws/install/unitree_go/include/unitree_go/unitree_go/msg/detail/motor_state__type_support.hpp
[29.270s] -- Installing: /home/orin2/ros2_ws/install/unitree_go/include/unitree_go/unitree_go/msg/detail/imu_state__traits.hpp
[29.271s] -- Installing: /home/orin2/ros2_ws/install/unitree_go/include/unitree_go/unitree_go/msg/detail/low_state__traits.hpp
[29.271s] -- Installing: /home/orin2/ros2_ws/install/unitree_go/include/unitree_go/unitree_go/msg/detail/imu_state__type_support.hpp
[29.271s] -- Installing: /home/orin2/ros2_ws/install/unitree_go/include/unitree_go/unitree_go/msg/detail/error__struct.hpp
[29.271s] -- Installing: /home/orin2/ros2_ws/install/unitree_go/include/unitree_go/unitree_go/msg/detail/web_rtc_req__struct.hpp
[29.271s] -- Installing: /home/orin2/ros2_ws/install/unitree_go/include/unitree_go/unitree_go/msg/detail/low_cmd__type_support.hpp
[29.272s] -- Installing: /home/orin2/ros2_ws/install/unitree_go/include/unitree_go/unitree_go/msg/detail/bms_cmd__type_support.hpp
[29.272s] -- Installing: /home/orin2/ros2_ws/install/unitree_go/include/unitree_go/unitree_go/msg/detail/height_map__builder.hpp
[29.272s] -- Installing: /home/orin2/ros2_ws/install/unitree_go/include/unitree_go/unitree_go/msg/detail/motor_cmds__struct.hpp
[29.272s] -- Installing: /home/orin2/ros2_ws/install/unitree_go/include/unitree_go/unitree_go/msg/detail/low_cmd__builder.hpp
[29.273s] -- Installing: /home/orin2/ros2_ws/install/unitree_go/include/unitree_go/unitree_go/msg/detail/voxel_map_compressed__traits.hpp
[29.273s] -- Installing: /home/orin2/ros2_ws/install/unitree_go/include/unitree_go/unitree_go/msg/detail/motor_state__builder.hpp
[29.273s] -- Installing: /home/orin2/ros2_ws/install/unitree_go/include/unitree_go/unitree_go/msg/detail/error__builder.hpp
[29.274s] -- Installing: /home/orin2/ros2_ws/install/unitree_go/include/unitree_go/unitree_go/msg/detail/path_point__traits.hpp
[29.274s] -- Installing: /home/orin2/ros2_ws/install/unitree_go/include/unitree_go/unitree_go/msg/detail/res__type_support.hpp
[29.274s] -- Installing: /home/orin2/ros2_ws/install/unitree_go/include/unitree_go/unitree_go/msg/detail/wireless_controller__traits.hpp
[29.274s] -- Installing: /home/orin2/ros2_ws/install/unitree_go/include/unitree_go/unitree_go/msg/detail/audio_data__struct.hpp
[29.275s] -- Installing: /home/orin2/ros2_ws/install/unitree_go/include/unitree_go/unitree_go/msg/detail/res__struct.hpp
[29.275s] -- Installing: /home/orin2/ros2_ws/install/unitree_go/include/unitree_go/unitree_go/msg/detail/audio_data__type_support.hpp
[29.275s] -- Installing: /home/orin2/ros2_ws/install/unitree_go/include/unitree_go/unitree_go/msg/detail/motor_state__struct.hpp
[29.275s] -- Installing: /home/orin2/ros2_ws/install/unitree_go/include/unitree_go/unitree_go/msg/detail/voxel_height_map_state__traits.hpp
[29.276s] -- Installing: /home/orin2/ros2_ws/install/unitree_go/include/unitree_go/unitree_go/msg/detail/voxel_height_map_state__struct.hpp
[29.276s] -- Installing: /home/orin2/ros2_ws/install/unitree_go/include/unitree_go/unitree_go/msg/detail/sport_mode_state__struct.hpp
[29.276s] -- Installing: /home/orin2/ros2_ws/install/unitree_go/include/unitree_go/unitree_go/msg/detail/uwb_state__type_support.hpp
[29.276s] -- Installing: /home/orin2/ros2_ws/install/unitree_go/include/unitree_go/unitree_go/msg/detail/lidar_state__builder.hpp
[29.277s] -- Installing: /home/orin2/ros2_ws/install/unitree_go/include/unitree_go/unitree_go/msg/detail/voxel_height_map_state__builder.hpp
[29.277s] -- Installing: /home/orin2/ros2_ws/install/unitree_go/include/unitree_go/unitree_go/msg/detail/go2_front_video_data__traits.hpp
[29.277s] -- Installing: /home/orin2/ros2_ws/install/unitree_go/include/unitree_go/unitree_go/msg/detail/motor_cmds__type_support.hpp
[29.277s] -- Installing: /home/orin2/ros2_ws/install/unitree_go/include/unitree_go/unitree_go/msg/detail/bms_state__struct.hpp
[29.278s] -- Installing: /home/orin2/ros2_ws/install/unitree_go/include/unitree_go/unitree_go/msg/detail/sport_mode_cmd__builder.hpp
[29.278s] -- Installing: /home/orin2/ros2_ws/install/unitree_go/include/unitree_go/unitree_go/msg/detail/height_map__type_support.hpp
[29.278s] -- Installing: /home/orin2/ros2_ws/install/unitree_go/include/unitree_go/unitree_go/msg/detail/motor_cmds__builder.hpp
[29.279s] -- Installing: /home/orin2/ros2_ws/install/unitree_go/include/unitree_go/unitree_go/msg/detail/low_state__struct.hpp
[29.279s] -- Installing: /home/orin2/ros2_ws/install/unitree_go/include/unitree_go/unitree_go/msg/detail/go2_front_video_data__type_support.hpp
[29.279s] -- Installing: /home/orin2/ros2_ws/install/unitree_go/include/unitree_go/unitree_go/msg/detail/error__type_support.hpp
[29.279s] -- Installing: /home/orin2/ros2_ws/install/unitree_go/include/unitree_go/unitree_go/msg/detail/req__type_support.hpp
[29.280s] -- Installing: /home/orin2/ros2_ws/install/unitree_go/include/unitree_go/unitree_go/msg/detail/motor_state__traits.hpp
[29.280s] -- Installing: /home/orin2/ros2_ws/install/unitree_go/include/unitree_go/unitree_go/msg/detail/low_state__builder.hpp
[29.280s] -- Installing: /home/orin2/ros2_ws/install/unitree_go/include/unitree_go/unitree_go/msg/detail/uwb_state__builder.hpp
[29.280s] -- Installing: /home/orin2/ros2_ws/install/unitree_go/include/unitree_go/unitree_go/msg/detail/lidar_state__struct.hpp
[29.281s] -- Installing: /home/orin2/ros2_ws/install/unitree_go/include/unitree_go/unitree_go/msg/detail/wireless_controller__type_support.hpp
[29.281s] -- Installing: /home/orin2/ros2_ws/install/unitree_go/include/unitree_go/unitree_go/msg/detail/interface_config__traits.hpp
[29.281s] -- Installing: /home/orin2/ros2_ws/install/unitree_go/include/unitree_go/unitree_go/msg/detail/low_cmd__traits.hpp
[29.281s] -- Installing: /home/orin2/ros2_ws/install/unitree_go/include/unitree_go/unitree_go/msg/detail/interface_config__type_support.hpp
[29.282s] -- Installing: /home/orin2/ros2_ws/install/unitree_go/include/unitree_go/unitree_go/msg/detail/motor_states__struct.hpp
[29.282s] -- Installing: /home/orin2/ros2_ws/install/unitree_go/include/unitree_go/unitree_go/msg/detail/time_spec__traits.hpp
[29.282s] -- Installing: /home/orin2/ros2_ws/install/unitree_go/include/unitree_go/unitree_go/msg/detail/web_rtc_req__builder.hpp
[29.282s] -- Installing: /home/orin2/ros2_ws/install/unitree_go/include/unitree_go/unitree_go/msg/detail/audio_data__traits.hpp
[29.283s] -- Installing: /home/orin2/ros2_ws/install/unitree_go/include/unitree_go/unitree_go/msg/detail/interface_config__builder.hpp
[29.283s] -- Installing: /home/orin2/ros2_ws/install/unitree_go/include/unitree_go/unitree_go/msg/detail/voxel_map_compressed__builder.hpp
[29.283s] -- Installing: /home/orin2/ros2_ws/install/unitree_go/include/unitree_go/unitree_go/msg/detail/interface_config__struct.hpp
[29.283s] -- Installing: /home/orin2/ros2_ws/install/unitree_go/include/unitree_go/unitree_go/msg/detail/uwb_state__struct.hpp
[29.284s] -- Installing: /home/orin2/ros2_ws/install/unitree_go/include/unitree_go/unitree_go/msg/detail/req__struct.hpp
[29.284s] -- Installing: /home/orin2/ros2_ws/install/unitree_go/include/unitree_go/unitree_go/msg/detail/uwb_switch__traits.hpp
[29.284s] -- Installing: /home/orin2/ros2_ws/install/unitree_go/include/unitree_go/unitree_go/msg/detail/audio_data__builder.hpp
[29.284s] -- Installing: /home/orin2/ros2_ws/install/unitree_go/include/unitree_go/unitree_go/msg/detail/go2_front_video_data__builder.hpp
[29.284s] -- Installing: /home/orin2/ros2_ws/install/unitree_go/include/unitree_go/unitree_go/msg/detail/uwb_state__traits.hpp
[29.285s] -- Installing: /home/orin2/ros2_ws/install/unitree_go/include/unitree_go/unitree_go/msg/detail/uwb_switch__struct.hpp
[29.285s] -- Installing: /home/orin2/ros2_ws/install/unitree_go/include/unitree_go/unitree_go/msg/detail/bms_cmd__builder.hpp
[29.285s] -- Installing: /home/orin2/ros2_ws/install/unitree_go/include/unitree_go/unitree_go/msg/detail/req__traits.hpp
[29.285s] -- Installing: /home/orin2/ros2_ws/install/unitree_go/include/unitree_go/unitree_go/msg/detail/sport_mode_cmd__struct.hpp
[29.286s] -- Installing: /home/orin2/ros2_ws/install/unitree_go/include/unitree_go/unitree_go/msg/detail/bms_state__traits.hpp
[29.286s] -- Installing: /home/orin2/ros2_ws/install/unitree_go/include/unitree_go/unitree_go/msg/detail/motor_states__traits.hpp
[29.286s] -- Installing: /home/orin2/ros2_ws/install/unitree_go/include/unitree_go/unitree_go/msg/detail/uwb_switch__builder.hpp
[29.286s] -- Installing: /home/orin2/ros2_ws/install/unitree_go/include/unitree_go/unitree_go/msg/detail/lidar_state__type_support.hpp
[29.287s] -- Installing: /home/orin2/ros2_ws/install/unitree_go/include/unitree_go/unitree_go/msg/detail/low_cmd__struct.hpp
[29.287s] -- Installing: /home/orin2/ros2_ws/install/unitree_go/include/unitree_go/unitree_go/msg/detail/error__traits.hpp
[29.287s] -- Installing: /home/orin2/ros2_ws/install/unitree_go/include/unitree_go/unitree_go/msg/detail/imu_state__struct.hpp
[29.287s] -- Installing: /home/orin2/ros2_ws/install/unitree_go/include/unitree_go/unitree_go/msg/detail/motor_cmd__builder.hpp
[29.288s] -- Installing: /home/orin2/ros2_ws/install/unitree_go/include/unitree_go/unitree_go/msg/detail/motor_cmds__traits.hpp
[29.288s] -- Installing: /home/orin2/ros2_ws/install/unitree_go/include/unitree_go/unitree_go/msg/detail/wireless_controller__builder.hpp
[29.288s] -- Installing: /home/orin2/ros2_ws/install/unitree_go/include/unitree_go/unitree_go/msg/detail/res__traits.hpp
[29.288s] -- Installing: /home/orin2/ros2_ws/install/unitree_go/include/unitree_go/unitree_go/msg/detail/sport_mode_state__type_support.hpp
[29.289s] -- Installing: /home/orin2/ros2_ws/install/unitree_go/include/unitree_go/unitree_go/msg/detail/bms_state__builder.hpp
[29.289s] -- Installing: /home/orin2/ros2_ws/install/unitree_go/include/unitree_go/unitree_go/msg/detail/time_spec__type_support.hpp
[29.289s] -- Installing: /home/orin2/ros2_ws/install/unitree_go/include/unitree_go/unitree_go/msg/detail/path_point__builder.hpp
[29.289s] -- Installing: /home/orin2/ros2_ws/install/unitree_go/include/unitree_go/unitree_go/msg/detail/web_rtc_req__type_support.hpp
[29.289s] -- Installing: /home/orin2/ros2_ws/install/unitree_go/include/unitree_go/unitree_go/msg/detail/motor_states__type_support.hpp
[29.290s] -- Installing: /home/orin2/ros2_ws/install/unitree_go/include/unitree_go/unitree_go/msg/detail/sport_mode_state__builder.hpp
[29.290s] -- Installing: /home/orin2/ros2_ws/install/unitree_go/include/unitree_go/unitree_go/msg/detail/wireless_controller__struct.hpp
[29.290s] -- Installing: /home/orin2/ros2_ws/install/unitree_go/include/unitree_go/unitree_go/msg/detail/uwb_switch__type_support.hpp
[29.290s] -- Installing: /home/orin2/ros2_ws/install/unitree_go/include/unitree_go/unitree_go/msg/detail/go2_front_video_data__struct.hpp
[29.291s] -- Installing: /home/orin2/ros2_ws/install/unitree_go/include/unitree_go/unitree_go/msg/detail/motor_cmd__traits.hpp
[29.291s] -- Installing: /home/orin2/ros2_ws/install/unitree_go/include/unitree_go/unitree_go/msg/detail/web_rtc_req__traits.hpp
[29.291s] -- Installing: /home/orin2/ros2_ws/install/unitree_go/include/unitree_go/unitree_go/msg/detail/voxel_map_compressed__struct.hpp
[29.291s] -- Installing: /home/orin2/ros2_ws/install/unitree_go/include/unitree_go/unitree_go/msg/detail/bms_cmd__traits.hpp
[29.292s] -- Installing: /home/orin2/ros2_ws/install/unitree_go/include/unitree_go/unitree_go/msg/detail/time_spec__struct.hpp
[29.292s] -- Installing: /home/orin2/ros2_ws/install/unitree_go/include/unitree_go/unitree_go/msg/detail/path_point__type_support.hpp
[29.292s] -- Installing: /home/orin2/ros2_ws/install/unitree_go/include/unitree_go/unitree_go/msg/detail/bms_cmd__struct.hpp
[29.293s] -- Installing: /home/orin2/ros2_ws/install/unitree_go/include/unitree_go/unitree_go/msg/detail/height_map__traits.hpp
[29.293s] -- Installing: /home/orin2/ros2_ws/install/unitree_go/include/unitree_go/unitree_go/msg/detail/time_spec__builder.hpp
[29.293s] -- Installing: /home/orin2/ros2_ws/install/unitree_go/include/unitree_go/unitree_go/msg/detail/sport_mode_cmd__traits.hpp
[29.293s] -- Installing: /home/orin2/ros2_ws/install/unitree_go/include/unitree_go/unitree_go/msg/detail/bms_state__type_support.hpp
[29.293s] -- Installing: /home/orin2/ros2_ws/install/unitree_go/include/unitree_go/unitree_go/msg/detail/motor_states__builder.hpp
[29.294s] -- Installing: /home/orin2/ros2_ws/install/unitree_go/include/unitree_go/unitree_go/msg/motor_state.hpp
[29.294s] -- Installing: /home/orin2/ros2_ws/install/unitree_go/include/unitree_go/unitree_go/msg/rosidl_generator_cpp__visibility_control.hpp
[29.294s] -- Installing: /home/orin2/ros2_ws/install/unitree_go/include/unitree_go/unitree_go/msg/res.hpp
[29.294s] -- Installing: /home/orin2/ros2_ws/install/unitree_go/include/unitree_go/unitree_go/msg/uwb_switch.hpp
[29.295s] -- Installing: /home/orin2/ros2_ws/install/unitree_go/include/unitree_go/unitree_go/msg/web_rtc_req.hpp
[29.295s] -- Installing: /home/orin2/ros2_ws/install/unitree_go/include/unitree_go/unitree_go/msg/path_point.hpp
[29.295s] -- Installing: /home/orin2/ros2_ws/install/unitree_go/include/unitree_go/unitree_go/msg/req.hpp
[29.295s] -- Installing: /home/orin2/ros2_ws/install/unitree_go/include/unitree_go/unitree_go/msg/error.hpp
[29.296s] -- Installing: /home/orin2/ros2_ws/install/unitree_go/include/unitree_go/unitree_go/msg/motor_states.hpp
[29.296s] -- Installing: /home/orin2/ros2_ws/install/unitree_go/include/unitree_go/unitree_go/msg/audio_data.hpp
[29.296s] -- Installing: /home/orin2/ros2_ws/install/unitree_go/include/unitree_go/unitree_go/msg/time_spec.hpp
[29.296s] -- Installing: /home/orin2/ros2_ws/install/unitree_go/include/unitree_go/unitree_go/msg/voxel_map_compressed.hpp
[29.297s] -- Installing: /home/orin2/ros2_ws/install/unitree_go/include/unitree_go/unitree_go/msg/sport_mode_cmd.hpp
[29.297s] -- Up-to-date: /home/orin2/ros2_ws/install/unitree_go/include/unitree_go/unitree_go
[29.297s] -- Up-to-date: /home/orin2/ros2_ws/install/unitree_go/include/unitree_go/unitree_go/msg
[29.297s] -- Installing: /home/orin2/ros2_ws/install/unitree_go/include/unitree_go/unitree_go/msg/rosidl_typesupport_fastrtps_cpp__visibility_control.h
[29.298s] -- Up-to-date: /home/orin2/ros2_ws/install/unitree_go/include/unitree_go/unitree_go/msg/detail
[29.298s] -- Installing: /home/orin2/ros2_ws/install/unitree_go/include/unitree_go/unitree_go/msg/detail/uwb_state__rosidl_typesupport_fastrtps_cpp.hpp
[29.298s] -- Installing: /home/orin2/ros2_ws/install/unitree_go/include/unitree_go/unitree_go/msg/detail/low_state__rosidl_typesupport_fastrtps_cpp.hpp
[29.298s] -- Installing: /home/orin2/ros2_ws/install/unitree_go/include/unitree_go/unitree_go/msg/detail/low_cmd__rosidl_typesupport_fastrtps_cpp.hpp
[29.299s] -- Installing: /home/orin2/ros2_ws/install/unitree_go/include/unitree_go/unitree_go/msg/detail/imu_state__rosidl_typesupport_fastrtps_cpp.hpp
[29.299s] -- Installing: /home/orin2/ros2_ws/install/unitree_go/include/unitree_go/unitree_go/msg/detail/height_map__rosidl_typesupport_fastrtps_cpp.hpp
[29.299s] -- Installing: /home/orin2/ros2_ws/install/unitree_go/include/unitree_go/unitree_go/msg/detail/web_rtc_req__rosidl_typesupport_fastrtps_cpp.hpp
[29.299s] -- Installing: /home/orin2/ros2_ws/install/unitree_go/include/unitree_go/unitree_go/msg/detail/audio_data__rosidl_typesupport_fastrtps_cpp.hpp
[29.300s] -- Installing: /home/orin2/ros2_ws/install/unitree_go/include/unitree_go/unitree_go/msg/detail/lidar_state__rosidl_typesupport_fastrtps_cpp.hpp
[29.300s] -- Installing: /home/orin2/ros2_ws/install/unitree_go/include/unitree_go/unitree_go/msg/detail/req__rosidl_typesupport_fastrtps_cpp.hpp
[29.300s] -- Installing: /home/orin2/ros2_ws/install/unitree_go/include/unitree_go/unitree_go/msg/detail/res__rosidl_typesupport_fastrtps_cpp.hpp
[29.300s] -- Installing: /home/orin2/ros2_ws/install/unitree_go/include/unitree_go/unitree_go/msg/detail/go2_front_video_data__rosidl_typesupport_fastrtps_cpp.hpp
[29.301s] -- Installing: /home/orin2/ros2_ws/install/unitree_go/include/unitree_go/unitree_go/msg/detail/wireless_controller__rosidl_typesupport_fastrtps_cpp.hpp
[29.301s] -- Installing: /home/orin2/ros2_ws/install/unitree_go/include/unitree_go/unitree_go/msg/detail/bms_cmd__rosidl_typesupport_fastrtps_cpp.hpp
[29.301s] -- Installing: /home/orin2/ros2_ws/install/unitree_go/include/unitree_go/unitree_go/msg/detail/voxel_height_map_state__rosidl_typesupport_fastrtps_cpp.hpp
[29.301s] -- Installing: /home/orin2/ros2_ws/install/unitree_go/include/unitree_go/unitree_go/msg/detail/motor_cmd__rosidl_typesupport_fastrtps_cpp.hpp
[29.302s] -- Installing: /home/orin2/ros2_ws/install/unitree_go/include/unitree_go/unitree_go/msg/detail/motor_states__rosidl_typesupport_fastrtps_cpp.hpp
[29.302s] -- Installing: /home/orin2/ros2_ws/install/unitree_go/include/unitree_go/unitree_go/msg/detail/bms_state__rosidl_typesupport_fastrtps_cpp.hpp
[29.302s] -- Installing: /home/orin2/ros2_ws/install/unitree_go/include/unitree_go/unitree_go/msg/detail/dds_fastrtps
[29.302s] -- Installing: /home/orin2/ros2_ws/install/unitree_go/include/unitree_go/unitree_go/msg/detail/error__rosidl_typesupport_fastrtps_cpp.hpp
[29.302s] -- Installing: /home/orin2/ros2_ws/install/unitree_go/include/unitree_go/unitree_go/msg/detail/path_point__rosidl_typesupport_fastrtps_cpp.hpp
[29.303s] -- Installing: /home/orin2/ros2_ws/install/unitree_go/include/unitree_go/unitree_go/msg/detail/motor_cmds__rosidl_typesupport_fastrtps_cpp.hpp
[29.303s] -- Installing: /home/orin2/ros2_ws/install/unitree_go/include/unitree_go/unitree_go/msg/detail/sport_mode_cmd__rosidl_typesupport_fastrtps_cpp.hpp
[29.303s] -- Installing: /home/orin2/ros2_ws/install/unitree_go/include/unitree_go/unitree_go/msg/detail/voxel_map_compressed__rosidl_typesupport_fastrtps_cpp.hpp
[29.303s] -- Installing: /home/orin2/ros2_ws/install/unitree_go/include/unitree_go/unitree_go/msg/detail/interface_config__rosidl_typesupport_fastrtps_cpp.hpp
[29.303s] -- Installing: /home/orin2/ros2_ws/install/unitree_go/include/unitree_go/unitree_go/msg/detail/sport_mode_state__rosidl_typesupport_fastrtps_cpp.hpp
[29.303s] -- Installing: /home/orin2/ros2_ws/install/unitree_go/include/unitree_go/unitree_go/msg/detail/motor_state__rosidl_typesupport_fastrtps_cpp.hpp
[29.304s] -- Installing: /home/orin2/ros2_ws/install/unitree_go/include/unitree_go/unitree_go/msg/detail/uwb_switch__rosidl_typesupport_fastrtps_cpp.hpp
[29.304s] -- Installing: /home/orin2/ros2_ws/install/unitree_go/include/unitree_go/unitree_go/msg/detail/time_spec__rosidl_typesupport_fastrtps_cpp.hpp
[29.304s] -- Installing: /home/orin2/ros2_ws/install/unitree_go/lib/libunitree_go__rosidl_typesupport_fastrtps_cpp.so
[29.304s] -- Set runtime path of "/home/orin2/ros2_ws/install/unitree_go/lib/libunitree_go__rosidl_typesupport_fastrtps_cpp.so" to ""
[29.304s] -- Up-to-date: /home/orin2/ros2_ws/install/unitree_go/include/unitree_go/unitree_go
[29.305s] -- Up-to-date: /home/orin2/ros2_ws/install/unitree_go/include/unitree_go/unitree_go/msg
[29.305s] -- Up-to-date: /home/orin2/ros2_ws/install/unitree_go/include/unitree_go/unitree_go/msg/detail
[29.305s] -- Installing: /home/orin2/ros2_ws/install/unitree_go/include/unitree_go/unitree_go/msg/detail/uwb_state__type_support.cpp
[29.305s] -- Installing: /home/orin2/ros2_ws/install/unitree_go/include/unitree_go/unitree_go/msg/detail/motor_cmds__rosidl_typesupport_introspection_cpp.hpp
[29.305s] -- Installing: /home/orin2/ros2_ws/install/unitree_go/include/unitree_go/unitree_go/msg/detail/imu_state__type_support.cpp
[29.305s] -- Installing: /home/orin2/ros2_ws/install/unitree_go/include/unitree_go/unitree_go/msg/detail/low_cmd__rosidl_typesupport_introspection_cpp.hpp
[29.306s] -- Installing: /home/orin2/ros2_ws/install/unitree_go/include/unitree_go/unitree_go/msg/detail/go2_front_video_data__rosidl_typesupport_introspection_cpp.hpp
[29.306s] -- Installing: /home/orin2/ros2_ws/install/unitree_go/include/unitree_go/unitree_go/msg/detail/error__type_support.cpp
[29.306s] -- Installing: /home/orin2/ros2_ws/install/unitree_go/include/unitree_go/unitree_go/msg/detail/uwb_state__rosidl_typesupport_introspection_cpp.hpp
[29.306s] -- Installing: /home/orin2/ros2_ws/install/unitree_go/include/unitree_go/unitree_go/msg/detail/wireless_controller__rosidl_typesupport_introspection_cpp.hpp
[29.306s] -- Installing: /home/orin2/ros2_ws/install/unitree_go/include/unitree_go/unitree_go/msg/detail/audio_data__rosidl_typesupport_introspection_cpp.hpp
[29.307s] -- Installing: /home/orin2/ros2_ws/install/unitree_go/include/unitree_go/unitree_go/msg/detail/lidar_state__type_support.cpp
[29.307s] -- Installing: /home/orin2/ros2_ws/install/unitree_go/include/unitree_go/unitree_go/msg/detail/motor_cmd__type_support.cpp
[29.307s] -- Installing: /home/orin2/ros2_ws/install/unitree_go/include/unitree_go/unitree_go/msg/detail/voxel_height_map_state__rosidl_typesupport_introspection_cpp.hpp
[29.307s] -- Installing: /home/orin2/ros2_ws/install/unitree_go/include/unitree_go/unitree_go/msg/detail/go2_front_video_data__type_support.cpp
[29.307s] -- Installing: /home/orin2/ros2_ws/install/unitree_go/include/unitree_go/unitree_go/msg/detail/wireless_controller__type_support.cpp
[29.307s] -- Installing: /home/orin2/ros2_ws/install/unitree_go/include/unitree_go/unitree_go/msg/detail/motor_cmd__rosidl_typesupport_introspection_cpp.hpp
[29.308s] -- Installing: /home/orin2/ros2_ws/install/unitree_go/include/unitree_go/unitree_go/msg/detail/height_map__rosidl_typesupport_introspection_cpp.hpp
[29.308s] -- Installing: /home/orin2/ros2_ws/install/unitree_go/include/unitree_go/unitree_go/msg/detail/low_cmd__type_support.cpp
[29.308s] -- Installing: /home/orin2/ros2_ws/install/unitree_go/include/unitree_go/unitree_go/msg/detail/sport_mode_state__rosidl_typesupport_introspection_cpp.hpp
[29.308s] -- Installing: /home/orin2/ros2_ws/install/unitree_go/include/unitree_go/unitree_go/msg/detail/voxel_height_map_state__type_support.cpp
[29.308s] -- Installing: /home/orin2/ros2_ws/install/unitree_go/include/unitree_go/unitree_go/msg/detail/uwb_switch__rosidl_typesupport_introspection_cpp.hpp
[29.308s] -- Installing: /home/orin2/ros2_ws/install/unitree_go/include/unitree_go/unitree_go/msg/detail/voxel_map_compressed__type_support.cpp
[29.309s] -- Installing: /home/orin2/ros2_ws/install/unitree_go/include/unitree_go/unitree_go/msg/detail/req__rosidl_typesupport_introspection_cpp.hpp
[29.309s] -- Installing: /home/orin2/ros2_ws/install/unitree_go/include/unitree_go/unitree_go/msg/detail/low_state__type_support.cpp
[29.309s] -- Installing: /home/orin2/ros2_ws/install/unitree_go/include/unitree_go/unitree_go/msg/detail/time_spec__rosidl_typesupport_introspection_cpp.hpp
[29.309s] -- Installing: /home/orin2/ros2_ws/install/unitree_go/include/unitree_go/unitree_go/msg/detail/interface_config__type_support.cpp
[29.309s] -- Installing: /home/orin2/ros2_ws/install/unitree_go/include/unitree_go/unitree_go/msg/detail/height_map__type_support.cpp
[29.309s] -- Installing: /home/orin2/ros2_ws/install/unitree_go/include/unitree_go/unitree_go/msg/detail/path_point__type_support.cpp
[29.309s] -- Installing: /home/orin2/ros2_ws/install/unitree_go/include/unitree_go/unitree_go/msg/detail/req__type_support.cpp
[29.310s] -- Installing: /home/orin2/ros2_ws/install/unitree_go/include/unitree_go/unitree_go/msg/detail/low_state__rosidl_typesupport_introspection_cpp.hpp
[29.310s] -- Installing: /home/orin2/ros2_ws/install/unitree_go/include/unitree_go/unitree_go/msg/detail/imu_state__rosidl_typesupport_introspection_cpp.hpp
[29.310s] -- Installing: /home/orin2/ros2_ws/install/unitree_go/include/unitree_go/unitree_go/msg/detail/sport_mode_cmd__rosidl_typesupport_introspection_cpp.hpp
[29.310s] -- Installing: /home/orin2/ros2_ws/install/unitree_go/include/unitree_go/unitree_go/msg/detail/bms_cmd__type_support.cpp
[29.310s] -- Installing: /home/orin2/ros2_ws/install/unitree_go/include/unitree_go/unitree_go/msg/detail/path_point__rosidl_typesupport_introspection_cpp.hpp
[29.311s] -- Installing: /home/orin2/ros2_ws/install/unitree_go/include/unitree_go/unitree_go/msg/detail/motor_state__rosidl_typesupport_introspection_cpp.hpp
[29.311s] -- Installing: /home/orin2/ros2_ws/install/unitree_go/include/unitree_go/unitree_go/msg/detail/bms_state__type_support.cpp
[29.311s] -- Installing: /home/orin2/ros2_ws/install/unitree_go/include/unitree_go/unitree_go/msg/detail/sport_mode_cmd__type_support.cpp
[29.311s] -- Installing: /home/orin2/ros2_ws/install/unitree_go/include/unitree_go/unitree_go/msg/detail/motor_cmds__type_support.cpp
[29.311s] -- Installing: /home/orin2/ros2_ws/install/unitree_go/include/unitree_go/unitree_go/msg/detail/time_spec__type_support.cpp
[29.311s] -- Installing: /home/orin2/ros2_ws/install/unitree_go/include/unitree_go/unitree_go/msg/detail/uwb_switch__type_support.cpp
[29.311s] -- Installing: /home/orin2/ros2_ws/install/unitree_go/include/unitree_go/unitree_go/msg/detail/audio_data__type_support.cpp
[29.312s] -- Installing: /home/orin2/ros2_ws/install/unitree_go/include/unitree_go/unitree_go/msg/detail/motor_states__type_support.cpp
[29.312s] -- Installing: /home/orin2/ros2_ws/install/unitree_go/include/unitree_go/unitree_go/msg/detail/sport_mode_state__type_support.cpp
[29.312s] -- Installing: /home/orin2/ros2_ws/install/unitree_go/include/unitree_go/unitree_go/msg/detail/web_rtc_req__rosidl_typesupport_introspection_cpp.hpp
[29.312s] -- Installing: /home/orin2/ros2_ws/install/unitree_go/include/unitree_go/unitree_go/msg/detail/motor_states__rosidl_typesupport_introspection_cpp.hpp
[29.312s] -- Installing: /home/orin2/ros2_ws/install/unitree_go/include/unitree_go/unitree_go/msg/detail/motor_state__type_support.cpp
[29.312s] -- Installing: /home/orin2/ros2_ws/install/unitree_go/include/unitree_go/unitree_go/msg/detail/bms_cmd__rosidl_typesupport_introspection_cpp.hpp
[29.312s] -- Installing: /home/orin2/ros2_ws/install/unitree_go/include/unitree_go/unitree_go/msg/detail/web_rtc_req__type_support.cpp
[29.313s] -- Installing: /home/orin2/ros2_ws/install/unitree_go/include/unitree_go/unitree_go/msg/detail/res__type_support.cpp
[29.313s] -- Installing: /home/orin2/ros2_ws/install/unitree_go/include/unitree_go/unitree_go/msg/detail/lidar_state__rosidl_typesupport_introspection_cpp.hpp
[29.313s] -- Installing: /home/orin2/ros2_ws/install/unitree_go/include/unitree_go/unitree_go/msg/detail/interface_config__rosidl_typesupport_introspection_cpp.hpp
[29.313s] -- Installing: /home/orin2/ros2_ws/install/unitree_go/include/unitree_go/unitree_go/msg/detail/error__rosidl_typesupport_introspection_cpp.hpp
[29.313s] -- Installing: /home/orin2/ros2_ws/install/unitree_go/include/unitree_go/unitree_go/msg/detail/res__rosidl_typesupport_introspection_cpp.hpp
[29.313s] -- Installing: /home/orin2/ros2_ws/install/unitree_go/include/unitree_go/unitree_go/msg/detail/voxel_map_compressed__rosidl_typesupport_introspection_cpp.hpp
[29.314s] -- Installing: /home/orin2/ros2_ws/install/unitree_go/include/unitree_go/unitree_go/msg/detail/bms_state__rosidl_typesupport_introspection_cpp.hpp
[29.314s] -- Installing: /home/orin2/ros2_ws/install/unitree_go/lib/libunitree_go__rosidl_typesupport_introspection_cpp.so
[29.314s] -- Set runtime path of "/home/orin2/ros2_ws/install/unitree_go/lib/libunitree_go__rosidl_typesupport_introspection_cpp.so" to ""
[29.314s] -- Installing: /home/orin2/ros2_ws/install/unitree_go/lib/libunitree_go__rosidl_typesupport_cpp.so
[29.314s] -- Set runtime path of "/home/orin2/ros2_ws/install/unitree_go/lib/libunitree_go__rosidl_typesupport_cpp.so" to ""
[29.314s] -- Installing: /home/orin2/ros2_ws/install/unitree_go/share/unitree_go/environment/pythonpath.sh
[29.314s] -- Installing: /home/orin2/ros2_ws/install/unitree_go/share/unitree_go/environment/pythonpath.dsv
[29.315s] -- Installing: /home/orin2/ros2_ws/install/unitree_go/local/lib/python3.10/dist-packages/unitree_go-0.0.0-py3.10.egg-info
[29.315s] -- Installing: /home/orin2/ros2_ws/install/unitree_go/local/lib/python3.10/dist-packages/unitree_go-0.0.0-py3.10.egg-info/dependency_links.txt
[29.315s] -- Installing: /home/orin2/ros2_ws/install/unitree_go/local/lib/python3.10/dist-packages/unitree_go-0.0.0-py3.10.egg-info/SOURCES.txt
[29.315s] -- Installing: /home/orin2/ros2_ws/install/unitree_go/local/lib/python3.10/dist-packages/unitree_go-0.0.0-py3.10.egg-info/PKG-INFO
[29.315s] -- Installing: /home/orin2/ros2_ws/install/unitree_go/local/lib/python3.10/dist-packages/unitree_go-0.0.0-py3.10.egg-info/top_level.txt
[29.315s] -- Installing: /home/orin2/ros2_ws/install/unitree_go/local/lib/python3.10/dist-packages/unitree_go
[29.315s] -- Installing: /home/orin2/ros2_ws/install/unitree_go/local/lib/python3.10/dist-packages/unitree_go/_unitree_go_s.ep.rosidl_typesupport_c.c
[29.316s] -- Installing: /home/orin2/ros2_ws/install/unitree_go/local/lib/python3.10/dist-packages/unitree_go/unitree_go_s__rosidl_typesupport_fastrtps_c.cpython-310-aarch64-linux-gnu.so
[29.316s] -- Installing: /home/orin2/ros2_ws/install/unitree_go/local/lib/python3.10/dist-packages/unitree_go/_unitree_go_s.ep.rosidl_typesupport_introspection_c.c
[29.316s] -- Installing: /home/orin2/ros2_ws/install/unitree_go/local/lib/python3.10/dist-packages/unitree_go/_unitree_go_s.ep.rosidl_typesupport_fastrtps_c.c
[29.316s] -- Installing: /home/orin2/ros2_ws/install/unitree_go/local/lib/python3.10/dist-packages/unitree_go/libunitree_go__rosidl_generator_py.so
[29.316s] -- Installing: /home/orin2/ros2_ws/install/unitree_go/local/lib/python3.10/dist-packages/unitree_go/unitree_go_s__rosidl_typesupport_c.cpython-310-aarch64-linux-gnu.so
[29.316s] -- Installing: /home/orin2/ros2_ws/install/unitree_go/local/lib/python3.10/dist-packages/unitree_go/unitree_go_s__rosidl_typesupport_introspection_c.cpython-310-aarch64-linux-gnu.so
[29.316s] -- Installing: /home/orin2/ros2_ws/install/unitree_go/local/lib/python3.10/dist-packages/unitree_go/msg
[29.317s] -- Installing: /home/orin2/ros2_ws/install/unitree_go/local/lib/python3.10/dist-packages/unitree_go/msg/_go2_front_video_data_s.c
[29.317s] -- Installing: /home/orin2/ros2_ws/install/unitree_go/local/lib/python3.10/dist-packages/unitree_go/msg/_req_s.c
[29.317s] -- Installing: /home/orin2/ros2_ws/install/unitree_go/local/lib/python3.10/dist-packages/unitree_go/msg/_low_cmd.py
[29.317s] -- Installing: /home/orin2/ros2_ws/install/unitree_go/local/lib/python3.10/dist-packages/unitree_go/msg/_uwb_switch_s.c
[29.317s] -- Installing: /home/orin2/ros2_ws/install/unitree_go/local/lib/python3.10/dist-packages/unitree_go/msg/_motor_cmd.py
[29.317s] -- Installing: /home/orin2/ros2_ws/install/unitree_go/local/lib/python3.10/dist-packages/unitree_go/msg/_sport_mode_cmd.py
[29.317s] -- Installing: /home/orin2/ros2_ws/install/unitree_go/local/lib/python3.10/dist-packages/unitree_go/msg/_lidar_state.py
[29.318s] -- Installing: /home/orin2/ros2_ws/install/unitree_go/local/lib/python3.10/dist-packages/unitree_go/msg/_motor_state.py
[29.318s] -- Installing: /home/orin2/ros2_ws/install/unitree_go/local/lib/python3.10/dist-packages/unitree_go/msg/_uwb_state_s.c
[29.318s] -- Installing: /home/orin2/ros2_ws/install/unitree_go/local/lib/python3.10/dist-packages/unitree_go/msg/_imu_state.py
[29.318s] -- Installing: /home/orin2/ros2_ws/install/unitree_go/local/lib/python3.10/dist-packages/unitree_go/msg/_wireless_controller.py
[29.318s] -- Installing: /home/orin2/ros2_ws/install/unitree_go/local/lib/python3.10/dist-packages/unitree_go/msg/_bms_cmd_s.c
[29.318s] -- Installing: /home/orin2/ros2_ws/install/unitree_go/local/lib/python3.10/dist-packages/unitree_go/msg/_motor_cmds_s.c
[29.318s] -- Installing: /home/orin2/ros2_ws/install/unitree_go/local/lib/python3.10/dist-packages/unitree_go/msg/_bms_state_s.c
[29.319s] -- Installing: /home/orin2/ros2_ws/install/unitree_go/local/lib/python3.10/dist-packages/unitree_go/msg/_low_state.py
[29.319s] -- Installing: /home/orin2/ros2_ws/install/unitree_go/local/lib/python3.10/dist-packages/unitree_go/msg/_low_state_s.c
[29.319s] -- Installing: /home/orin2/ros2_ws/install/unitree_go/local/lib/python3.10/dist-packages/unitree_go/msg/_lidar_state_s.c
[29.319s] -- Installing: /home/orin2/ros2_ws/install/unitree_go/local/lib/python3.10/dist-packages/unitree_go/msg/_go2_front_video_data.py
[29.319s] -- Installing: /home/orin2/ros2_ws/install/unitree_go/local/lib/python3.10/dist-packages/unitree_go/msg/_audio_data_s.c
[29.319s] -- Installing: /home/orin2/ros2_ws/install/unitree_go/local/lib/python3.10/dist-packages/unitree_go/msg/_interface_config.py
[29.319s] -- Installing: /home/orin2/ros2_ws/install/unitree_go/local/lib/python3.10/dist-packages/unitree_go/msg/_uwb_state.py
[29.320s] -- Installing: /home/orin2/ros2_ws/install/unitree_go/local/lib/python3.10/dist-packages/unitree_go/msg/_res.py
[29.320s] -- Installing: /home/orin2/ros2_ws/install/unitree_go/local/lib/python3.10/dist-packages/unitree_go/msg/_voxel_map_compressed.py
[29.320s] -- Installing: /home/orin2/ros2_ws/install/unitree_go/local/lib/python3.10/dist-packages/unitree_go/msg/_sport_mode_state.py
[29.320s] -- Installing: /home/orin2/ros2_ws/install/unitree_go/local/lib/python3.10/dist-packages/unitree_go/msg/_sport_mode_state_s.c
[29.320s] -- Installing: /home/orin2/ros2_ws/install/unitree_go/local/lib/python3.10/dist-packages/unitree_go/msg/_voxel_height_map_state.py
[29.320s] -- Installing: /home/orin2/ros2_ws/install/unitree_go/local/lib/python3.10/dist-packages/unitree_go/msg/_bms_state.py
[29.320s] -- Installing: /home/orin2/ros2_ws/install/unitree_go/local/lib/python3.10/dist-packages/unitree_go/msg/_error.py
[29.321s] -- Installing: /home/orin2/ros2_ws/install/unitree_go/local/lib/python3.10/dist-packages/unitree_go/msg/_motor_cmd_s.c
[29.321s] -- Installing: /home/orin2/ros2_ws/install/unitree_go/local/lib/python3.10/dist-packages/unitree_go/msg/_audio_data.py
[29.321s] -- Installing: /home/orin2/ros2_ws/install/unitree_go/local/lib/python3.10/dist-packages/unitree_go/msg/_sport_mode_cmd_s.c
[29.321s] -- Installing: /home/orin2/ros2_ws/install/unitree_go/local/lib/python3.10/dist-packages/unitree_go/msg/_voxel_map_compressed_s.c
[29.321s] -- Installing: /home/orin2/ros2_ws/install/unitree_go/local/lib/python3.10/dist-packages/unitree_go/msg/_imu_state_s.c
[29.321s] -- Installing: /home/orin2/ros2_ws/install/unitree_go/local/lib/python3.10/dist-packages/unitree_go/msg/_motor_states_s.c
[29.321s] -- Installing: /home/orin2/ros2_ws/install/unitree_go/local/lib/python3.10/dist-packages/unitree_go/msg/_web_rtc_req.py
[29.321s] -- Installing: /home/orin2/ros2_ws/install/unitree_go/local/lib/python3.10/dist-packages/unitree_go/msg/_motor_state_s.c
[29.322s] -- Installing: /home/orin2/ros2_ws/install/unitree_go/local/lib/python3.10/dist-packages/unitree_go/msg/_web_rtc_req_s.c
[29.322s] -- Installing: /home/orin2/ros2_ws/install/unitree_go/local/lib/python3.10/dist-packages/unitree_go/msg/_low_cmd_s.c
[29.322s] -- Installing: /home/orin2/ros2_ws/install/unitree_go/local/lib/python3.10/dist-packages/unitree_go/msg/_req.py
[29.322s] -- Installing: /home/orin2/ros2_ws/install/unitree_go/local/lib/python3.10/dist-packages/unitree_go/msg/__init__.py
[29.322s] -- Installing: /home/orin2/ros2_ws/install/unitree_go/local/lib/python3.10/dist-packages/unitree_go/msg/_height_map_s.c
[29.322s] -- Installing: /home/orin2/ros2_ws/install/unitree_go/local/lib/python3.10/dist-packages/unitree_go/msg/_wireless_controller_s.c
[29.322s] -- Installing: /home/orin2/ros2_ws/install/unitree_go/local/lib/python3.10/dist-packages/unitree_go/msg/_motor_states.py
[29.322s] -- Installing: /home/orin2/ros2_ws/install/unitree_go/local/lib/python3.10/dist-packages/unitree_go/msg/_uwb_switch.py
[29.323s] -- Installing: /home/orin2/ros2_ws/install/unitree_go/local/lib/python3.10/dist-packages/unitree_go/msg/_interface_config_s.c
[29.323s] -- Installing: /home/orin2/ros2_ws/install/unitree_go/local/lib/python3.10/dist-packages/unitree_go/msg/_path_point_s.c
[29.323s] -- Installing: /home/orin2/ros2_ws/install/unitree_go/local/lib/python3.10/dist-packages/unitree_go/msg/_path_point.py
[29.323s] -- Installing: /home/orin2/ros2_ws/install/unitree_go/local/lib/python3.10/dist-packages/unitree_go/msg/_motor_cmds.py
[29.323s] -- Installing: /home/orin2/ros2_ws/install/unitree_go/local/lib/python3.10/dist-packages/unitree_go/msg/_time_spec.py
[29.323s] -- Installing: /home/orin2/ros2_ws/install/unitree_go/local/lib/python3.10/dist-packages/unitree_go/msg/_bms_cmd.py
[29.323s] -- Installing: /home/orin2/ros2_ws/install/unitree_go/local/lib/python3.10/dist-packages/unitree_go/msg/_res_s.c
[29.323s] -- Installing: /home/orin2/ros2_ws/install/unitree_go/local/lib/python3.10/dist-packages/unitree_go/msg/_height_map.py
[29.324s] -- Installing: /home/orin2/ros2_ws/install/unitree_go/local/lib/python3.10/dist-packages/unitree_go/msg/_error_s.c
[29.324s] -- Installing: /home/orin2/ros2_ws/install/unitree_go/local/lib/python3.10/dist-packages/unitree_go/msg/_voxel_height_map_state_s.c
[29.324s] -- Installing: /home/orin2/ros2_ws/install/unitree_go/local/lib/python3.10/dist-packages/unitree_go/msg/_time_spec_s.c
[29.324s] -- Installing: /home/orin2/ros2_ws/install/unitree_go/local/lib/python3.10/dist-packages/unitree_go/__init__.py
[29.440s] Listing '/home/orin2/ros2_ws/install/unitree_go/local/lib/python3.10/dist-packages/unitree_go'...
[29.440s] Compiling '/home/orin2/ros2_ws/install/unitree_go/local/lib/python3.10/dist-packages/unitree_go/__init__.py'...
[29.440s] Listing '/home/orin2/ros2_ws/install/unitree_go/local/lib/python3.10/dist-packages/unitree_go/msg'...
[29.440s] Compiling '/home/orin2/ros2_ws/install/unitree_go/local/lib/python3.10/dist-packages/unitree_go/msg/__init__.py'...
[29.441s] Compiling '/home/orin2/ros2_ws/install/unitree_go/local/lib/python3.10/dist-packages/unitree_go/msg/_audio_data.py'...
[29.441s] Compiling '/home/orin2/ros2_ws/install/unitree_go/local/lib/python3.10/dist-packages/unitree_go/msg/_bms_cmd.py'...
[29.441s] Compiling '/home/orin2/ros2_ws/install/unitree_go/local/lib/python3.10/dist-packages/unitree_go/msg/_bms_state.py'...
[29.441s] Compiling '/home/orin2/ros2_ws/install/unitree_go/local/lib/python3.10/dist-packages/unitree_go/msg/_error.py'...
[29.441s] Compiling '/home/orin2/ros2_ws/install/unitree_go/local/lib/python3.10/dist-packages/unitree_go/msg/_go2_front_video_data.py'...
[29.441s] Compiling '/home/orin2/ros2_ws/install/unitree_go/local/lib/python3.10/dist-packages/unitree_go/msg/_height_map.py'...
[29.441s] Compiling '/home/orin2/ros2_ws/install/unitree_go/local/lib/python3.10/dist-packages/unitree_go/msg/_imu_state.py'...
[29.442s] Compiling '/home/orin2/ros2_ws/install/unitree_go/local/lib/python3.10/dist-packages/unitree_go/msg/_interface_config.py'...
[29.442s] Compiling '/home/orin2/ros2_ws/install/unitree_go/local/lib/python3.10/dist-packages/unitree_go/msg/_lidar_state.py'...
[29.442s] Compiling '/home/orin2/ros2_ws/install/unitree_go/local/lib/python3.10/dist-packages/unitree_go/msg/_low_cmd.py'...
[29.442s] Compiling '/home/orin2/ros2_ws/install/unitree_go/local/lib/python3.10/dist-packages/unitree_go/msg/_low_state.py'...
[29.442s] Compiling '/home/orin2/ros2_ws/install/unitree_go/local/lib/python3.10/dist-packages/unitree_go/msg/_motor_cmd.py'...
[29.447s] Compiling '/home/orin2/ros2_ws/install/unitree_go/local/lib/python3.10/dist-packages/unitree_go/msg/_motor_cmds.py'...
[29.447s] Compiling '/home/orin2/ros2_ws/install/unitree_go/local/lib/python3.10/dist-packages/unitree_go/msg/_motor_state.py'...
[29.447s] Compiling '/home/orin2/ros2_ws/install/unitree_go/local/lib/python3.10/dist-packages/unitree_go/msg/_motor_states.py'...
[29.448s] Compiling '/home/orin2/ros2_ws/install/unitree_go/local/lib/python3.10/dist-packages/unitree_go/msg/_path_point.py'...
[29.448s] Compiling '/home/orin2/ros2_ws/install/unitree_go/local/lib/python3.10/dist-packages/unitree_go/msg/_req.py'...
[29.448s] Compiling '/home/orin2/ros2_ws/install/unitree_go/local/lib/python3.10/dist-packages/unitree_go/msg/_res.py'...
[29.448s] Compiling '/home/orin2/ros2_ws/install/unitree_go/local/lib/python3.10/dist-packages/unitree_go/msg/_sport_mode_cmd.py'...
[29.448s] Compiling '/home/orin2/ros2_ws/install/unitree_go/local/lib/python3.10/dist-packages/unitree_go/msg/_sport_mode_state.py'...
[29.449s] Compiling '/home/orin2/ros2_ws/install/unitree_go/local/lib/python3.10/dist-packages/unitree_go/msg/_time_spec.py'...
[29.449s] Compiling '/home/orin2/ros2_ws/install/unitree_go/local/lib/python3.10/dist-packages/unitree_go/msg/_uwb_state.py'...
[29.449s] Compiling '/home/orin2/ros2_ws/install/unitree_go/local/lib/python3.10/dist-packages/unitree_go/msg/_uwb_switch.py'...
[29.449s] Compiling '/home/orin2/ros2_ws/install/unitree_go/local/lib/python3.10/dist-packages/unitree_go/msg/_voxel_height_map_state.py'...
[29.450s] Compiling '/home/orin2/ros2_ws/install/unitree_go/local/lib/python3.10/dist-packages/unitree_go/msg/_voxel_map_compressed.py'...
[29.450s] Compiling '/home/orin2/ros2_ws/install/unitree_go/local/lib/python3.10/dist-packages/unitree_go/msg/_web_rtc_req.py'...
[29.450s] Compiling '/home/orin2/ros2_ws/install/unitree_go/local/lib/python3.10/dist-packages/unitree_go/msg/_wireless_controller.py'...
[29.451s] -- Installing: /home/orin2/ros2_ws/install/unitree_go/local/lib/python3.10/dist-packages/unitree_go/unitree_go_s__rosidl_typesupport_fastrtps_c.cpython-310-aarch64-linux-gnu.so
[29.452s] -- Set runtime path of "/home/orin2/ros2_ws/install/unitree_go/local/lib/python3.10/dist-packages/unitree_go/unitree_go_s__rosidl_typesupport_fastrtps_c.cpython-310-aarch64-linux-gnu.so" to ""
[29.452s] -- Installing: /home/orin2/ros2_ws/install/unitree_go/local/lib/python3.10/dist-packages/unitree_go/unitree_go_s__rosidl_typesupport_introspection_c.cpython-310-aarch64-linux-gnu.so
[29.452s] -- Set runtime path of "/home/orin2/ros2_ws/install/unitree_go/local/lib/python3.10/dist-packages/unitree_go/unitree_go_s__rosidl_typesupport_introspection_c.cpython-310-aarch64-linux-gnu.so" to ""
[29.453s] -- Installing: /home/orin2/ros2_ws/install/unitree_go/local/lib/python3.10/dist-packages/unitree_go/unitree_go_s__rosidl_typesupport_c.cpython-310-aarch64-linux-gnu.so
[29.453s] -- Set runtime path of "/home/orin2/ros2_ws/install/unitree_go/local/lib/python3.10/dist-packages/unitree_go/unitree_go_s__rosidl_typesupport_c.cpython-310-aarch64-linux-gnu.so" to ""
[29.454s] -- Installing: /home/orin2/ros2_ws/install/unitree_go/lib/libunitree_go__rosidl_generator_py.so
[29.455s] -- Set runtime path of "/home/orin2/ros2_ws/install/unitree_go/lib/libunitree_go__rosidl_generator_py.so" to ""
[29.455s] -- Installing: /home/orin2/ros2_ws/install/unitree_go/share/unitree_go/msg/AudioData.idl
[29.455s] -- Installing: /home/orin2/ros2_ws/install/unitree_go/share/unitree_go/msg/BmsCmd.idl
[29.455s] -- Installing: /home/orin2/ros2_ws/install/unitree_go/share/unitree_go/msg/BmsState.idl
[29.456s] -- Installing: /home/orin2/ros2_ws/install/unitree_go/share/unitree_go/msg/Error.idl
[29.456s] -- Installing: /home/orin2/ros2_ws/install/unitree_go/share/unitree_go/msg/Go2FrontVideoData.idl
[29.456s] -- Installing: /home/orin2/ros2_ws/install/unitree_go/share/unitree_go/msg/HeightMap.idl
[29.456s] -- Installing: /home/orin2/ros2_ws/install/unitree_go/share/unitree_go/msg/IMUState.idl
[29.457s] -- Installing: /home/orin2/ros2_ws/install/unitree_go/share/unitree_go/msg/InterfaceConfig.idl
[29.457s] -- Installing: /home/orin2/ros2_ws/install/unitree_go/share/unitree_go/msg/LidarState.idl
[29.457s] -- Installing: /home/orin2/ros2_ws/install/unitree_go/share/unitree_go/msg/LowCmd.idl
[29.458s] -- Installing: /home/orin2/ros2_ws/install/unitree_go/share/unitree_go/msg/LowState.idl
[29.458s] -- Installing: /home/orin2/ros2_ws/install/unitree_go/share/unitree_go/msg/MotorCmd.idl
[29.458s] -- Installing: /home/orin2/ros2_ws/install/unitree_go/share/unitree_go/msg/MotorCmds.idl
[29.458s] -- Installing: /home/orin2/ros2_ws/install/unitree_go/share/unitree_go/msg/MotorState.idl
[29.459s] -- Installing: /home/orin2/ros2_ws/install/unitree_go/share/unitree_go/msg/MotorStates.idl
[29.459s] -- Installing: /home/orin2/ros2_ws/install/unitree_go/share/unitree_go/msg/PathPoint.idl
[29.459s] -- Installing: /home/orin2/ros2_ws/install/unitree_go/share/unitree_go/msg/Req.idl
[29.459s] -- Installing: /home/orin2/ros2_ws/install/unitree_go/share/unitree_go/msg/Res.idl
[29.460s] -- Installing: /home/orin2/ros2_ws/install/unitree_go/share/unitree_go/msg/SportModeCmd.idl
[29.460s] -- Installing: /home/orin2/ros2_ws/install/unitree_go/share/unitree_go/msg/SportModeState.idl
[29.460s] -- Installing: /home/orin2/ros2_ws/install/unitree_go/share/unitree_go/msg/TimeSpec.idl
[29.461s] -- Installing: /home/orin2/ros2_ws/install/unitree_go/share/unitree_go/msg/UwbState.idl
[29.461s] -- Installing: /home/orin2/ros2_ws/install/unitree_go/share/unitree_go/msg/UwbSwitch.idl
[29.461s] -- Installing: /home/orin2/ros2_ws/install/unitree_go/share/unitree_go/msg/VoxelMapCompressed.idl
[29.461s] -- Installing: /home/orin2/ros2_ws/install/unitree_go/share/unitree_go/msg/VoxelHeightMapState.idl
[29.462s] -- Installing: /home/orin2/ros2_ws/install/unitree_go/share/unitree_go/msg/WebRtcReq.idl
[29.462s] -- Installing: /home/orin2/ros2_ws/install/unitree_go/share/unitree_go/msg/WirelessController.idl
[29.462s] -- Installing: /home/orin2/ros2_ws/install/unitree_go/share/unitree_go/msg/AudioData.msg
[29.462s] -- Installing: /home/orin2/ros2_ws/install/unitree_go/share/unitree_go/msg/BmsCmd.msg
[29.463s] -- Installing: /home/orin2/ros2_ws/install/unitree_go/share/unitree_go/msg/BmsState.msg
[29.463s] -- Installing: /home/orin2/ros2_ws/install/unitree_go/share/unitree_go/msg/Error.msg
[29.463s] -- Installing: /home/orin2/ros2_ws/install/unitree_go/share/unitree_go/msg/Go2FrontVideoData.msg
[29.464s] -- Installing: /home/orin2/ros2_ws/install/unitree_go/share/unitree_go/msg/HeightMap.msg
[29.464s] -- Installing: /home/orin2/ros2_ws/install/unitree_go/share/unitree_go/msg/IMUState.msg
[29.464s] -- Installing: /home/orin2/ros2_ws/install/unitree_go/share/unitree_go/msg/InterfaceConfig.msg
[29.464s] -- Installing: /home/orin2/ros2_ws/install/unitree_go/share/unitree_go/msg/LidarState.msg
[29.465s] -- Installing: /home/orin2/ros2_ws/install/unitree_go/share/unitree_go/msg/LowCmd.msg
[29.465s] -- Installing: /home/orin2/ros2_ws/install/unitree_go/share/unitree_go/msg/LowState.msg
[29.465s] -- Installing: /home/orin2/ros2_ws/install/unitree_go/share/unitree_go/msg/MotorCmd.msg
[29.465s] -- Installing: /home/orin2/ros2_ws/install/unitree_go/share/unitree_go/msg/MotorCmds.msg
[29.466s] -- Installing: /home/orin2/ros2_ws/install/unitree_go/share/unitree_go/msg/MotorState.msg
[29.466s] -- Installing: /home/orin2/ros2_ws/install/unitree_go/share/unitree_go/msg/MotorStates.msg
[29.466s] -- Installing: /home/orin2/ros2_ws/install/unitree_go/share/unitree_go/msg/PathPoint.msg
[29.466s] -- Installing: /home/orin2/ros2_ws/install/unitree_go/share/unitree_go/msg/Req.msg
[29.467s] -- Installing: /home/orin2/ros2_ws/install/unitree_go/share/unitree_go/msg/Res.msg
[29.467s] -- Installing: /home/orin2/ros2_ws/install/unitree_go/share/unitree_go/msg/SportModeCmd.msg
[29.467s] -- Installing: /home/orin2/ros2_ws/install/unitree_go/share/unitree_go/msg/SportModeState.msg
[29.467s] -- Installing: /home/orin2/ros2_ws/install/unitree_go/share/unitree_go/msg/TimeSpec.msg
[29.468s] -- Installing: /home/orin2/ros2_ws/install/unitree_go/share/unitree_go/msg/UwbState.msg
[29.468s] -- Installing: /home/orin2/ros2_ws/install/unitree_go/share/unitree_go/msg/UwbSwitch.msg
[29.468s] -- Installing: /home/orin2/ros2_ws/install/unitree_go/share/unitree_go/msg/VoxelMapCompressed.msg
[29.469s] -- Installing: /home/orin2/ros2_ws/install/unitree_go/share/unitree_go/msg/VoxelHeightMapState.msg
[29.469s] -- Installing: /home/orin2/ros2_ws/install/unitree_go/share/unitree_go/msg/WebRtcReq.msg
[29.469s] -- Installing: /home/orin2/ros2_ws/install/unitree_go/share/unitree_go/msg/WirelessController.msg
[29.469s] -- Installing: /home/orin2/ros2_ws/install/unitree_go/share/ament_index/resource_index/package_run_dependencies/unitree_go
[29.470s] -- Installing: /home/orin2/ros2_ws/install/unitree_go/share/ament_index/resource_index/parent_prefix_path/unitree_go
[29.470s] -- Installing: /home/orin2/ros2_ws/install/unitree_go/share/unitree_go/environment/ament_prefix_path.sh
[29.470s] -- Installing: /home/orin2/ros2_ws/install/unitree_go/share/unitree_go/environment/ament_prefix_path.dsv
[29.470s] -- Installing: /home/orin2/ros2_ws/install/unitree_go/share/unitree_go/environment/path.sh
[29.471s] -- Installing: /home/orin2/ros2_ws/install/unitree_go/share/unitree_go/environment/path.dsv
[29.471s] -- Installing: /home/orin2/ros2_ws/install/unitree_go/share/unitree_go/local_setup.bash
[29.471s] -- Installing: /home/orin2/ros2_ws/install/unitree_go/share/unitree_go/local_setup.sh
[29.471s] -- Installing: /home/orin2/ros2_ws/install/unitree_go/share/unitree_go/local_setup.zsh
[29.472s] -- Installing: /home/orin2/ros2_ws/install/unitree_go/share/unitree_go/local_setup.dsv
[29.472s] -- Installing: /home/orin2/ros2_ws/install/unitree_go/share/unitree_go/package.dsv
[29.472s] -- Installing: /home/orin2/ros2_ws/install/unitree_go/share/ament_index/resource_index/packages/unitree_go
[29.473s] -- Installing: /home/orin2/ros2_ws/install/unitree_go/share/unitree_go/cmake/export_unitree_go__rosidl_generator_cExport.cmake
[29.473s] -- Installing: /home/orin2/ros2_ws/install/unitree_go/share/unitree_go/cmake/export_unitree_go__rosidl_generator_cExport-noconfig.cmake
[29.473s] -- Installing: /home/orin2/ros2_ws/install/unitree_go/share/unitree_go/cmake/export_unitree_go__rosidl_typesupport_fastrtps_cExport.cmake
[29.473s] -- Installing: /home/orin2/ros2_ws/install/unitree_go/share/unitree_go/cmake/export_unitree_go__rosidl_typesupport_fastrtps_cExport-noconfig.cmake
[29.474s] -- Installing: /home/orin2/ros2_ws/install/unitree_go/share/unitree_go/cmake/unitree_go__rosidl_typesupport_introspection_cExport.cmake
[29.474s] -- Installing: /home/orin2/ros2_ws/install/unitree_go/share/unitree_go/cmake/unitree_go__rosidl_typesupport_introspection_cExport-noconfig.cmake
[29.474s] -- Installing: /home/orin2/ros2_ws/install/unitree_go/share/unitree_go/cmake/unitree_go__rosidl_typesupport_cExport.cmake
[29.474s] -- Installing: /home/orin2/ros2_ws/install/unitree_go/share/unitree_go/cmake/unitree_go__rosidl_typesupport_cExport-noconfig.cmake
[29.475s] -- Installing: /home/orin2/ros2_ws/install/unitree_go/share/unitree_go/cmake/export_unitree_go__rosidl_generator_cppExport.cmake
[29.475s] -- Installing: /home/orin2/ros2_ws/install/unitree_go/share/unitree_go/cmake/export_unitree_go__rosidl_typesupport_fastrtps_cppExport.cmake
[29.475s] -- Installing: /home/orin2/ros2_ws/install/unitree_go/share/unitree_go/cmake/export_unitree_go__rosidl_typesupport_fastrtps_cppExport-noconfig.cmake
[29.475s] -- Installing: /home/orin2/ros2_ws/install/unitree_go/share/unitree_go/cmake/unitree_go__rosidl_typesupport_introspection_cppExport.cmake
[29.476s] -- Installing: /home/orin2/ros2_ws/install/unitree_go/share/unitree_go/cmake/unitree_go__rosidl_typesupport_introspection_cppExport-noconfig.cmake
[29.476s] -- Installing: /home/orin2/ros2_ws/install/unitree_go/share/unitree_go/cmake/unitree_go__rosidl_typesupport_cppExport.cmake
[29.476s] -- Installing: /home/orin2/ros2_ws/install/unitree_go/share/unitree_go/cmake/unitree_go__rosidl_typesupport_cppExport-noconfig.cmake
[29.477s] -- Installing: /home/orin2/ros2_ws/install/unitree_go/share/unitree_go/cmake/export_unitree_go__rosidl_generator_pyExport.cmake
[29.477s] -- Installing: /home/orin2/ros2_ws/install/unitree_go/share/unitree_go/cmake/export_unitree_go__rosidl_generator_pyExport-noconfig.cmake
[29.477s] -- Installing: /home/orin2/ros2_ws/install/unitree_go/share/unitree_go/cmake/rosidl_cmake-extras.cmake
[29.477s] -- Installing: /home/orin2/ros2_ws/install/unitree_go/share/unitree_go/cmake/ament_cmake_export_include_directories-extras.cmake
[29.478s] -- Installing: /home/orin2/ros2_ws/install/unitree_go/share/unitree_go/cmake/ament_cmake_export_libraries-extras.cmake
[29.478s] -- Installing: /home/orin2/ros2_ws/install/unitree_go/share/unitree_go/cmake/ament_cmake_export_targets-extras.cmake
[29.478s] -- Installing: /home/orin2/ros2_ws/install/unitree_go/share/unitree_go/cmake/rosidl_cmake_export_typesupport_targets-extras.cmake
[29.478s] -- Installing: /home/orin2/ros2_ws/install/unitree_go/share/unitree_go/cmake/ament_cmake_export_dependencies-extras.cmake
[29.479s] -- Installing: /home/orin2/ros2_ws/install/unitree_go/share/unitree_go/cmake/rosidl_cmake_export_typesupport_libraries-extras.cmake
[29.479s] -- Installing: /home/orin2/ros2_ws/install/unitree_go/share/unitree_go/cmake/unitree_goConfig.cmake
[29.479s] -- Installing: /home/orin2/ros2_ws/install/unitree_go/share/unitree_go/cmake/unitree_goConfig-version.cmake
[29.479s] -- Installing: /home/orin2/ros2_ws/install/unitree_go/share/unitree_go/package.xml
[29.485s] Invoked command in '/home/orin2/ros2_ws/build/unitree_go' returned '0': CMAKE_PREFIX_PATH=${CMAKE_PREFIX_PATH}:/home/orin2/slam_ws/install/transform_sensors:/home/orin2/slam_ws/install/ros_tcp_endpoint:/opt/ros/humble /usr/bin/cmake --install /home/orin2/ros2_ws/build/unitree_go
