[0.000000] (-) TimerEvent: {}
[0.001077] (coco_detector) JobQueued: {'identifier': 'coco_detector', 'dependencies': OrderedDict()}
[0.001155] (go2_interfaces) JobQueued: {'identifier': 'go2_interfaces', 'dependencies': OrderedDict()}
[0.001207] (ros2_bag_to_image) JobQueued: {'identifier': 'ros2_bag_to_image', 'dependencies': OrderedDict()}
[0.001246] (unitree_go) JobQueued: {'identifier': 'unitree_go', 'dependencies': OrderedDict()}
[0.001284] (go2_robot_sdk) JobQueued: {'identifier': 'go2_robot_sdk', 'dependencies': OrderedDict([('go2_interfaces', '/home/orin2/ros2_ws/install/go2_interfaces'), ('unitree_go', '/home/orin2/ros2_ws/install/unitree_go')])}
[0.001391] (go2_interfaces) JobStarted: {'identifier': 'go2_interfaces'}
[0.012283] (unitree_go) JobStarted: {'identifier': 'unitree_go'}
[0.018925] (coco_detector) JobStarted: {'identifier': 'coco_detector'}
[0.029760] (ros2_bag_to_image) JobStarted: {'identifier': 'ros2_bag_to_image'}
[0.038664] (go2_interfaces) JobProgress: {'identifier': 'go2_interfaces', 'progress': 'cmake'}
[0.040262] (go2_interfaces) JobProgress: {'identifier': 'go2_interfaces', 'progress': 'build'}
[0.041450] (go2_interfaces) Command: {'cmd': ['/usr/bin/cmake', '--build', '/home/orin2/ros2_ws/build/go2_interfaces', '--', '-j8', '-l8'], 'cwd': '/home/orin2/ros2_ws/build/go2_interfaces', 'env': OrderedDict([('ROBOT_IP', '192.168.123.161'), ('LESSOPEN', '| /usr/bin/lesspipe %s'), ('USER', 'orin2'), ('SSH_CLIENT', '192.168.0.128 48182 22'), ('XDG_SESSION_TYPE', 'tty'), ('SHLVL', '1'), ('LD_LIBRARY_PATH', '/usr/local/cuda-12.6/lib64:/opt/ros/humble/opt/rviz_ogre_vendor/lib:/opt/ros/humble/lib/aarch64-linux-gnu:/opt/ros/humble/lib:/usr/local/cuda-12.2/lib64:'), ('BROWSER', '/home/orin2/.vscode-server/bin/ddc367ed5c8936efe395cffeec279b04ffd7db78/bin/helpers/browser.sh'), ('MAP_NAME', '3d_map'), ('MOTD_SHOWN', 'pam'), ('HOME', '/home/orin2'), ('OLDPWD', '/home/orin2/ros2_ws/src'), ('TERM_PROGRAM_VERSION', '1.98.2'), ('VSCODE_IPC_HOOK_CLI', '/run/user/1000/vscode-ipc-e7d8a6a6-2694-4128-8dce-50e771882e45.sock'), ('ROS_PYTHON_VERSION', '3'), ('PYDEVD_DISABLE_FILE_VALIDATION', '1'), ('BUNDLED_DEBUGPY_PATH', '/home/orin2/.vscode-server/extensions/ms-python.debugpy-2025.4.1-linux-arm64/bundled/libs/debugpy'), ('DBUS_SESSION_BUS_ADDRESS', 'unix:path=/run/user/1000/bus'), ('COLORTERM', 'truecolor'), ('ROS_DISTRO', 'humble'), ('LOGNAME', 'orin2'), ('_', '/usr/bin/colcon'), ('ROS_VERSION', '2'), ('XDG_SESSION_CLASS', 'user'), ('TERM', 'xterm-256color'), ('XDG_SESSION_ID', '2'), ('MAP_SAVE', 'True'), ('ROS_LOCALHOST_ONLY', '0'), ('PATH', '/usr/local/cuda-12.6/bin:/opt/ros/humble/bin:/usr/local/cuda-12.2/bin:/home/orin2/.vscode-server/bin/ddc367ed5c8936efe395cffeec279b04ffd7db78/bin/remote-cli:/usr/local/sbin:/usr/local/bin:/usr/sbin:/usr/bin:/sbin:/bin:/usr/games:/usr/local/games:/snap/bin:/home/orin2/.vscode-server/extensions/ms-python.debugpy-2025.4.1-linux-arm64/bundled/scripts/noConfigScripts:/home/orin2/.vscode-server/data/User/globalStorage/github.copilot-chat/debugCommand:/home/orin2/Repository/mcap/go/cli/mcap/bin:/usr/local/go/bin'), ('XDG_RUNTIME_DIR', '/run/user/1000'), ('DISPLAY', 'localhost:10.0'), ('VSCODE_DEBUGPY_ADAPTER_ENDPOINTS', '/home/orin2/.vscode-server/extensions/ms-python.debugpy-2025.4.1-linux-arm64/.noConfigDebugAdapterEndpoints/endpoint-7ad11a21a46cf7ea.txt'), ('LANG', 'en_US.UTF-8'), ('RMW_IMPLEMENTATION', 'rmw_fastrtps_cpp'), ('LS_COLORS', 'rs=0:di=01;34:ln=01;36:mh=00:pi=40;33:so=01;35:do=01;35:bd=40;33;01:cd=40;33;01:or=40;31;01:mi=00:su=37;41:sg=30;43:ca=30;41:tw=30;42:ow=34;42:st=37;44:ex=01;32:*.tar=01;31:*.tgz=01;31:*.arc=01;31:*.arj=01;31:*.taz=01;31:*.lha=01;31:*.lz4=01;31:*.lzh=01;31:*.lzma=01;31:*.tlz=01;31:*.txz=01;31:*.tzo=01;31:*.t7z=01;31:*.zip=01;31:*.z=01;31:*.dz=01;31:*.gz=01;31:*.lrz=01;31:*.lz=01;31:*.lzo=01;31:*.xz=01;31:*.zst=01;31:*.tzst=01;31:*.bz2=01;31:*.bz=01;31:*.tbz=01;31:*.tbz2=01;31:*.tz=01;31:*.deb=01;31:*.rpm=01;31:*.jar=01;31:*.war=01;31:*.ear=01;31:*.sar=01;31:*.rar=01;31:*.alz=01;31:*.ace=01;31:*.zoo=01;31:*.cpio=01;31:*.7z=01;31:*.rz=01;31:*.cab=01;31:*.wim=01;31:*.swm=01;31:*.dwm=01;31:*.esd=01;31:*.jpg=01;35:*.jpeg=01;35:*.mjpg=01;35:*.mjpeg=01;35:*.gif=01;35:*.bmp=01;35:*.pbm=01;35:*.pgm=01;35:*.ppm=01;35:*.tga=01;35:*.xbm=01;35:*.xpm=01;35:*.tif=01;35:*.tiff=01;35:*.png=01;35:*.svg=01;35:*.svgz=01;35:*.mng=01;35:*.pcx=01;35:*.mov=01;35:*.mpg=01;35:*.mpeg=01;35:*.m2v=01;35:*.mkv=01;35:*.webm=01;35:*.webp=01;35:*.ogm=01;35:*.mp4=01;35:*.m4v=01;35:*.mp4v=01;35:*.vob=01;35:*.qt=01;35:*.nuv=01;35:*.wmv=01;35:*.asf=01;35:*.rm=01;35:*.rmvb=01;35:*.flc=01;35:*.avi=01;35:*.fli=01;35:*.flv=01;35:*.gl=01;35:*.dl=01;35:*.xcf=01;35:*.xwd=01;35:*.yuv=01;35:*.cgm=01;35:*.emf=01;35:*.ogv=01;35:*.ogx=01;35:*.aac=00;36:*.au=00;36:*.flac=00;36:*.m4a=00;36:*.mid=00;36:*.midi=00;36:*.mka=00;36:*.mp3=00;36:*.mpc=00;36:*.ogg=00;36:*.ra=00;36:*.wav=00;36:*.oga=00;36:*.opus=00;36:*.spx=00;36:*.xspf=00;36:'), ('VSCODE_GIT_IPC_HANDLE', '/run/user/1000/vscode-git-fe0705986e.sock'), ('HUMBLE_ROS', 'humble'), ('TERM_PROGRAM', 'vscode'), ('AMENT_PREFIX_PATH', '/opt/ros/humble'), ('SHELL', '/bin/bash'), ('LESSCLOSE', '/usr/bin/lesspipe %s %s'), ('ROS_EDITION', 'ROS2'), ('PWD', '/home/orin2/ros2_ws/build/go2_interfaces'), ('SSH_CONNECTION', '192.168.0.128 48182 192.168.0.226 22'), ('PYTHONPATH', '/home/orin2/unitree_ros2/src/install/go2_robot_sdk/lib/python3.10/site-packages:/home/orin2/unitree_ros2/src/install/unitree_go/local/lib/python3.10/dist-packages:/home/orin2/unitree_ros2/src/install/go2_interfaces/local/lib/python3.10/dist-packages:/home/orin2/unitree_ros2/src/install/coco_detector/lib/python3.10/site-packages:/opt/ros/humble/lib/python3.10/site-packages:/opt/ros/humble/local/lib/python3.10/dist-packages:/home/orin2/unitree_ros2/BuddyNav/robot/unitree_sdk2_python'), ('CONN_TYPE', 'cyclonedds'), ('COLCON', '1'), ('CMAKE_PREFIX_PATH', '/opt/ros/humble')]), 'shell': False}
[0.046567] (unitree_go) JobProgress: {'identifier': 'unitree_go', 'progress': 'cmake'}
[0.047881] (unitree_go) JobProgress: {'identifier': 'unitree_go', 'progress': 'build'}
[0.048696] (unitree_go) Command: {'cmd': ['/usr/bin/cmake', '--build', '/home/orin2/ros2_ws/build/unitree_go', '--', '-j8', '-l8'], 'cwd': '/home/orin2/ros2_ws/build/unitree_go', 'env': OrderedDict([('ROBOT_IP', '192.168.123.161'), ('LESSOPEN', '| /usr/bin/lesspipe %s'), ('USER', 'orin2'), ('SSH_CLIENT', '192.168.0.128 48182 22'), ('XDG_SESSION_TYPE', 'tty'), ('SHLVL', '1'), ('LD_LIBRARY_PATH', '/usr/local/cuda-12.6/lib64:/opt/ros/humble/opt/rviz_ogre_vendor/lib:/opt/ros/humble/lib/aarch64-linux-gnu:/opt/ros/humble/lib:/usr/local/cuda-12.2/lib64:'), ('BROWSER', '/home/orin2/.vscode-server/bin/ddc367ed5c8936efe395cffeec279b04ffd7db78/bin/helpers/browser.sh'), ('MAP_NAME', '3d_map'), ('MOTD_SHOWN', 'pam'), ('HOME', '/home/orin2'), ('OLDPWD', '/home/orin2/ros2_ws/src'), ('TERM_PROGRAM_VERSION', '1.98.2'), ('VSCODE_IPC_HOOK_CLI', '/run/user/1000/vscode-ipc-e7d8a6a6-2694-4128-8dce-50e771882e45.sock'), ('ROS_PYTHON_VERSION', '3'), ('PYDEVD_DISABLE_FILE_VALIDATION', '1'), ('BUNDLED_DEBUGPY_PATH', '/home/orin2/.vscode-server/extensions/ms-python.debugpy-2025.4.1-linux-arm64/bundled/libs/debugpy'), ('DBUS_SESSION_BUS_ADDRESS', 'unix:path=/run/user/1000/bus'), ('COLORTERM', 'truecolor'), ('ROS_DISTRO', 'humble'), ('LOGNAME', 'orin2'), ('_', '/usr/bin/colcon'), ('ROS_VERSION', '2'), ('XDG_SESSION_CLASS', 'user'), ('TERM', 'xterm-256color'), ('XDG_SESSION_ID', '2'), ('MAP_SAVE', 'True'), ('ROS_LOCALHOST_ONLY', '0'), ('PATH', '/usr/local/cuda-12.6/bin:/opt/ros/humble/bin:/usr/local/cuda-12.2/bin:/home/orin2/.vscode-server/bin/ddc367ed5c8936efe395cffeec279b04ffd7db78/bin/remote-cli:/usr/local/sbin:/usr/local/bin:/usr/sbin:/usr/bin:/sbin:/bin:/usr/games:/usr/local/games:/snap/bin:/home/orin2/.vscode-server/extensions/ms-python.debugpy-2025.4.1-linux-arm64/bundled/scripts/noConfigScripts:/home/orin2/.vscode-server/data/User/globalStorage/github.copilot-chat/debugCommand:/home/orin2/Repository/mcap/go/cli/mcap/bin:/usr/local/go/bin'), ('XDG_RUNTIME_DIR', '/run/user/1000'), ('DISPLAY', 'localhost:10.0'), ('VSCODE_DEBUGPY_ADAPTER_ENDPOINTS', '/home/orin2/.vscode-server/extensions/ms-python.debugpy-2025.4.1-linux-arm64/.noConfigDebugAdapterEndpoints/endpoint-7ad11a21a46cf7ea.txt'), ('LANG', 'en_US.UTF-8'), ('RMW_IMPLEMENTATION', 'rmw_fastrtps_cpp'), ('LS_COLORS', 'rs=0:di=01;34:ln=01;36:mh=00:pi=40;33:so=01;35:do=01;35:bd=40;33;01:cd=40;33;01:or=40;31;01:mi=00:su=37;41:sg=30;43:ca=30;41:tw=30;42:ow=34;42:st=37;44:ex=01;32:*.tar=01;31:*.tgz=01;31:*.arc=01;31:*.arj=01;31:*.taz=01;31:*.lha=01;31:*.lz4=01;31:*.lzh=01;31:*.lzma=01;31:*.tlz=01;31:*.txz=01;31:*.tzo=01;31:*.t7z=01;31:*.zip=01;31:*.z=01;31:*.dz=01;31:*.gz=01;31:*.lrz=01;31:*.lz=01;31:*.lzo=01;31:*.xz=01;31:*.zst=01;31:*.tzst=01;31:*.bz2=01;31:*.bz=01;31:*.tbz=01;31:*.tbz2=01;31:*.tz=01;31:*.deb=01;31:*.rpm=01;31:*.jar=01;31:*.war=01;31:*.ear=01;31:*.sar=01;31:*.rar=01;31:*.alz=01;31:*.ace=01;31:*.zoo=01;31:*.cpio=01;31:*.7z=01;31:*.rz=01;31:*.cab=01;31:*.wim=01;31:*.swm=01;31:*.dwm=01;31:*.esd=01;31:*.jpg=01;35:*.jpeg=01;35:*.mjpg=01;35:*.mjpeg=01;35:*.gif=01;35:*.bmp=01;35:*.pbm=01;35:*.pgm=01;35:*.ppm=01;35:*.tga=01;35:*.xbm=01;35:*.xpm=01;35:*.tif=01;35:*.tiff=01;35:*.png=01;35:*.svg=01;35:*.svgz=01;35:*.mng=01;35:*.pcx=01;35:*.mov=01;35:*.mpg=01;35:*.mpeg=01;35:*.m2v=01;35:*.mkv=01;35:*.webm=01;35:*.webp=01;35:*.ogm=01;35:*.mp4=01;35:*.m4v=01;35:*.mp4v=01;35:*.vob=01;35:*.qt=01;35:*.nuv=01;35:*.wmv=01;35:*.asf=01;35:*.rm=01;35:*.rmvb=01;35:*.flc=01;35:*.avi=01;35:*.fli=01;35:*.flv=01;35:*.gl=01;35:*.dl=01;35:*.xcf=01;35:*.xwd=01;35:*.yuv=01;35:*.cgm=01;35:*.emf=01;35:*.ogv=01;35:*.ogx=01;35:*.aac=00;36:*.au=00;36:*.flac=00;36:*.m4a=00;36:*.mid=00;36:*.midi=00;36:*.mka=00;36:*.mp3=00;36:*.mpc=00;36:*.ogg=00;36:*.ra=00;36:*.wav=00;36:*.oga=00;36:*.opus=00;36:*.spx=00;36:*.xspf=00;36:'), ('VSCODE_GIT_IPC_HANDLE', '/run/user/1000/vscode-git-fe0705986e.sock'), ('HUMBLE_ROS', 'humble'), ('TERM_PROGRAM', 'vscode'), ('AMENT_PREFIX_PATH', '/opt/ros/humble'), ('SHELL', '/bin/bash'), ('LESSCLOSE', '/usr/bin/lesspipe %s %s'), ('ROS_EDITION', 'ROS2'), ('PWD', '/home/orin2/ros2_ws/build/unitree_go'), ('SSH_CONNECTION', '192.168.0.128 48182 192.168.0.226 22'), ('PYTHONPATH', '/home/orin2/unitree_ros2/src/install/go2_robot_sdk/lib/python3.10/site-packages:/home/orin2/unitree_ros2/src/install/unitree_go/local/lib/python3.10/dist-packages:/home/orin2/unitree_ros2/src/install/go2_interfaces/local/lib/python3.10/dist-packages:/home/orin2/unitree_ros2/src/install/coco_detector/lib/python3.10/site-packages:/opt/ros/humble/lib/python3.10/site-packages:/opt/ros/humble/local/lib/python3.10/dist-packages:/home/orin2/unitree_ros2/BuddyNav/robot/unitree_sdk2_python'), ('CONN_TYPE', 'cyclonedds'), ('COLCON', '1'), ('CMAKE_PREFIX_PATH', '/opt/ros/humble')]), 'shell': False}
[0.098917] (-) TimerEvent: {}
[0.199541] (-) TimerEvent: {}
[0.300335] (-) TimerEvent: {}
[0.401037] (-) TimerEvent: {}
[0.501666] (-) TimerEvent: {}
[0.602303] (-) TimerEvent: {}
[0.703633] (-) TimerEvent: {}
[0.725288] (go2_interfaces) StdoutLine: {'line': b'[ 11%] Built target go2_interfaces__rosidl_generator_c\n'}
[0.730124] (go2_interfaces) StdoutLine: {'line': b'[ 12%] Built target go2_interfaces__cpp\n'}
[0.730738] (go2_interfaces) StdoutLine: {'line': b'[ 12%] Built target ament_cmake_python_copy_go2_interfaces\n'}
[0.730910] (go2_interfaces) StdoutLine: {'line': b'[ 23%] Built target go2_interfaces__rosidl_typesupport_introspection_c\n'}
[0.731056] (go2_interfaces) StdoutLine: {'line': b'[ 34%] Built target go2_interfaces__rosidl_typesupport_fastrtps_c\n'}
[0.731207] (go2_interfaces) StdoutLine: {'line': b'[ 46%] Built target go2_interfaces__rosidl_typesupport_c\n'}
[0.731330] (go2_interfaces) StdoutLine: {'line': b'[ 57%] Built target go2_interfaces__rosidl_typesupport_cpp\n'}
[0.731453] (go2_interfaces) StdoutLine: {'line': b'[ 68%] Built target go2_interfaces__rosidl_typesupport_introspection_cpp\n'}
[0.731575] (go2_interfaces) StdoutLine: {'line': b'[ 79%] Built target go2_interfaces__rosidl_typesupport_fastrtps_cpp\n'}
[0.731692] (go2_interfaces) StdoutLine: {'line': b'[ 79%] Built target go2_interfaces\n'}
[0.731806] (go2_interfaces) StdoutLine: {'line': b'[ 80%] Built target go2_interfaces__py\n'}
[0.731967] (go2_interfaces) StdoutLine: {'line': b'[ 90%] Built target go2_interfaces__rosidl_generator_py\n'}
[0.732084] (go2_interfaces) StdoutLine: {'line': b'[ 96%] Built target go2_interfaces__rosidl_typesupport_fastrtps_c__pyext\n'}
[0.732201] (go2_interfaces) StdoutLine: {'line': b'[ 96%] Built target go2_interfaces__rosidl_typesupport_c__pyext\n'}
[0.732319] (go2_interfaces) StdoutLine: {'line': b'[100%] Built target go2_interfaces__rosidl_typesupport_introspection_c__pyext\n'}
[0.732436] (unitree_go) StdoutLine: {'line': b'[  0%] Built target unitree_go__cpp\n'}
[0.732631] (unitree_go) StdoutLine: {'line': b'[ 12%] Built target unitree_go__rosidl_generator_c\n'}
[0.732761] (unitree_go) StdoutLine: {'line': b'[ 12%] Built target ament_cmake_python_copy_unitree_go\n'}
[0.732885] (unitree_go) StdoutLine: {'line': b'[ 24%] Built target unitree_go__rosidl_typesupport_cpp\n'}
[0.733003] (unitree_go) StdoutLine: {'line': b'[ 36%] Built target unitree_go__rosidl_typesupport_fastrtps_cpp\n'}
[0.733119] (unitree_go) StdoutLine: {'line': b'[ 49%] Built target unitree_go__rosidl_typesupport_introspection_cpp\n'}
[0.733232] (unitree_go) StdoutLine: {'line': b'[ 61%] Built target unitree_go__rosidl_typesupport_c\n'}
[0.733345] (unitree_go) StdoutLine: {'line': b'[ 73%] Built target unitree_go__rosidl_typesupport_fastrtps_c\n'}
[0.733457] (unitree_go) StdoutLine: {'line': b'[ 86%] Built target unitree_go__rosidl_typesupport_introspection_c\n'}
[0.733573] (unitree_go) StdoutLine: {'line': b'[ 86%] Built target unitree_go\n'}
[0.733686] (unitree_go) StdoutLine: {'line': b'[ 86%] Built target unitree_go__py\n'}
[0.733801] (unitree_go) StdoutLine: {'line': b'[ 98%] Built target unitree_go__rosidl_generator_py\n'}
[0.733919] (unitree_go) StdoutLine: {'line': b'[100%] Built target unitree_go__rosidl_typesupport_fastrtps_c__pyext\n'}
[0.734036] (unitree_go) StdoutLine: {'line': b'[100%] Built target unitree_go__rosidl_typesupport_c__pyext\n'}
[0.734185] (unitree_go) StdoutLine: {'line': b'[100%] Built target unitree_go__rosidl_typesupport_introspection_c__pyext\n'}
[0.735486] (ros2_bag_to_image) JobProgress: {'identifier': 'ros2_bag_to_image', 'progress': 'cmake'}
[0.736528] (ros2_bag_to_image) Command: {'cmd': ['/usr/bin/cmake', '/home/orin2/ros2_ws/src/ros2_bag_to_image', '-DCMAKE_INSTALL_PREFIX=/home/orin2/ros2_ws/install/ros2_bag_to_image'], 'cwd': '/home/orin2/ros2_ws/build/ros2_bag_to_image', 'env': OrderedDict([('ROBOT_IP', '192.168.123.161'), ('LESSOPEN', '| /usr/bin/lesspipe %s'), ('USER', 'orin2'), ('SSH_CLIENT', '192.168.0.128 48182 22'), ('XDG_SESSION_TYPE', 'tty'), ('SHLVL', '1'), ('LD_LIBRARY_PATH', '/usr/local/cuda-12.6/lib64:/opt/ros/humble/opt/rviz_ogre_vendor/lib:/opt/ros/humble/lib/aarch64-linux-gnu:/opt/ros/humble/lib:/usr/local/cuda-12.2/lib64:'), ('BROWSER', '/home/orin2/.vscode-server/bin/ddc367ed5c8936efe395cffeec279b04ffd7db78/bin/helpers/browser.sh'), ('MAP_NAME', '3d_map'), ('MOTD_SHOWN', 'pam'), ('HOME', '/home/orin2'), ('OLDPWD', '/home/orin2/ros2_ws/src'), ('TERM_PROGRAM_VERSION', '1.98.2'), ('VSCODE_IPC_HOOK_CLI', '/run/user/1000/vscode-ipc-e7d8a6a6-2694-4128-8dce-50e771882e45.sock'), ('ROS_PYTHON_VERSION', '3'), ('PYDEVD_DISABLE_FILE_VALIDATION', '1'), ('BUNDLED_DEBUGPY_PATH', '/home/orin2/.vscode-server/extensions/ms-python.debugpy-2025.4.1-linux-arm64/bundled/libs/debugpy'), ('DBUS_SESSION_BUS_ADDRESS', 'unix:path=/run/user/1000/bus'), ('COLORTERM', 'truecolor'), ('ROS_DISTRO', 'humble'), ('LOGNAME', 'orin2'), ('_', '/usr/bin/colcon'), ('ROS_VERSION', '2'), ('XDG_SESSION_CLASS', 'user'), ('TERM', 'xterm-256color'), ('XDG_SESSION_ID', '2'), ('MAP_SAVE', 'True'), ('ROS_LOCALHOST_ONLY', '0'), ('PATH', '/usr/local/cuda-12.6/bin:/opt/ros/humble/bin:/usr/local/cuda-12.2/bin:/home/orin2/.vscode-server/bin/ddc367ed5c8936efe395cffeec279b04ffd7db78/bin/remote-cli:/usr/local/sbin:/usr/local/bin:/usr/sbin:/usr/bin:/sbin:/bin:/usr/games:/usr/local/games:/snap/bin:/home/orin2/.vscode-server/extensions/ms-python.debugpy-2025.4.1-linux-arm64/bundled/scripts/noConfigScripts:/home/orin2/.vscode-server/data/User/globalStorage/github.copilot-chat/debugCommand:/home/orin2/Repository/mcap/go/cli/mcap/bin:/usr/local/go/bin'), ('XDG_RUNTIME_DIR', '/run/user/1000'), ('DISPLAY', 'localhost:10.0'), ('VSCODE_DEBUGPY_ADAPTER_ENDPOINTS', '/home/orin2/.vscode-server/extensions/ms-python.debugpy-2025.4.1-linux-arm64/.noConfigDebugAdapterEndpoints/endpoint-7ad11a21a46cf7ea.txt'), ('LANG', 'en_US.UTF-8'), ('RMW_IMPLEMENTATION', 'rmw_fastrtps_cpp'), ('LS_COLORS', 'rs=0:di=01;34:ln=01;36:mh=00:pi=40;33:so=01;35:do=01;35:bd=40;33;01:cd=40;33;01:or=40;31;01:mi=00:su=37;41:sg=30;43:ca=30;41:tw=30;42:ow=34;42:st=37;44:ex=01;32:*.tar=01;31:*.tgz=01;31:*.arc=01;31:*.arj=01;31:*.taz=01;31:*.lha=01;31:*.lz4=01;31:*.lzh=01;31:*.lzma=01;31:*.tlz=01;31:*.txz=01;31:*.tzo=01;31:*.t7z=01;31:*.zip=01;31:*.z=01;31:*.dz=01;31:*.gz=01;31:*.lrz=01;31:*.lz=01;31:*.lzo=01;31:*.xz=01;31:*.zst=01;31:*.tzst=01;31:*.bz2=01;31:*.bz=01;31:*.tbz=01;31:*.tbz2=01;31:*.tz=01;31:*.deb=01;31:*.rpm=01;31:*.jar=01;31:*.war=01;31:*.ear=01;31:*.sar=01;31:*.rar=01;31:*.alz=01;31:*.ace=01;31:*.zoo=01;31:*.cpio=01;31:*.7z=01;31:*.rz=01;31:*.cab=01;31:*.wim=01;31:*.swm=01;31:*.dwm=01;31:*.esd=01;31:*.jpg=01;35:*.jpeg=01;35:*.mjpg=01;35:*.mjpeg=01;35:*.gif=01;35:*.bmp=01;35:*.pbm=01;35:*.pgm=01;35:*.ppm=01;35:*.tga=01;35:*.xbm=01;35:*.xpm=01;35:*.tif=01;35:*.tiff=01;35:*.png=01;35:*.svg=01;35:*.svgz=01;35:*.mng=01;35:*.pcx=01;35:*.mov=01;35:*.mpg=01;35:*.mpeg=01;35:*.m2v=01;35:*.mkv=01;35:*.webm=01;35:*.webp=01;35:*.ogm=01;35:*.mp4=01;35:*.m4v=01;35:*.mp4v=01;35:*.vob=01;35:*.qt=01;35:*.nuv=01;35:*.wmv=01;35:*.asf=01;35:*.rm=01;35:*.rmvb=01;35:*.flc=01;35:*.avi=01;35:*.fli=01;35:*.flv=01;35:*.gl=01;35:*.dl=01;35:*.xcf=01;35:*.xwd=01;35:*.yuv=01;35:*.cgm=01;35:*.emf=01;35:*.ogv=01;35:*.ogx=01;35:*.aac=00;36:*.au=00;36:*.flac=00;36:*.m4a=00;36:*.mid=00;36:*.midi=00;36:*.mka=00;36:*.mp3=00;36:*.mpc=00;36:*.ogg=00;36:*.ra=00;36:*.wav=00;36:*.oga=00;36:*.opus=00;36:*.spx=00;36:*.xspf=00;36:'), ('VSCODE_GIT_IPC_HANDLE', '/run/user/1000/vscode-git-fe0705986e.sock'), ('HUMBLE_ROS', 'humble'), ('TERM_PROGRAM', 'vscode'), ('AMENT_PREFIX_PATH', '/opt/ros/humble'), ('SHELL', '/bin/bash'), ('LESSCLOSE', '/usr/bin/lesspipe %s %s'), ('ROS_EDITION', 'ROS2'), ('PWD', '/home/orin2/ros2_ws/build/ros2_bag_to_image'), ('SSH_CONNECTION', '192.168.0.128 48182 192.168.0.226 22'), ('PYTHONPATH', '/home/orin2/unitree_ros2/src/install/go2_robot_sdk/lib/python3.10/site-packages:/home/orin2/unitree_ros2/src/install/unitree_go/local/lib/python3.10/dist-packages:/home/orin2/unitree_ros2/src/install/go2_interfaces/local/lib/python3.10/dist-packages:/home/orin2/unitree_ros2/src/install/coco_detector/lib/python3.10/site-packages:/opt/ros/humble/lib/python3.10/site-packages:/opt/ros/humble/local/lib/python3.10/dist-packages:/home/orin2/unitree_ros2/BuddyNav/robot/unitree_sdk2_python'), ('CONN_TYPE', 'cyclonedds'), ('COLCON', '1'), ('CMAKE_PREFIX_PATH', '/opt/ros/humble')]), 'shell': False}
[0.792782] (go2_interfaces) StdoutLine: {'line': b'running egg_info\n'}
[0.794637] (go2_interfaces) StdoutLine: {'line': b'writing go2_interfaces.egg-info/PKG-INFO\n'}
[0.795464] (go2_interfaces) StdoutLine: {'line': b'writing dependency_links to go2_interfaces.egg-info/dependency_links.txt\n'}
[0.795823] (go2_interfaces) StdoutLine: {'line': b'writing top-level names to go2_interfaces.egg-info/top_level.txt\n'}
[0.803790] (-) TimerEvent: {}
[0.804854] (go2_interfaces) StdoutLine: {'line': b"reading manifest file 'go2_interfaces.egg-info/SOURCES.txt'\n"}
[0.807141] (go2_interfaces) StdoutLine: {'line': b"writing manifest file 'go2_interfaces.egg-info/SOURCES.txt'\n"}
[0.864735] (unitree_go) StdoutLine: {'line': b'running egg_info\n'}
[0.866718] (unitree_go) StdoutLine: {'line': b'writing unitree_go.egg-info/PKG-INFO\n'}
[0.867370] (unitree_go) StdoutLine: {'line': b'writing dependency_links to unitree_go.egg-info/dependency_links.txt\n'}
[0.867825] (unitree_go) StdoutLine: {'line': b'writing top-level names to unitree_go.egg-info/top_level.txt\n'}
[0.871901] (ros2_bag_to_image) StdoutLine: {'line': b'-- The C compiler identification is GNU 11.4.0\n'}
[0.877247] (unitree_go) StdoutLine: {'line': b"reading manifest file 'unitree_go.egg-info/SOURCES.txt'\n"}
[0.879994] (unitree_go) StdoutLine: {'line': b"writing manifest file 'unitree_go.egg-info/SOURCES.txt'\n"}
[0.889961] (go2_interfaces) StdoutLine: {'line': b'[100%] Built target ament_cmake_python_build_go2_interfaces_egg\n'}
[0.903959] (-) TimerEvent: {}
[0.921851] (go2_interfaces) CommandEnded: {'returncode': 0}
[0.923933] (go2_interfaces) JobProgress: {'identifier': 'go2_interfaces', 'progress': 'install'}
[0.942903] (go2_interfaces) Command: {'cmd': ['/usr/bin/cmake', '--install', '/home/orin2/ros2_ws/build/go2_interfaces'], 'cwd': '/home/orin2/ros2_ws/build/go2_interfaces', 'env': OrderedDict([('ROBOT_IP', '192.168.123.161'), ('LESSOPEN', '| /usr/bin/lesspipe %s'), ('USER', 'orin2'), ('SSH_CLIENT', '192.168.0.128 48182 22'), ('XDG_SESSION_TYPE', 'tty'), ('SHLVL', '1'), ('LD_LIBRARY_PATH', '/usr/local/cuda-12.6/lib64:/opt/ros/humble/opt/rviz_ogre_vendor/lib:/opt/ros/humble/lib/aarch64-linux-gnu:/opt/ros/humble/lib:/usr/local/cuda-12.2/lib64:'), ('BROWSER', '/home/orin2/.vscode-server/bin/ddc367ed5c8936efe395cffeec279b04ffd7db78/bin/helpers/browser.sh'), ('MAP_NAME', '3d_map'), ('MOTD_SHOWN', 'pam'), ('HOME', '/home/orin2'), ('OLDPWD', '/home/orin2/ros2_ws/src'), ('TERM_PROGRAM_VERSION', '1.98.2'), ('VSCODE_IPC_HOOK_CLI', '/run/user/1000/vscode-ipc-e7d8a6a6-2694-4128-8dce-50e771882e45.sock'), ('ROS_PYTHON_VERSION', '3'), ('PYDEVD_DISABLE_FILE_VALIDATION', '1'), ('BUNDLED_DEBUGPY_PATH', '/home/orin2/.vscode-server/extensions/ms-python.debugpy-2025.4.1-linux-arm64/bundled/libs/debugpy'), ('DBUS_SESSION_BUS_ADDRESS', 'unix:path=/run/user/1000/bus'), ('COLORTERM', 'truecolor'), ('ROS_DISTRO', 'humble'), ('LOGNAME', 'orin2'), ('_', '/usr/bin/colcon'), ('ROS_VERSION', '2'), ('XDG_SESSION_CLASS', 'user'), ('TERM', 'xterm-256color'), ('XDG_SESSION_ID', '2'), ('MAP_SAVE', 'True'), ('ROS_LOCALHOST_ONLY', '0'), ('PATH', '/usr/local/cuda-12.6/bin:/opt/ros/humble/bin:/usr/local/cuda-12.2/bin:/home/orin2/.vscode-server/bin/ddc367ed5c8936efe395cffeec279b04ffd7db78/bin/remote-cli:/usr/local/sbin:/usr/local/bin:/usr/sbin:/usr/bin:/sbin:/bin:/usr/games:/usr/local/games:/snap/bin:/home/orin2/.vscode-server/extensions/ms-python.debugpy-2025.4.1-linux-arm64/bundled/scripts/noConfigScripts:/home/orin2/.vscode-server/data/User/globalStorage/github.copilot-chat/debugCommand:/home/orin2/Repository/mcap/go/cli/mcap/bin:/usr/local/go/bin'), ('XDG_RUNTIME_DIR', '/run/user/1000'), ('DISPLAY', 'localhost:10.0'), ('VSCODE_DEBUGPY_ADAPTER_ENDPOINTS', '/home/orin2/.vscode-server/extensions/ms-python.debugpy-2025.4.1-linux-arm64/.noConfigDebugAdapterEndpoints/endpoint-7ad11a21a46cf7ea.txt'), ('LANG', 'en_US.UTF-8'), ('RMW_IMPLEMENTATION', 'rmw_fastrtps_cpp'), ('LS_COLORS', 'rs=0:di=01;34:ln=01;36:mh=00:pi=40;33:so=01;35:do=01;35:bd=40;33;01:cd=40;33;01:or=40;31;01:mi=00:su=37;41:sg=30;43:ca=30;41:tw=30;42:ow=34;42:st=37;44:ex=01;32:*.tar=01;31:*.tgz=01;31:*.arc=01;31:*.arj=01;31:*.taz=01;31:*.lha=01;31:*.lz4=01;31:*.lzh=01;31:*.lzma=01;31:*.tlz=01;31:*.txz=01;31:*.tzo=01;31:*.t7z=01;31:*.zip=01;31:*.z=01;31:*.dz=01;31:*.gz=01;31:*.lrz=01;31:*.lz=01;31:*.lzo=01;31:*.xz=01;31:*.zst=01;31:*.tzst=01;31:*.bz2=01;31:*.bz=01;31:*.tbz=01;31:*.tbz2=01;31:*.tz=01;31:*.deb=01;31:*.rpm=01;31:*.jar=01;31:*.war=01;31:*.ear=01;31:*.sar=01;31:*.rar=01;31:*.alz=01;31:*.ace=01;31:*.zoo=01;31:*.cpio=01;31:*.7z=01;31:*.rz=01;31:*.cab=01;31:*.wim=01;31:*.swm=01;31:*.dwm=01;31:*.esd=01;31:*.jpg=01;35:*.jpeg=01;35:*.mjpg=01;35:*.mjpeg=01;35:*.gif=01;35:*.bmp=01;35:*.pbm=01;35:*.pgm=01;35:*.ppm=01;35:*.tga=01;35:*.xbm=01;35:*.xpm=01;35:*.tif=01;35:*.tiff=01;35:*.png=01;35:*.svg=01;35:*.svgz=01;35:*.mng=01;35:*.pcx=01;35:*.mov=01;35:*.mpg=01;35:*.mpeg=01;35:*.m2v=01;35:*.mkv=01;35:*.webm=01;35:*.webp=01;35:*.ogm=01;35:*.mp4=01;35:*.m4v=01;35:*.mp4v=01;35:*.vob=01;35:*.qt=01;35:*.nuv=01;35:*.wmv=01;35:*.asf=01;35:*.rm=01;35:*.rmvb=01;35:*.flc=01;35:*.avi=01;35:*.fli=01;35:*.flv=01;35:*.gl=01;35:*.dl=01;35:*.xcf=01;35:*.xwd=01;35:*.yuv=01;35:*.cgm=01;35:*.emf=01;35:*.ogv=01;35:*.ogx=01;35:*.aac=00;36:*.au=00;36:*.flac=00;36:*.m4a=00;36:*.mid=00;36:*.midi=00;36:*.mka=00;36:*.mp3=00;36:*.mpc=00;36:*.ogg=00;36:*.ra=00;36:*.wav=00;36:*.oga=00;36:*.opus=00;36:*.spx=00;36:*.xspf=00;36:'), ('VSCODE_GIT_IPC_HANDLE', '/run/user/1000/vscode-git-fe0705986e.sock'), ('HUMBLE_ROS', 'humble'), ('TERM_PROGRAM', 'vscode'), ('AMENT_PREFIX_PATH', '/opt/ros/humble'), ('SHELL', '/bin/bash'), ('LESSCLOSE', '/usr/bin/lesspipe %s %s'), ('ROS_EDITION', 'ROS2'), ('PWD', '/home/orin2/ros2_ws/build/go2_interfaces'), ('SSH_CONNECTION', '192.168.0.128 48182 192.168.0.226 22'), ('PYTHONPATH', '/home/orin2/unitree_ros2/src/install/go2_robot_sdk/lib/python3.10/site-packages:/home/orin2/unitree_ros2/src/install/unitree_go/local/lib/python3.10/dist-packages:/home/orin2/unitree_ros2/src/install/go2_interfaces/local/lib/python3.10/dist-packages:/home/orin2/unitree_ros2/src/install/coco_detector/lib/python3.10/site-packages:/opt/ros/humble/lib/python3.10/site-packages:/opt/ros/humble/local/lib/python3.10/dist-packages:/home/orin2/unitree_ros2/BuddyNav/robot/unitree_sdk2_python'), ('CONN_TYPE', 'cyclonedds'), ('COLCON', '1'), ('CMAKE_PREFIX_PATH', '/opt/ros/humble')]), 'shell': False}
[0.959311] (unitree_go) StdoutLine: {'line': b'[100%] Built target ament_cmake_python_build_unitree_go_egg\n'}
[0.961172] (go2_interfaces) StdoutLine: {'line': b'-- Install configuration: ""\n'}
[0.961636] (go2_interfaces) StdoutLine: {'line': b'-- Up-to-date: /home/orin2/ros2_ws/install/go2_interfaces/share/ament_index/resource_index/rosidl_interfaces/go2_interfaces\n'}
[0.962306] (go2_interfaces) StdoutLine: {'line': b'-- Up-to-date: /home/orin2/ros2_ws/install/go2_interfaces/include/go2_interfaces/go2_interfaces\n'}
[0.962603] (go2_interfaces) StdoutLine: {'line': b'-- Up-to-date: /home/orin2/ros2_ws/install/go2_interfaces/include/go2_interfaces/go2_interfaces/msg\n'}
[0.962787] (go2_interfaces) StdoutLine: {'line': b'-- Up-to-date: /home/orin2/ros2_ws/install/go2_interfaces/include/go2_interfaces/go2_interfaces/msg/rosidl_generator_c__visibility_control.h\n'}
[0.963080] (go2_interfaces) StdoutLine: {'line': b'-- Up-to-date: /home/orin2/ros2_ws/install/go2_interfaces/include/go2_interfaces/go2_interfaces/msg/go2_rpy_cmd.h\n'}
[0.963212] (go2_interfaces) StdoutLine: {'line': b'-- Up-to-date: /home/orin2/ros2_ws/install/go2_interfaces/include/go2_interfaces/go2_interfaces/msg/go2_move.h\n'}
[0.963340] (go2_interfaces) StdoutLine: {'line': b'-- Up-to-date: /home/orin2/ros2_ws/install/go2_interfaces/include/go2_interfaces/go2_interfaces/msg/imu.h\n'}
[0.963465] (go2_interfaces) StdoutLine: {'line': b'-- Up-to-date: /home/orin2/ros2_ws/install/go2_interfaces/include/go2_interfaces/go2_interfaces/msg/go2_cmd.h\n'}
[0.963588] (go2_interfaces) StdoutLine: {'line': b'-- Up-to-date: /home/orin2/ros2_ws/install/go2_interfaces/include/go2_interfaces/go2_interfaces/msg/detail\n'}
[0.963741] (go2_interfaces) StdoutLine: {'line': b'-- Up-to-date: /home/orin2/ros2_ws/install/go2_interfaces/include/go2_interfaces/go2_interfaces/msg/detail/go2_move__struct.h\n'}
[0.963884] (go2_interfaces) StdoutLine: {'line': b'-- Up-to-date: /home/orin2/ros2_ws/install/go2_interfaces/include/go2_interfaces/go2_interfaces/msg/detail/go2_move__functions.c\n'}
[0.964028] (go2_interfaces) StdoutLine: {'line': b'-- Up-to-date: /home/orin2/ros2_ws/install/go2_interfaces/include/go2_interfaces/go2_interfaces/msg/detail/go2_move__functions.h\n'}
[0.964307] (go2_interfaces) StdoutLine: {'line': b'-- Up-to-date: /home/orin2/ros2_ws/install/go2_interfaces/include/go2_interfaces/go2_interfaces/msg/detail/go2_state__type_support.h\n'}
[0.964571] (go2_interfaces) StdoutLine: {'line': b'-- Up-to-date: /home/orin2/ros2_ws/install/go2_interfaces/include/go2_interfaces/go2_interfaces/msg/detail/go2_state__struct.h\n'}
[0.964698] (go2_interfaces) StdoutLine: {'line': b'-- Up-to-date: /home/orin2/ros2_ws/install/go2_interfaces/include/go2_interfaces/go2_interfaces/msg/detail/go2_cmd__struct.h\n'}
[0.964821] (go2_interfaces) StdoutLine: {'line': b'-- Up-to-date: /home/orin2/ros2_ws/install/go2_interfaces/include/go2_interfaces/go2_interfaces/msg/detail/go2_rpy_cmd__functions.c\n'}
[0.964997] (go2_interfaces) StdoutLine: {'line': b'-- Up-to-date: /home/orin2/ros2_ws/install/go2_interfaces/include/go2_interfaces/go2_interfaces/msg/detail/imu__type_support.h\n'}
[0.965122] (go2_interfaces) StdoutLine: {'line': b'-- Up-to-date: /home/orin2/ros2_ws/install/go2_interfaces/include/go2_interfaces/go2_interfaces/msg/detail/go2_cmd__functions.h\n'}
[0.965574] (go2_interfaces) StdoutLine: {'line': b'-- Up-to-date: /home/orin2/ros2_ws/install/go2_interfaces/include/go2_interfaces/go2_interfaces/msg/detail/go2_move__type_support.h\n'}
[0.966124] (go2_interfaces) StdoutLine: {'line': b'-- Up-to-date: /home/orin2/ros2_ws/install/go2_interfaces/include/go2_interfaces/go2_interfaces/msg/detail/go2_cmd__type_support.h\n'}
[0.966760] (go2_interfaces) StdoutLine: {'line': b'-- Up-to-date: /home/orin2/ros2_ws/install/go2_interfaces/include/go2_interfaces/go2_interfaces/msg/detail/go2_rpy_cmd__functions.h\n'}
[0.967213] (go2_interfaces) StdoutLine: {'line': b'-- Up-to-date: /home/orin2/ros2_ws/install/go2_interfaces/include/go2_interfaces/go2_interfaces/msg/detail/go2_cmd__functions.c\n'}
[0.967422] (go2_interfaces) StdoutLine: {'line': b'-- Up-to-date: /home/orin2/ros2_ws/install/go2_interfaces/include/go2_interfaces/go2_interfaces/msg/detail/imu__functions.h\n'}
[0.967604] (go2_interfaces) StdoutLine: {'line': b'-- Up-to-date: /home/orin2/ros2_ws/install/go2_interfaces/include/go2_interfaces/go2_interfaces/msg/detail/go2_rpy_cmd__struct.h\n'}
[0.967734] (go2_interfaces) StdoutLine: {'line': b'-- Up-to-date: /home/orin2/ros2_ws/install/go2_interfaces/include/go2_interfaces/go2_interfaces/msg/detail/go2_rpy_cmd__type_support.h\n'}
[0.967853] (go2_interfaces) StdoutLine: {'line': b'-- Up-to-date: /home/orin2/ros2_ws/install/go2_interfaces/include/go2_interfaces/go2_interfaces/msg/detail/imu__functions.c\n'}
[0.968088] (go2_interfaces) StdoutLine: {'line': b'-- Up-to-date: /home/orin2/ros2_ws/install/go2_interfaces/include/go2_interfaces/go2_interfaces/msg/detail/imu__struct.h\n'}
[0.968217] (go2_interfaces) StdoutLine: {'line': b'-- Up-to-date: /home/orin2/ros2_ws/install/go2_interfaces/include/go2_interfaces/go2_interfaces/msg/detail/go2_state__functions.h\n'}
[0.968580] (go2_interfaces) StdoutLine: {'line': b'-- Up-to-date: /home/orin2/ros2_ws/install/go2_interfaces/include/go2_interfaces/go2_interfaces/msg/detail/go2_state__functions.c\n'}
[0.969025] (go2_interfaces) StdoutLine: {'line': b'-- Up-to-date: /home/orin2/ros2_ws/install/go2_interfaces/include/go2_interfaces/go2_interfaces/msg/go2_state.h\n'}
[0.969162] (go2_interfaces) StdoutLine: {'line': b'-- Up-to-date: /home/orin2/ros2_ws/install/go2_interfaces/share/go2_interfaces/environment/library_path.sh\n'}
[0.969280] (go2_interfaces) StdoutLine: {'line': b'-- Up-to-date: /home/orin2/ros2_ws/install/go2_interfaces/share/go2_interfaces/environment/library_path.dsv\n'}
[0.969412] (go2_interfaces) StdoutLine: {'line': b'-- Up-to-date: /home/orin2/ros2_ws/install/go2_interfaces/lib/libgo2_interfaces__rosidl_generator_c.so\n'}
[0.969529] (go2_interfaces) StdoutLine: {'line': b'-- Up-to-date: /home/orin2/ros2_ws/install/go2_interfaces/include/go2_interfaces/go2_interfaces\n'}
[0.969641] (go2_interfaces) StdoutLine: {'line': b'-- Up-to-date: /home/orin2/ros2_ws/install/go2_interfaces/include/go2_interfaces/go2_interfaces/msg\n'}
[0.969760] (go2_interfaces) StdoutLine: {'line': b'-- Up-to-date: /home/orin2/ros2_ws/install/go2_interfaces/include/go2_interfaces/go2_interfaces/msg/rosidl_typesupport_fastrtps_c__visibility_control.h\n'}
[0.969924] (go2_interfaces) StdoutLine: {'line': b'-- Up-to-date: /home/orin2/ros2_ws/install/go2_interfaces/include/go2_interfaces/go2_interfaces/msg/detail\n'}
[0.970120] (go2_interfaces) StdoutLine: {'line': b'-- Up-to-date: /home/orin2/ros2_ws/install/go2_interfaces/include/go2_interfaces/go2_interfaces/msg/detail/go2_state__rosidl_typesupport_fastrtps_c.h\n'}
[0.970269] (go2_interfaces) StdoutLine: {'line': b'-- Up-to-date: /home/orin2/ros2_ws/install/go2_interfaces/include/go2_interfaces/go2_interfaces/msg/detail/go2_rpy_cmd__rosidl_typesupport_fastrtps_c.h\n'}
[0.970418] (go2_interfaces) StdoutLine: {'line': b'-- Up-to-date: /home/orin2/ros2_ws/install/go2_interfaces/include/go2_interfaces/go2_interfaces/msg/detail/imu__rosidl_typesupport_fastrtps_c.h\n'}
[0.970552] (go2_interfaces) StdoutLine: {'line': b'-- Up-to-date: /home/orin2/ros2_ws/install/go2_interfaces/include/go2_interfaces/go2_interfaces/msg/detail/go2_move__rosidl_typesupport_fastrtps_c.h\n'}
[0.970675] (go2_interfaces) StdoutLine: {'line': b'-- Up-to-date: /home/orin2/ros2_ws/install/go2_interfaces/include/go2_interfaces/go2_interfaces/msg/detail/go2_cmd__rosidl_typesupport_fastrtps_c.h\n'}
[0.970798] (go2_interfaces) StdoutLine: {'line': b'-- Up-to-date: /home/orin2/ros2_ws/install/go2_interfaces/lib/libgo2_interfaces__rosidl_typesupport_fastrtps_c.so\n'}
[0.970920] (go2_interfaces) StdoutLine: {'line': b'-- Up-to-date: /home/orin2/ros2_ws/install/go2_interfaces/include/go2_interfaces/go2_interfaces\n'}
[0.971148] (go2_interfaces) StdoutLine: {'line': b'-- Up-to-date: /home/orin2/ros2_ws/install/go2_interfaces/include/go2_interfaces/go2_interfaces/msg\n'}
[0.971274] (go2_interfaces) StdoutLine: {'line': b'-- Up-to-date: /home/orin2/ros2_ws/install/go2_interfaces/include/go2_interfaces/go2_interfaces/msg/go2_move.hpp\n'}
[0.971565] (go2_interfaces) StdoutLine: {'line': b'-- Up-to-date: /home/orin2/ros2_ws/install/go2_interfaces/include/go2_interfaces/go2_interfaces/msg/go2_state.hpp\n'}
[0.972030] (go2_interfaces) StdoutLine: {'line': b'-- Up-to-date: /home/orin2/ros2_ws/install/go2_interfaces/include/go2_interfaces/go2_interfaces/msg/go2_cmd.hpp\n'}
[0.972172] (go2_interfaces) StdoutLine: {'line': b'-- Up-to-date: /home/orin2/ros2_ws/install/go2_interfaces/include/go2_interfaces/go2_interfaces/msg/imu.hpp\n'}
[0.972291] (go2_interfaces) StdoutLine: {'line': b'-- Up-to-date: /home/orin2/ros2_ws/install/go2_interfaces/include/go2_interfaces/go2_interfaces/msg/detail\n'}
[0.972405] (go2_interfaces) StdoutLine: {'line': b'-- Up-to-date: /home/orin2/ros2_ws/install/go2_interfaces/include/go2_interfaces/go2_interfaces/msg/detail/go2_move__traits.hpp\n'}
[0.972517] (go2_interfaces) StdoutLine: {'line': b'-- Up-to-date: /home/orin2/ros2_ws/install/go2_interfaces/include/go2_interfaces/go2_interfaces/msg/detail/imu__builder.hpp\n'}
[0.972629] (go2_interfaces) StdoutLine: {'line': b'-- Up-to-date: /home/orin2/ros2_ws/install/go2_interfaces/include/go2_interfaces/go2_interfaces/msg/detail/imu__type_support.hpp\n'}
[0.972741] (go2_interfaces) StdoutLine: {'line': b'-- Up-to-date: /home/orin2/ros2_ws/install/go2_interfaces/include/go2_interfaces/go2_interfaces/msg/detail/go2_cmd__type_support.hpp\n'}
[0.972849] (go2_interfaces) StdoutLine: {'line': b'-- Up-to-date: /home/orin2/ros2_ws/install/go2_interfaces/include/go2_interfaces/go2_interfaces/msg/detail/go2_move__builder.hpp\n'}
[0.972957] (go2_interfaces) StdoutLine: {'line': b'-- Up-to-date: /home/orin2/ros2_ws/install/go2_interfaces/include/go2_interfaces/go2_interfaces/msg/detail/go2_state__builder.hpp\n'}
[0.973076] (go2_interfaces) StdoutLine: {'line': b'-- Up-to-date: /home/orin2/ros2_ws/install/go2_interfaces/include/go2_interfaces/go2_interfaces/msg/detail/go2_rpy_cmd__struct.hpp\n'}
[0.973306] (go2_interfaces) StdoutLine: {'line': b'-- Up-to-date: /home/orin2/ros2_ws/install/go2_interfaces/include/go2_interfaces/go2_interfaces/msg/detail/go2_rpy_cmd__builder.hpp\n'}
[0.973427] (go2_interfaces) StdoutLine: {'line': b'-- Up-to-date: /home/orin2/ros2_ws/install/go2_interfaces/include/go2_interfaces/go2_interfaces/msg/detail/go2_move__type_support.hpp\n'}
[0.973541] (go2_interfaces) StdoutLine: {'line': b'-- Up-to-date: /home/orin2/ros2_ws/install/go2_interfaces/include/go2_interfaces/go2_interfaces/msg/detail/go2_cmd__traits.hpp\n'}
[0.973653] (go2_interfaces) StdoutLine: {'line': b'-- Up-to-date: /home/orin2/ros2_ws/install/go2_interfaces/include/go2_interfaces/go2_interfaces/msg/detail/go2_move__struct.hpp\n'}
[0.973764] (go2_interfaces) StdoutLine: {'line': b'-- Up-to-date: /home/orin2/ros2_ws/install/go2_interfaces/include/go2_interfaces/go2_interfaces/msg/detail/imu__struct.hpp\n'}
[0.973889] (go2_interfaces) StdoutLine: {'line': b'-- Up-to-date: /home/orin2/ros2_ws/install/go2_interfaces/include/go2_interfaces/go2_interfaces/msg/detail/imu__traits.hpp\n'}
[0.974089] (go2_interfaces) StdoutLine: {'line': b'-- Up-to-date: /home/orin2/ros2_ws/install/go2_interfaces/include/go2_interfaces/go2_interfaces/msg/detail/go2_cmd__builder.hpp\n'}
[0.974757] (go2_interfaces) StdoutLine: {'line': b'-- Up-to-date: /home/orin2/ros2_ws/install/go2_interfaces/include/go2_interfaces/go2_interfaces/msg/detail/go2_rpy_cmd__type_support.hpp\n'}
[0.974902] (go2_interfaces) StdoutLine: {'line': b'-- Up-to-date: /home/orin2/ros2_ws/install/go2_interfaces/include/go2_interfaces/go2_interfaces/msg/detail/go2_state__struct.hpp\n'}
[0.975108] (go2_interfaces) StdoutLine: {'line': b'-- Up-to-date: /home/orin2/ros2_ws/install/go2_interfaces/include/go2_interfaces/go2_interfaces/msg/detail/go2_cmd__struct.hpp\n'}
[0.975288] (go2_interfaces) StdoutLine: {'line': b'-- Up-to-date: /home/orin2/ros2_ws/install/go2_interfaces/include/go2_interfaces/go2_interfaces/msg/detail/go2_state__traits.hpp\n'}
[0.975419] (go2_interfaces) StdoutLine: {'line': b'-- Up-to-date: /home/orin2/ros2_ws/install/go2_interfaces/include/go2_interfaces/go2_interfaces/msg/detail/go2_rpy_cmd__traits.hpp\n'}
[0.975592] (go2_interfaces) StdoutLine: {'line': b'-- Up-to-date: /home/orin2/ros2_ws/install/go2_interfaces/include/go2_interfaces/go2_interfaces/msg/detail/go2_state__type_support.hpp\n'}
[0.975715] (go2_interfaces) StdoutLine: {'line': b'-- Up-to-date: /home/orin2/ros2_ws/install/go2_interfaces/include/go2_interfaces/go2_interfaces/msg/rosidl_generator_cpp__visibility_control.hpp\n'}
[0.975831] (go2_interfaces) StdoutLine: {'line': b'-- Up-to-date: /home/orin2/ros2_ws/install/go2_interfaces/include/go2_interfaces/go2_interfaces/msg/go2_rpy_cmd.hpp\n'}
[0.975959] (go2_interfaces) StdoutLine: {'line': b'-- Up-to-date: /home/orin2/ros2_ws/install/go2_interfaces/include/go2_interfaces/go2_interfaces\n'}
[0.976074] (go2_interfaces) StdoutLine: {'line': b'-- Up-to-date: /home/orin2/ros2_ws/install/go2_interfaces/include/go2_interfaces/go2_interfaces/msg\n'}
[0.976191] (go2_interfaces) StdoutLine: {'line': b'-- Up-to-date: /home/orin2/ros2_ws/install/go2_interfaces/include/go2_interfaces/go2_interfaces/msg/rosidl_typesupport_fastrtps_cpp__visibility_control.h\n'}
[0.976311] (go2_interfaces) StdoutLine: {'line': b'-- Up-to-date: /home/orin2/ros2_ws/install/go2_interfaces/include/go2_interfaces/go2_interfaces/msg/detail\n'}
[0.976557] (go2_interfaces) StdoutLine: {'line': b'-- Up-to-date: /home/orin2/ros2_ws/install/go2_interfaces/include/go2_interfaces/go2_interfaces/msg/detail/go2_state__rosidl_typesupport_fastrtps_cpp.hpp\n'}
[0.976894] (go2_interfaces) StdoutLine: {'line': b'-- Up-to-date: /home/orin2/ros2_ws/install/go2_interfaces/include/go2_interfaces/go2_interfaces/msg/detail/imu__rosidl_typesupport_fastrtps_cpp.hpp\n'}
[0.977181] (go2_interfaces) StdoutLine: {'line': b'-- Up-to-date: /home/orin2/ros2_ws/install/go2_interfaces/include/go2_interfaces/go2_interfaces/msg/detail/go2_rpy_cmd__rosidl_typesupport_fastrtps_cpp.hpp\n'}
[0.977321] (go2_interfaces) StdoutLine: {'line': b'-- Up-to-date: /home/orin2/ros2_ws/install/go2_interfaces/include/go2_interfaces/go2_interfaces/msg/detail/dds_fastrtps\n'}
[0.977525] (go2_interfaces) StdoutLine: {'line': b'-- Up-to-date: /home/orin2/ros2_ws/install/go2_interfaces/include/go2_interfaces/go2_interfaces/msg/detail/go2_cmd__rosidl_typesupport_fastrtps_cpp.hpp\n'}
[0.977652] (go2_interfaces) StdoutLine: {'line': b'-- Up-to-date: /home/orin2/ros2_ws/install/go2_interfaces/include/go2_interfaces/go2_interfaces/msg/detail/go2_move__rosidl_typesupport_fastrtps_cpp.hpp\n'}
[0.978102] (go2_interfaces) StdoutLine: {'line': b'-- Up-to-date: /home/orin2/ros2_ws/install/go2_interfaces/lib/libgo2_interfaces__rosidl_typesupport_fastrtps_cpp.so\n'}
[0.978358] (go2_interfaces) StdoutLine: {'line': b'-- Up-to-date: /home/orin2/ros2_ws/install/go2_interfaces/include/go2_interfaces/go2_interfaces\n'}
[0.978500] (go2_interfaces) StdoutLine: {'line': b'-- Up-to-date: /home/orin2/ros2_ws/install/go2_interfaces/include/go2_interfaces/go2_interfaces/msg\n'}
[0.978622] (go2_interfaces) StdoutLine: {'line': b'-- Up-to-date: /home/orin2/ros2_ws/install/go2_interfaces/include/go2_interfaces/go2_interfaces/msg/detail\n'}
[0.978860] (go2_interfaces) StdoutLine: {'line': b'-- Up-to-date: /home/orin2/ros2_ws/install/go2_interfaces/include/go2_interfaces/go2_interfaces/msg/detail/go2_move__rosidl_typesupport_introspection_c.h\n'}
[0.978980] (go2_interfaces) StdoutLine: {'line': b'-- Up-to-date: /home/orin2/ros2_ws/install/go2_interfaces/include/go2_interfaces/go2_interfaces/msg/detail/go2_move__type_support.c\n'}
[0.979108] (go2_interfaces) StdoutLine: {'line': b'-- Up-to-date: /home/orin2/ros2_ws/install/go2_interfaces/include/go2_interfaces/go2_interfaces/msg/detail/go2_rpy_cmd__rosidl_typesupport_introspection_c.h\n'}
[0.979250] (go2_interfaces) StdoutLine: {'line': b'-- Up-to-date: /home/orin2/ros2_ws/install/go2_interfaces/include/go2_interfaces/go2_interfaces/msg/detail/go2_cmd__type_support.c\n'}
[0.979367] (go2_interfaces) StdoutLine: {'line': b'-- Up-to-date: /home/orin2/ros2_ws/install/go2_interfaces/include/go2_interfaces/go2_interfaces/msg/detail/imu__type_support.c\n'}
[0.979481] (go2_interfaces) StdoutLine: {'line': b'-- Up-to-date: /home/orin2/ros2_ws/install/go2_interfaces/include/go2_interfaces/go2_interfaces/msg/detail/go2_rpy_cmd__type_support.c\n'}
[0.979596] (go2_interfaces) StdoutLine: {'line': b'-- Up-to-date: /home/orin2/ros2_ws/install/go2_interfaces/include/go2_interfaces/go2_interfaces/msg/detail/go2_state__type_support.c\n'}
[0.979712] (go2_interfaces) StdoutLine: {'line': b'-- Up-to-date: /home/orin2/ros2_ws/install/go2_interfaces/include/go2_interfaces/go2_interfaces/msg/detail/go2_cmd__rosidl_typesupport_introspection_c.h\n'}
[0.979830] (go2_interfaces) StdoutLine: {'line': b'-- Up-to-date: /home/orin2/ros2_ws/install/go2_interfaces/include/go2_interfaces/go2_interfaces/msg/detail/go2_state__rosidl_typesupport_introspection_c.h\n'}
[0.979943] (go2_interfaces) StdoutLine: {'line': b'-- Up-to-date: /home/orin2/ros2_ws/install/go2_interfaces/include/go2_interfaces/go2_interfaces/msg/detail/imu__rosidl_typesupport_introspection_c.h\n'}
[0.980067] (go2_interfaces) StdoutLine: {'line': b'-- Up-to-date: /home/orin2/ros2_ws/install/go2_interfaces/include/go2_interfaces/go2_interfaces/msg/rosidl_typesupport_introspection_c__visibility_control.h\n'}
[0.980183] (go2_interfaces) StdoutLine: {'line': b'-- Up-to-date: /home/orin2/ros2_ws/install/go2_interfaces/lib/libgo2_interfaces__rosidl_typesupport_introspection_c.so\n'}
[0.980297] (go2_interfaces) StdoutLine: {'line': b'-- Up-to-date: /home/orin2/ros2_ws/install/go2_interfaces/lib/libgo2_interfaces__rosidl_typesupport_c.so\n'}
[0.980411] (go2_interfaces) StdoutLine: {'line': b'-- Up-to-date: /home/orin2/ros2_ws/install/go2_interfaces/include/go2_interfaces/go2_interfaces\n'}
[0.980523] (go2_interfaces) StdoutLine: {'line': b'-- Up-to-date: /home/orin2/ros2_ws/install/go2_interfaces/include/go2_interfaces/go2_interfaces/msg\n'}
[0.980632] (go2_interfaces) StdoutLine: {'line': b'-- Up-to-date: /home/orin2/ros2_ws/install/go2_interfaces/include/go2_interfaces/go2_interfaces/msg/detail\n'}
[0.980745] (go2_interfaces) StdoutLine: {'line': b'-- Up-to-date: /home/orin2/ros2_ws/install/go2_interfaces/include/go2_interfaces/go2_interfaces/msg/detail/go2_rpy_cmd__rosidl_typesupport_introspection_cpp.hpp\n'}
[0.980858] (go2_interfaces) StdoutLine: {'line': b'-- Up-to-date: /home/orin2/ros2_ws/install/go2_interfaces/include/go2_interfaces/go2_interfaces/msg/detail/go2_move__rosidl_typesupport_introspection_cpp.hpp\n'}
[0.980979] (go2_interfaces) StdoutLine: {'line': b'-- Up-to-date: /home/orin2/ros2_ws/install/go2_interfaces/include/go2_interfaces/go2_interfaces/msg/detail/go2_cmd__type_support.cpp\n'}
[0.981089] (go2_interfaces) StdoutLine: {'line': b'-- Up-to-date: /home/orin2/ros2_ws/install/go2_interfaces/include/go2_interfaces/go2_interfaces/msg/detail/go2_state__type_support.cpp\n'}
[0.981227] (go2_interfaces) StdoutLine: {'line': b'-- Up-to-date: /home/orin2/ros2_ws/install/go2_interfaces/include/go2_interfaces/go2_interfaces/msg/detail/go2_rpy_cmd__type_support.cpp\n'}
[0.981338] (go2_interfaces) StdoutLine: {'line': b'-- Up-to-date: /home/orin2/ros2_ws/install/go2_interfaces/include/go2_interfaces/go2_interfaces/msg/detail/go2_cmd__rosidl_typesupport_introspection_cpp.hpp\n'}
[0.981449] (go2_interfaces) StdoutLine: {'line': b'-- Up-to-date: /home/orin2/ros2_ws/install/go2_interfaces/include/go2_interfaces/go2_interfaces/msg/detail/imu__rosidl_typesupport_introspection_cpp.hpp\n'}
[0.981566] (go2_interfaces) StdoutLine: {'line': b'-- Up-to-date: /home/orin2/ros2_ws/install/go2_interfaces/include/go2_interfaces/go2_interfaces/msg/detail/go2_state__rosidl_typesupport_introspection_cpp.hpp\n'}
[0.981682] (go2_interfaces) StdoutLine: {'line': b'-- Up-to-date: /home/orin2/ros2_ws/install/go2_interfaces/include/go2_interfaces/go2_interfaces/msg/detail/go2_move__type_support.cpp\n'}
[0.981797] (go2_interfaces) StdoutLine: {'line': b'-- Up-to-date: /home/orin2/ros2_ws/install/go2_interfaces/include/go2_interfaces/go2_interfaces/msg/detail/imu__type_support.cpp\n'}
[0.981916] (go2_interfaces) StdoutLine: {'line': b'-- Up-to-date: /home/orin2/ros2_ws/install/go2_interfaces/lib/libgo2_interfaces__rosidl_typesupport_introspection_cpp.so\n'}
[0.982029] (go2_interfaces) StdoutLine: {'line': b'-- Up-to-date: /home/orin2/ros2_ws/install/go2_interfaces/lib/libgo2_interfaces__rosidl_typesupport_cpp.so\n'}
[0.982166] (go2_interfaces) StdoutLine: {'line': b'-- Up-to-date: /home/orin2/ros2_ws/install/go2_interfaces/share/go2_interfaces/environment/pythonpath.sh\n'}
[0.982295] (go2_interfaces) StdoutLine: {'line': b'-- Up-to-date: /home/orin2/ros2_ws/install/go2_interfaces/share/go2_interfaces/environment/pythonpath.dsv\n'}
[0.982410] (go2_interfaces) StdoutLine: {'line': b'-- Up-to-date: /home/orin2/ros2_ws/install/go2_interfaces/local/lib/python3.10/dist-packages/go2_interfaces-0.0.0-py3.10.egg-info\n'}
[0.982524] (go2_interfaces) StdoutLine: {'line': b'-- Installing: /home/orin2/ros2_ws/install/go2_interfaces/local/lib/python3.10/dist-packages/go2_interfaces-0.0.0-py3.10.egg-info/dependency_links.txt\n'}
[0.982640] (go2_interfaces) StdoutLine: {'line': b'-- Installing: /home/orin2/ros2_ws/install/go2_interfaces/local/lib/python3.10/dist-packages/go2_interfaces-0.0.0-py3.10.egg-info/SOURCES.txt\n'}
[0.982791] (go2_interfaces) StdoutLine: {'line': b'-- Installing: /home/orin2/ros2_ws/install/go2_interfaces/local/lib/python3.10/dist-packages/go2_interfaces-0.0.0-py3.10.egg-info/PKG-INFO\n'}
[0.982917] (go2_interfaces) StdoutLine: {'line': b'-- Installing: /home/orin2/ros2_ws/install/go2_interfaces/local/lib/python3.10/dist-packages/go2_interfaces-0.0.0-py3.10.egg-info/top_level.txt\n'}
[0.983035] (go2_interfaces) StdoutLine: {'line': b'-- Up-to-date: /home/orin2/ros2_ws/install/go2_interfaces/local/lib/python3.10/dist-packages/go2_interfaces\n'}
[0.983145] (go2_interfaces) StdoutLine: {'line': b'-- Up-to-date: /home/orin2/ros2_ws/install/go2_interfaces/local/lib/python3.10/dist-packages/go2_interfaces/libgo2_interfaces__rosidl_generator_py.so\n'}
[0.983321] (go2_interfaces) StdoutLine: {'line': b'-- Up-to-date: /home/orin2/ros2_ws/install/go2_interfaces/local/lib/python3.10/dist-packages/go2_interfaces/_go2_interfaces_s.ep.rosidl_typesupport_fastrtps_c.c\n'}
[0.983437] (go2_interfaces) StdoutLine: {'line': b'-- Up-to-date: /home/orin2/ros2_ws/install/go2_interfaces/local/lib/python3.10/dist-packages/go2_interfaces/_go2_interfaces_s.ep.rosidl_typesupport_c.c\n'}
[0.983551] (go2_interfaces) StdoutLine: {'line': b'-- Up-to-date: /home/orin2/ros2_ws/install/go2_interfaces/local/lib/python3.10/dist-packages/go2_interfaces/go2_interfaces_s__rosidl_typesupport_c.cpython-310-aarch64-linux-gnu.so\n'}
[0.983665] (go2_interfaces) StdoutLine: {'line': b'-- Up-to-date: /home/orin2/ros2_ws/install/go2_interfaces/local/lib/python3.10/dist-packages/go2_interfaces/_go2_interfaces_s.ep.rosidl_typesupport_introspection_c.c\n'}
[0.983795] (go2_interfaces) StdoutLine: {'line': b'-- Up-to-date: /home/orin2/ros2_ws/install/go2_interfaces/local/lib/python3.10/dist-packages/go2_interfaces/go2_interfaces_s__rosidl_typesupport_fastrtps_c.cpython-310-aarch64-linux-gnu.so\n'}
[0.983916] (go2_interfaces) StdoutLine: {'line': b'-- Up-to-date: /home/orin2/ros2_ws/install/go2_interfaces/local/lib/python3.10/dist-packages/go2_interfaces/go2_interfaces_s__rosidl_typesupport_introspection_c.cpython-310-aarch64-linux-gnu.so\n'}
[0.984031] (go2_interfaces) StdoutLine: {'line': b'-- Up-to-date: /home/orin2/ros2_ws/install/go2_interfaces/local/lib/python3.10/dist-packages/go2_interfaces/msg\n'}
[0.984144] (go2_interfaces) StdoutLine: {'line': b'-- Up-to-date: /home/orin2/ros2_ws/install/go2_interfaces/local/lib/python3.10/dist-packages/go2_interfaces/msg/_go2_move.py\n'}
[0.984254] (go2_interfaces) StdoutLine: {'line': b'-- Up-to-date: /home/orin2/ros2_ws/install/go2_interfaces/local/lib/python3.10/dist-packages/go2_interfaces/msg/_go2_rpy_cmd_s.c\n'}
[0.984364] (go2_interfaces) StdoutLine: {'line': b'-- Up-to-date: /home/orin2/ros2_ws/install/go2_interfaces/local/lib/python3.10/dist-packages/go2_interfaces/msg/_go2_cmd.py\n'}
[0.984473] (go2_interfaces) StdoutLine: {'line': b'-- Up-to-date: /home/orin2/ros2_ws/install/go2_interfaces/local/lib/python3.10/dist-packages/go2_interfaces/msg/_go2_state_s.c\n'}
[0.984596] (go2_interfaces) StdoutLine: {'line': b'-- Up-to-date: /home/orin2/ros2_ws/install/go2_interfaces/local/lib/python3.10/dist-packages/go2_interfaces/msg/_go2_cmd_s.c\n'}
[0.984707] (go2_interfaces) StdoutLine: {'line': b'-- Up-to-date: /home/orin2/ros2_ws/install/go2_interfaces/local/lib/python3.10/dist-packages/go2_interfaces/msg/_imu.py\n'}
[0.984847] (go2_interfaces) StdoutLine: {'line': b'-- Up-to-date: /home/orin2/ros2_ws/install/go2_interfaces/local/lib/python3.10/dist-packages/go2_interfaces/msg/_go2_state.py\n'}
[0.985063] (go2_interfaces) StdoutLine: {'line': b'-- Up-to-date: /home/orin2/ros2_ws/install/go2_interfaces/local/lib/python3.10/dist-packages/go2_interfaces/msg/_go2_rpy_cmd.py\n'}
[0.985181] (go2_interfaces) StdoutLine: {'line': b'-- Up-to-date: /home/orin2/ros2_ws/install/go2_interfaces/local/lib/python3.10/dist-packages/go2_interfaces/msg/__init__.py\n'}
[0.985294] (go2_interfaces) StdoutLine: {'line': b'-- Up-to-date: /home/orin2/ros2_ws/install/go2_interfaces/local/lib/python3.10/dist-packages/go2_interfaces/msg/_imu_s.c\n'}
[0.985404] (go2_interfaces) StdoutLine: {'line': b'-- Up-to-date: /home/orin2/ros2_ws/install/go2_interfaces/local/lib/python3.10/dist-packages/go2_interfaces/msg/_go2_move_s.c\n'}
[0.985514] (go2_interfaces) StdoutLine: {'line': b'-- Up-to-date: /home/orin2/ros2_ws/install/go2_interfaces/local/lib/python3.10/dist-packages/go2_interfaces/__init__.py\n'}
[0.985624] (ros2_bag_to_image) StdoutLine: {'line': b'-- The CXX compiler identification is GNU 11.4.0\n'}
[0.990320] (unitree_go) CommandEnded: {'returncode': 0}
[0.993715] (unitree_go) JobProgress: {'identifier': 'unitree_go', 'progress': 'install'}
[0.994187] (unitree_go) Command: {'cmd': ['/usr/bin/cmake', '--install', '/home/orin2/ros2_ws/build/unitree_go'], 'cwd': '/home/orin2/ros2_ws/build/unitree_go', 'env': OrderedDict([('ROBOT_IP', '192.168.123.161'), ('LESSOPEN', '| /usr/bin/lesspipe %s'), ('USER', 'orin2'), ('SSH_CLIENT', '192.168.0.128 48182 22'), ('XDG_SESSION_TYPE', 'tty'), ('SHLVL', '1'), ('LD_LIBRARY_PATH', '/usr/local/cuda-12.6/lib64:/opt/ros/humble/opt/rviz_ogre_vendor/lib:/opt/ros/humble/lib/aarch64-linux-gnu:/opt/ros/humble/lib:/usr/local/cuda-12.2/lib64:'), ('BROWSER', '/home/orin2/.vscode-server/bin/ddc367ed5c8936efe395cffeec279b04ffd7db78/bin/helpers/browser.sh'), ('MAP_NAME', '3d_map'), ('MOTD_SHOWN', 'pam'), ('HOME', '/home/orin2'), ('OLDPWD', '/home/orin2/ros2_ws/src'), ('TERM_PROGRAM_VERSION', '1.98.2'), ('VSCODE_IPC_HOOK_CLI', '/run/user/1000/vscode-ipc-e7d8a6a6-2694-4128-8dce-50e771882e45.sock'), ('ROS_PYTHON_VERSION', '3'), ('PYDEVD_DISABLE_FILE_VALIDATION', '1'), ('BUNDLED_DEBUGPY_PATH', '/home/orin2/.vscode-server/extensions/ms-python.debugpy-2025.4.1-linux-arm64/bundled/libs/debugpy'), ('DBUS_SESSION_BUS_ADDRESS', 'unix:path=/run/user/1000/bus'), ('COLORTERM', 'truecolor'), ('ROS_DISTRO', 'humble'), ('LOGNAME', 'orin2'), ('_', '/usr/bin/colcon'), ('ROS_VERSION', '2'), ('XDG_SESSION_CLASS', 'user'), ('TERM', 'xterm-256color'), ('XDG_SESSION_ID', '2'), ('MAP_SAVE', 'True'), ('ROS_LOCALHOST_ONLY', '0'), ('PATH', '/usr/local/cuda-12.6/bin:/opt/ros/humble/bin:/usr/local/cuda-12.2/bin:/home/orin2/.vscode-server/bin/ddc367ed5c8936efe395cffeec279b04ffd7db78/bin/remote-cli:/usr/local/sbin:/usr/local/bin:/usr/sbin:/usr/bin:/sbin:/bin:/usr/games:/usr/local/games:/snap/bin:/home/orin2/.vscode-server/extensions/ms-python.debugpy-2025.4.1-linux-arm64/bundled/scripts/noConfigScripts:/home/orin2/.vscode-server/data/User/globalStorage/github.copilot-chat/debugCommand:/home/orin2/Repository/mcap/go/cli/mcap/bin:/usr/local/go/bin'), ('XDG_RUNTIME_DIR', '/run/user/1000'), ('DISPLAY', 'localhost:10.0'), ('VSCODE_DEBUGPY_ADAPTER_ENDPOINTS', '/home/orin2/.vscode-server/extensions/ms-python.debugpy-2025.4.1-linux-arm64/.noConfigDebugAdapterEndpoints/endpoint-7ad11a21a46cf7ea.txt'), ('LANG', 'en_US.UTF-8'), ('RMW_IMPLEMENTATION', 'rmw_fastrtps_cpp'), ('LS_COLORS', 'rs=0:di=01;34:ln=01;36:mh=00:pi=40;33:so=01;35:do=01;35:bd=40;33;01:cd=40;33;01:or=40;31;01:mi=00:su=37;41:sg=30;43:ca=30;41:tw=30;42:ow=34;42:st=37;44:ex=01;32:*.tar=01;31:*.tgz=01;31:*.arc=01;31:*.arj=01;31:*.taz=01;31:*.lha=01;31:*.lz4=01;31:*.lzh=01;31:*.lzma=01;31:*.tlz=01;31:*.txz=01;31:*.tzo=01;31:*.t7z=01;31:*.zip=01;31:*.z=01;31:*.dz=01;31:*.gz=01;31:*.lrz=01;31:*.lz=01;31:*.lzo=01;31:*.xz=01;31:*.zst=01;31:*.tzst=01;31:*.bz2=01;31:*.bz=01;31:*.tbz=01;31:*.tbz2=01;31:*.tz=01;31:*.deb=01;31:*.rpm=01;31:*.jar=01;31:*.war=01;31:*.ear=01;31:*.sar=01;31:*.rar=01;31:*.alz=01;31:*.ace=01;31:*.zoo=01;31:*.cpio=01;31:*.7z=01;31:*.rz=01;31:*.cab=01;31:*.wim=01;31:*.swm=01;31:*.dwm=01;31:*.esd=01;31:*.jpg=01;35:*.jpeg=01;35:*.mjpg=01;35:*.mjpeg=01;35:*.gif=01;35:*.bmp=01;35:*.pbm=01;35:*.pgm=01;35:*.ppm=01;35:*.tga=01;35:*.xbm=01;35:*.xpm=01;35:*.tif=01;35:*.tiff=01;35:*.png=01;35:*.svg=01;35:*.svgz=01;35:*.mng=01;35:*.pcx=01;35:*.mov=01;35:*.mpg=01;35:*.mpeg=01;35:*.m2v=01;35:*.mkv=01;35:*.webm=01;35:*.webp=01;35:*.ogm=01;35:*.mp4=01;35:*.m4v=01;35:*.mp4v=01;35:*.vob=01;35:*.qt=01;35:*.nuv=01;35:*.wmv=01;35:*.asf=01;35:*.rm=01;35:*.rmvb=01;35:*.flc=01;35:*.avi=01;35:*.fli=01;35:*.flv=01;35:*.gl=01;35:*.dl=01;35:*.xcf=01;35:*.xwd=01;35:*.yuv=01;35:*.cgm=01;35:*.emf=01;35:*.ogv=01;35:*.ogx=01;35:*.aac=00;36:*.au=00;36:*.flac=00;36:*.m4a=00;36:*.mid=00;36:*.midi=00;36:*.mka=00;36:*.mp3=00;36:*.mpc=00;36:*.ogg=00;36:*.ra=00;36:*.wav=00;36:*.oga=00;36:*.opus=00;36:*.spx=00;36:*.xspf=00;36:'), ('VSCODE_GIT_IPC_HANDLE', '/run/user/1000/vscode-git-fe0705986e.sock'), ('HUMBLE_ROS', 'humble'), ('TERM_PROGRAM', 'vscode'), ('AMENT_PREFIX_PATH', '/opt/ros/humble'), ('SHELL', '/bin/bash'), ('LESSCLOSE', '/usr/bin/lesspipe %s %s'), ('ROS_EDITION', 'ROS2'), ('PWD', '/home/orin2/ros2_ws/build/unitree_go'), ('SSH_CONNECTION', '192.168.0.128 48182 192.168.0.226 22'), ('PYTHONPATH', '/home/orin2/unitree_ros2/src/install/go2_robot_sdk/lib/python3.10/site-packages:/home/orin2/unitree_ros2/src/install/unitree_go/local/lib/python3.10/dist-packages:/home/orin2/unitree_ros2/src/install/go2_interfaces/local/lib/python3.10/dist-packages:/home/orin2/unitree_ros2/src/install/coco_detector/lib/python3.10/site-packages:/opt/ros/humble/lib/python3.10/site-packages:/opt/ros/humble/local/lib/python3.10/dist-packages:/home/orin2/unitree_ros2/BuddyNav/robot/unitree_sdk2_python'), ('CONN_TYPE', 'cyclonedds'), ('COLCON', '1'), ('CMAKE_PREFIX_PATH', '/opt/ros/humble')]), 'shell': False}
[0.999245] (ros2_bag_to_image) StdoutLine: {'line': b'-- Detecting C compiler ABI info\n'}
[1.004188] (-) TimerEvent: {}
[1.015375] (unitree_go) StdoutLine: {'line': b'-- Install configuration: ""\n'}
[1.017314] (unitree_go) StdoutLine: {'line': b'-- Up-to-date: /home/orin2/ros2_ws/install/unitree_go/share/ament_index/resource_index/rosidl_interfaces/unitree_go\n'}
[1.017940] (unitree_go) StdoutLine: {'line': b'-- Up-to-date: /home/orin2/ros2_ws/install/unitree_go/include/unitree_go/unitree_go\n'}
[1.018467] (unitree_go) StdoutLine: {'line': b'-- Up-to-date: /home/orin2/ros2_ws/install/unitree_go/include/unitree_go/unitree_go/msg\n'}
[1.018830] (unitree_go) StdoutLine: {'line': b'-- Up-to-date: /home/orin2/ros2_ws/install/unitree_go/include/unitree_go/unitree_go/msg/rosidl_generator_c__visibility_control.h\n'}
[1.018972] (unitree_go) StdoutLine: {'line': b'-- Up-to-date: /home/orin2/ros2_ws/install/unitree_go/include/unitree_go/unitree_go/msg/time_spec.h\n'}
[1.019098] (unitree_go) StdoutLine: {'line': b'-- Up-to-date: /home/orin2/ros2_ws/install/unitree_go/include/unitree_go/unitree_go/msg/lidar_state.h\n'}
[1.019222] (unitree_go) StdoutLine: {'line': b'-- Up-to-date: /home/orin2/ros2_ws/install/unitree_go/include/unitree_go/unitree_go/msg/web_rtc_req.h\n'}
[1.019336] (unitree_go) StdoutLine: {'line': b'-- Up-to-date: /home/orin2/ros2_ws/install/unitree_go/include/unitree_go/unitree_go/msg/interface_config.h\n'}
[1.019453] (unitree_go) StdoutLine: {'line': b'-- Up-to-date: /home/orin2/ros2_ws/install/unitree_go/include/unitree_go/unitree_go/msg/bms_state.h\n'}
[1.019564] (unitree_go) StdoutLine: {'line': b'-- Up-to-date: /home/orin2/ros2_ws/install/unitree_go/include/unitree_go/unitree_go/msg/sport_mode_state.h\n'}
[1.019676] (unitree_go) StdoutLine: {'line': b'-- Up-to-date: /home/orin2/ros2_ws/install/unitree_go/include/unitree_go/unitree_go/msg/go2_front_video_data.h\n'}
[1.019787] (unitree_go) StdoutLine: {'line': b'-- Up-to-date: /home/orin2/ros2_ws/install/unitree_go/include/unitree_go/unitree_go/msg/motor_cmds.h\n'}
[1.019894] (unitree_go) StdoutLine: {'line': b'-- Up-to-date: /home/orin2/ros2_ws/install/unitree_go/include/unitree_go/unitree_go/msg/sport_mode_cmd.h\n'}
[1.020005] (unitree_go) StdoutLine: {'line': b'-- Up-to-date: /home/orin2/ros2_ws/install/unitree_go/include/unitree_go/unitree_go/msg/voxel_height_map_state.h\n'}
[1.020114] (unitree_go) StdoutLine: {'line': b'-- Up-to-date: /home/orin2/ros2_ws/install/unitree_go/include/unitree_go/unitree_go/msg/low_cmd.h\n'}
[1.020221] (unitree_go) StdoutLine: {'line': b'-- Up-to-date: /home/orin2/ros2_ws/install/unitree_go/include/unitree_go/unitree_go/msg/low_state.h\n'}
[1.020329] (unitree_go) StdoutLine: {'line': b'-- Up-to-date: /home/orin2/ros2_ws/install/unitree_go/include/unitree_go/unitree_go/msg/height_map.h\n'}
[1.020439] (unitree_go) StdoutLine: {'line': b'-- Up-to-date: /home/orin2/ros2_ws/install/unitree_go/include/unitree_go/unitree_go/msg/voxel_map_compressed.h\n'}
[1.020548] (unitree_go) StdoutLine: {'line': b'-- Up-to-date: /home/orin2/ros2_ws/install/unitree_go/include/unitree_go/unitree_go/msg/uwb_state.h\n'}
[1.020659] (unitree_go) StdoutLine: {'line': b'-- Up-to-date: /home/orin2/ros2_ws/install/unitree_go/include/unitree_go/unitree_go/msg/motor_cmd.h\n'}
[1.020806] (unitree_go) StdoutLine: {'line': b'-- Up-to-date: /home/orin2/ros2_ws/install/unitree_go/include/unitree_go/unitree_go/msg/path_point.h\n'}
[1.020920] (unitree_go) StdoutLine: {'line': b'-- Up-to-date: /home/orin2/ros2_ws/install/unitree_go/include/unitree_go/unitree_go/msg/motor_state.h\n'}
[1.021030] (unitree_go) StdoutLine: {'line': b'-- Up-to-date: /home/orin2/ros2_ws/install/unitree_go/include/unitree_go/unitree_go/msg/imu_state.h\n'}
[1.021138] (unitree_go) StdoutLine: {'line': b'-- Up-to-date: /home/orin2/ros2_ws/install/unitree_go/include/unitree_go/unitree_go/msg/detail\n'}
[1.021249] (unitree_go) StdoutLine: {'line': b'-- Up-to-date: /home/orin2/ros2_ws/install/unitree_go/include/unitree_go/unitree_go/msg/detail/bms_cmd__type_support.h\n'}
[1.021360] (unitree_go) StdoutLine: {'line': b'-- Up-to-date: /home/orin2/ros2_ws/install/unitree_go/include/unitree_go/unitree_go/msg/detail/interface_config__functions.c\n'}
[1.021472] (unitree_go) StdoutLine: {'line': b'-- Up-to-date: /home/orin2/ros2_ws/install/unitree_go/include/unitree_go/unitree_go/msg/detail/motor_cmd__struct.h\n'}
[1.021611] (unitree_go) StdoutLine: {'line': b'-- Up-to-date: /home/orin2/ros2_ws/install/unitree_go/include/unitree_go/unitree_go/msg/detail/voxel_height_map_state__type_support.h\n'}
[1.021759] (unitree_go) StdoutLine: {'line': b'-- Up-to-date: /home/orin2/ros2_ws/install/unitree_go/include/unitree_go/unitree_go/msg/detail/go2_front_video_data__functions.h\n'}
[1.021872] (unitree_go) StdoutLine: {'line': b'-- Up-to-date: /home/orin2/ros2_ws/install/unitree_go/include/unitree_go/unitree_go/msg/detail/uwb_switch__functions.h\n'}
[1.021983] (unitree_go) StdoutLine: {'line': b'-- Up-to-date: /home/orin2/ros2_ws/install/unitree_go/include/unitree_go/unitree_go/msg/detail/path_point__type_support.h\n'}
[1.022093] (unitree_go) StdoutLine: {'line': b'-- Up-to-date: /home/orin2/ros2_ws/install/unitree_go/include/unitree_go/unitree_go/msg/detail/interface_config__type_support.h\n'}
[1.022233] (unitree_go) StdoutLine: {'line': b'-- Up-to-date: /home/orin2/ros2_ws/install/unitree_go/include/unitree_go/unitree_go/msg/detail/imu_state__functions.c\n'}
[1.022350] (unitree_go) StdoutLine: {'line': b'-- Up-to-date: /home/orin2/ros2_ws/install/unitree_go/include/unitree_go/unitree_go/msg/detail/go2_front_video_data__struct.h\n'}
[1.022463] (unitree_go) StdoutLine: {'line': b'-- Up-to-date: /home/orin2/ros2_ws/install/unitree_go/include/unitree_go/unitree_go/msg/detail/height_map__functions.c\n'}
[1.022574] (unitree_go) StdoutLine: {'line': b'-- Up-to-date: /home/orin2/ros2_ws/install/unitree_go/include/unitree_go/unitree_go/msg/detail/audio_data__functions.c\n'}
[1.022685] (unitree_go) StdoutLine: {'line': b'-- Up-to-date: /home/orin2/ros2_ws/install/unitree_go/include/unitree_go/unitree_go/msg/detail/motor_cmds__type_support.h\n'}
[1.022800] (unitree_go) StdoutLine: {'line': b'-- Up-to-date: /home/orin2/ros2_ws/install/unitree_go/include/unitree_go/unitree_go/msg/detail/motor_cmds__functions.c\n'}
[1.022910] (unitree_go) StdoutLine: {'line': b'-- Up-to-date: /home/orin2/ros2_ws/install/unitree_go/include/unitree_go/unitree_go/msg/detail/motor_states__type_support.h\n'}
[1.023018] (unitree_go) StdoutLine: {'line': b'-- Up-to-date: /home/orin2/ros2_ws/install/unitree_go/include/unitree_go/unitree_go/msg/detail/uwb_state__type_support.h\n'}
[1.023129] (unitree_go) StdoutLine: {'line': b'-- Up-to-date: /home/orin2/ros2_ws/install/unitree_go/include/unitree_go/unitree_go/msg/detail/time_spec__functions.h\n'}
[1.023237] (unitree_go) StdoutLine: {'line': b'-- Up-to-date: /home/orin2/ros2_ws/install/unitree_go/include/unitree_go/unitree_go/msg/detail/web_rtc_req__functions.c\n'}
[1.023344] (unitree_go) StdoutLine: {'line': b'-- Up-to-date: /home/orin2/ros2_ws/install/unitree_go/include/unitree_go/unitree_go/msg/detail/path_point__functions.c\n'}
[1.023451] (unitree_go) StdoutLine: {'line': b'-- Up-to-date: /home/orin2/ros2_ws/install/unitree_go/include/unitree_go/unitree_go/msg/detail/req__functions.h\n'}
[1.023564] (unitree_go) StdoutLine: {'line': b'-- Up-to-date: /home/orin2/ros2_ws/install/unitree_go/include/unitree_go/unitree_go/msg/detail/bms_cmd__functions.h\n'}
[1.023676] (unitree_go) StdoutLine: {'line': b'-- Up-to-date: /home/orin2/ros2_ws/install/unitree_go/include/unitree_go/unitree_go/msg/detail/uwb_switch__type_support.h\n'}
[1.023789] (unitree_go) StdoutLine: {'line': b'-- Up-to-date: /home/orin2/ros2_ws/install/unitree_go/include/unitree_go/unitree_go/msg/detail/motor_cmd__type_support.h\n'}
[1.023898] (unitree_go) StdoutLine: {'line': b'-- Up-to-date: /home/orin2/ros2_ws/install/unitree_go/include/unitree_go/unitree_go/msg/detail/error__functions.h\n'}
[1.024007] (unitree_go) StdoutLine: {'line': b'-- Up-to-date: /home/orin2/ros2_ws/install/unitree_go/include/unitree_go/unitree_go/msg/detail/bms_state__functions.h\n'}
[1.024122] (unitree_go) StdoutLine: {'line': b'-- Up-to-date: /home/orin2/ros2_ws/install/unitree_go/include/unitree_go/unitree_go/msg/detail/uwb_state__functions.c\n'}
[1.024245] (unitree_go) StdoutLine: {'line': b'-- Up-to-date: /home/orin2/ros2_ws/install/unitree_go/include/unitree_go/unitree_go/msg/detail/go2_front_video_data__functions.c\n'}
[1.024531] (unitree_go) StdoutLine: {'line': b'-- Up-to-date: /home/orin2/ros2_ws/install/unitree_go/include/unitree_go/unitree_go/msg/detail/error__type_support.h\n'}
[1.024838] (unitree_go) StdoutLine: {'line': b'-- Up-to-date: /home/orin2/ros2_ws/install/unitree_go/include/unitree_go/unitree_go/msg/detail/wireless_controller__type_support.h\n'}
[1.025105] (unitree_go) StdoutLine: {'line': b'-- Up-to-date: /home/orin2/ros2_ws/install/unitree_go/include/unitree_go/unitree_go/msg/detail/error__struct.h\n'}
[1.025343] (unitree_go) StdoutLine: {'line': b'-- Up-to-date: /home/orin2/ros2_ws/install/unitree_go/include/unitree_go/unitree_go/msg/detail/audio_data__struct.h\n'}
[1.025522] (unitree_go) StdoutLine: {'line': b'-- Up-to-date: /home/orin2/ros2_ws/install/unitree_go/include/unitree_go/unitree_go/msg/detail/web_rtc_req__type_support.h\n'}
[1.026445] (unitree_go) StdoutLine: {'line': b'-- Up-to-date: /home/orin2/ros2_ws/install/unitree_go/include/unitree_go/unitree_go/msg/detail/sport_mode_state__functions.h\n'}
[1.027211] (unitree_go) StdoutLine: {'line': b'-- Up-to-date: /home/orin2/ros2_ws/install/unitree_go/include/unitree_go/unitree_go/msg/detail/sport_mode_state__functions.c\n'}
[1.027445] (unitree_go) StdoutLine: {'line': b'-- Up-to-date: /home/orin2/ros2_ws/install/unitree_go/include/unitree_go/unitree_go/msg/detail/req__struct.h\n'}
[1.027627] (unitree_go) StdoutLine: {'line': b'-- Up-to-date: /home/orin2/ros2_ws/install/unitree_go/include/unitree_go/unitree_go/msg/detail/low_state__functions.c\n'}
[1.027759] (unitree_go) StdoutLine: {'line': b'-- Up-to-date: /home/orin2/ros2_ws/install/unitree_go/include/unitree_go/unitree_go/msg/detail/motor_states__functions.h\n'}
[1.027880] (unitree_go) StdoutLine: {'line': b'-- Up-to-date: /home/orin2/ros2_ws/install/unitree_go/include/unitree_go/unitree_go/msg/detail/web_rtc_req__struct.h\n'}
[1.028032] (unitree_go) StdoutLine: {'line': b'-- Up-to-date: /home/orin2/ros2_ws/install/unitree_go/include/unitree_go/unitree_go/msg/detail/audio_data__type_support.h\n'}
[1.028150] (unitree_go) StdoutLine: {'line': b'-- Up-to-date: /home/orin2/ros2_ws/install/unitree_go/include/unitree_go/unitree_go/msg/detail/time_spec__type_support.h\n'}
[1.028265] (unitree_go) StdoutLine: {'line': b'-- Up-to-date: /home/orin2/ros2_ws/install/unitree_go/include/unitree_go/unitree_go/msg/detail/height_map__functions.h\n'}
[1.028378] (unitree_go) StdoutLine: {'line': b'-- Up-to-date: /home/orin2/ros2_ws/install/unitree_go/include/unitree_go/unitree_go/msg/detail/voxel_height_map_state__functions.c\n'}
[1.028492] (unitree_go) StdoutLine: {'line': b'-- Up-to-date: /home/orin2/ros2_ws/install/unitree_go/include/unitree_go/unitree_go/msg/detail/sport_mode_cmd__functions.c\n'}
[1.028652] (unitree_go) StdoutLine: {'line': b'-- Up-to-date: /home/orin2/ros2_ws/install/unitree_go/include/unitree_go/unitree_go/msg/detail/sport_mode_cmd__type_support.h\n'}
[1.028769] (unitree_go) StdoutLine: {'line': b'-- Up-to-date: /home/orin2/ros2_ws/install/unitree_go/include/unitree_go/unitree_go/msg/detail/req__type_support.h\n'}
[1.028928] (unitree_go) StdoutLine: {'line': b'-- Up-to-date: /home/orin2/ros2_ws/install/unitree_go/include/unitree_go/unitree_go/msg/detail/motor_state__type_support.h\n'}
[1.029087] (unitree_go) StdoutLine: {'line': b'-- Up-to-date: /home/orin2/ros2_ws/install/unitree_go/include/unitree_go/unitree_go/msg/detail/low_cmd__functions.c\n'}
[1.029359] (unitree_go) StdoutLine: {'line': b'-- Up-to-date: /home/orin2/ros2_ws/install/unitree_go/include/unitree_go/unitree_go/msg/detail/audio_data__functions.h\n'}
[1.029560] (unitree_go) StdoutLine: {'line': b'-- Up-to-date: /home/orin2/ros2_ws/install/unitree_go/include/unitree_go/unitree_go/msg/detail/motor_states__functions.c\n'}
[1.029692] (unitree_go) StdoutLine: {'line': b'-- Up-to-date: /home/orin2/ros2_ws/install/unitree_go/include/unitree_go/unitree_go/msg/detail/sport_mode_cmd__functions.h\n'}
[1.031228] (unitree_go) StdoutLine: {'line': b'-- Up-to-date: /home/orin2/ros2_ws/install/unitree_go/include/unitree_go/unitree_go/msg/detail/low_cmd__functions.h\n'}
[1.031557] (unitree_go) StdoutLine: {'line': b'-- Up-to-date: /home/orin2/ros2_ws/install/unitree_go/include/unitree_go/unitree_go/msg/detail/error__functions.c\n'}
[1.031719] (unitree_go) StdoutLine: {'line': b'-- Up-to-date: /home/orin2/ros2_ws/install/unitree_go/include/unitree_go/unitree_go/msg/detail/low_state__type_support.h\n'}
[1.031856] (unitree_go) StdoutLine: {'line': b'-- Up-to-date: /home/orin2/ros2_ws/install/unitree_go/include/unitree_go/unitree_go/msg/detail/wireless_controller__functions.c\n'}
[1.032492] (unitree_go) StdoutLine: {'line': b'-- Up-to-date: /home/orin2/ros2_ws/install/unitree_go/include/unitree_go/unitree_go/msg/detail/res__functions.c\n'}
[1.032684] (unitree_go) StdoutLine: {'line': b'-- Up-to-date: /home/orin2/ros2_ws/install/unitree_go/include/unitree_go/unitree_go/msg/detail/voxel_map_compressed__functions.h\n'}
[1.032817] (unitree_go) StdoutLine: {'line': b'-- Up-to-date: /home/orin2/ros2_ws/install/unitree_go/include/unitree_go/unitree_go/msg/detail/low_cmd__type_support.h\n'}
[1.033053] (unitree_go) StdoutLine: {'line': b'-- Up-to-date: /home/orin2/ros2_ws/install/unitree_go/include/unitree_go/unitree_go/msg/detail/bms_state__struct.h\n'}
[1.033200] (unitree_go) StdoutLine: {'line': b'-- Up-to-date: /home/orin2/ros2_ws/install/unitree_go/include/unitree_go/unitree_go/msg/detail/req__functions.c\n'}
[1.033325] (unitree_go) StdoutLine: {'line': b'-- Up-to-date: /home/orin2/ros2_ws/install/unitree_go/include/unitree_go/unitree_go/msg/detail/lidar_state__type_support.h\n'}
[1.033584] (unitree_go) StdoutLine: {'line': b'-- Up-to-date: /home/orin2/ros2_ws/install/unitree_go/include/unitree_go/unitree_go/msg/detail/motor_state__functions.c\n'}
[1.033713] (unitree_go) StdoutLine: {'line': b'-- Up-to-date: /home/orin2/ros2_ws/install/unitree_go/include/unitree_go/unitree_go/msg/detail/voxel_map_compressed__functions.c\n'}
[1.033836] (unitree_go) StdoutLine: {'line': b'-- Up-to-date: /home/orin2/ros2_ws/install/unitree_go/include/unitree_go/unitree_go/msg/detail/time_spec__functions.c\n'}
[1.033951] (unitree_go) StdoutLine: {'line': b'-- Up-to-date: /home/orin2/ros2_ws/install/unitree_go/include/unitree_go/unitree_go/msg/detail/voxel_height_map_state__struct.h\n'}
[1.034262] (unitree_go) StdoutLine: {'line': b'-- Up-to-date: /home/orin2/ros2_ws/install/unitree_go/include/unitree_go/unitree_go/msg/detail/voxel_map_compressed__struct.h\n'}
[1.034513] (unitree_go) StdoutLine: {'line': b'-- Up-to-date: /home/orin2/ros2_ws/install/unitree_go/include/unitree_go/unitree_go/msg/detail/bms_cmd__functions.c\n'}
[1.034647] (unitree_go) StdoutLine: {'line': b'-- Up-to-date: /home/orin2/ros2_ws/install/unitree_go/include/unitree_go/unitree_go/msg/detail/voxel_height_map_state__functions.h\n'}
[1.034850] (unitree_go) StdoutLine: {'line': b'-- Up-to-date: /home/orin2/ros2_ws/install/unitree_go/include/unitree_go/unitree_go/msg/detail/imu_state__functions.h\n'}
[1.035650] (unitree_go) StdoutLine: {'line': b'-- Up-to-date: /home/orin2/ros2_ws/install/unitree_go/include/unitree_go/unitree_go/msg/detail/low_state__struct.h\n'}
[1.036249] (unitree_go) StdoutLine: {'line': b'-- Up-to-date: /home/orin2/ros2_ws/install/unitree_go/include/unitree_go/unitree_go/msg/detail/motor_cmd__functions.c\n'}
[1.036654] (unitree_go) StdoutLine: {'line': b'-- Up-to-date: /home/orin2/ros2_ws/install/unitree_go/include/unitree_go/unitree_go/msg/detail/motor_state__functions.h\n'}
[1.037146] (unitree_go) StdoutLine: {'line': b'-- Up-to-date: /home/orin2/ros2_ws/install/unitree_go/include/unitree_go/unitree_go/msg/detail/height_map__type_support.h\n'}
[1.037498] (unitree_go) StdoutLine: {'line': b'-- Up-to-date: /home/orin2/ros2_ws/install/unitree_go/include/unitree_go/unitree_go/msg/detail/imu_state__struct.h\n'}
[1.038826] (unitree_go) StdoutLine: {'line': b'-- Up-to-date: /home/orin2/ros2_ws/install/unitree_go/include/unitree_go/unitree_go/msg/detail/motor_state__struct.h\n'}
[1.039109] (unitree_go) StdoutLine: {'line': b'-- Up-to-date: /home/orin2/ros2_ws/install/unitree_go/include/unitree_go/unitree_go/msg/detail/wireless_controller__struct.h\n'}
[1.039382] (unitree_go) StdoutLine: {'line': b'-- Up-to-date: /home/orin2/ros2_ws/install/unitree_go/include/unitree_go/unitree_go/msg/detail/lidar_state__struct.h\n'}
[1.039617] (unitree_go) StdoutLine: {'line': b'-- Up-to-date: /home/orin2/ros2_ws/install/unitree_go/include/unitree_go/unitree_go/msg/detail/motor_cmd__functions.h\n'}
[1.040126] (unitree_go) StdoutLine: {'line': b'-- Up-to-date: /home/orin2/ros2_ws/install/unitree_go/include/unitree_go/unitree_go/msg/detail/wireless_controller__functions.h\n'}
[1.040346] (unitree_go) StdoutLine: {'line': b'-- Up-to-date: /home/orin2/ros2_ws/install/unitree_go/include/unitree_go/unitree_go/msg/detail/imu_state__type_support.h\n'}
[1.040947] (unitree_go) StdoutLine: {'line': b'-- Up-to-date: /home/orin2/ros2_ws/install/unitree_go/include/unitree_go/unitree_go/msg/detail/bms_state__functions.c\n'}
[1.041482] (unitree_go) StdoutLine: {'line': b'-- Up-to-date: /home/orin2/ros2_ws/install/unitree_go/include/unitree_go/unitree_go/msg/detail/low_state__functions.h\n'}
[1.041995] (unitree_go) StdoutLine: {'line': b'-- Up-to-date: /home/orin2/ros2_ws/install/unitree_go/include/unitree_go/unitree_go/msg/detail/low_cmd__struct.h\n'}
[1.042394] (unitree_go) StdoutLine: {'line': b'-- Up-to-date: /home/orin2/ros2_ws/install/unitree_go/include/unitree_go/unitree_go/msg/detail/sport_mode_state__type_support.h\n'}
[1.044114] (unitree_go) StdoutLine: {'line': b'-- Up-to-date: /home/orin2/ros2_ws/install/unitree_go/include/unitree_go/unitree_go/msg/detail/bms_state__type_support.h\n'}
[1.044497] (unitree_go) StdoutLine: {'line': b'-- Up-to-date: /home/orin2/ros2_ws/install/unitree_go/include/unitree_go/unitree_go/msg/detail/path_point__struct.h\n'}
[1.045058] (unitree_go) StdoutLine: {'line': b'-- Up-to-date: /home/orin2/ros2_ws/install/unitree_go/include/unitree_go/unitree_go/msg/detail/sport_mode_cmd__struct.h\n'}
[1.045282] (unitree_go) StdoutLine: {'line': b'-- Up-to-date: /home/orin2/ros2_ws/install/unitree_go/include/unitree_go/unitree_go/msg/detail/interface_config__functions.h\n'}
[1.045613] (unitree_go) StdoutLine: {'line': b'-- Up-to-date: /home/orin2/ros2_ws/install/unitree_go/include/unitree_go/unitree_go/msg/detail/motor_cmds__struct.h\n'}
[1.045898] (unitree_go) StdoutLine: {'line': b'-- Up-to-date: /home/orin2/ros2_ws/install/unitree_go/include/unitree_go/unitree_go/msg/detail/res__functions.h\n'}
[1.047467] (unitree_go) StdoutLine: {'line': b'-- Up-to-date: /home/orin2/ros2_ws/install/unitree_go/include/unitree_go/unitree_go/msg/detail/voxel_map_compressed__type_support.h\n'}
[1.047716] (unitree_go) StdoutLine: {'line': b'-- Up-to-date: /home/orin2/ros2_ws/install/unitree_go/include/unitree_go/unitree_go/msg/detail/uwb_state__functions.h\n'}
[1.047991] (unitree_go) StdoutLine: {'line': b'-- Up-to-date: /home/orin2/ros2_ws/install/unitree_go/include/unitree_go/unitree_go/msg/detail/web_rtc_req__functions.h\n'}
[1.049029] (unitree_go) StdoutLine: {'line': b'-- Up-to-date: /home/orin2/ros2_ws/install/unitree_go/include/unitree_go/unitree_go/msg/detail/res__struct.h\n'}
[1.049733] (unitree_go) StdoutLine: {'line': b'-- Up-to-date: /home/orin2/ros2_ws/install/unitree_go/include/unitree_go/unitree_go/msg/detail/motor_cmds__functions.h\n'}
[1.050762] (unitree_go) StdoutLine: {'line': b'-- Up-to-date: /home/orin2/ros2_ws/install/unitree_go/include/unitree_go/unitree_go/msg/detail/height_map__struct.h\n'}
[1.051129] (unitree_go) StdoutLine: {'line': b'-- Up-to-date: /home/orin2/ros2_ws/install/unitree_go/include/unitree_go/unitree_go/msg/detail/motor_states__struct.h\n'}
[1.051297] (unitree_go) StdoutLine: {'line': b'-- Up-to-date: /home/orin2/ros2_ws/install/unitree_go/include/unitree_go/unitree_go/msg/detail/go2_front_video_data__type_support.h\n'}
[1.051733] (unitree_go) StdoutLine: {'line': b'-- Up-to-date: /home/orin2/ros2_ws/install/unitree_go/include/unitree_go/unitree_go/msg/detail/sport_mode_state__struct.h\n'}
[1.052397] (unitree_go) StdoutLine: {'line': b'-- Up-to-date: /home/orin2/ros2_ws/install/unitree_go/include/unitree_go/unitree_go/msg/detail/time_spec__struct.h\n'}
[1.052616] (unitree_go) StdoutLine: {'line': b'-- Up-to-date: /home/orin2/ros2_ws/install/unitree_go/include/unitree_go/unitree_go/msg/detail/uwb_switch__struct.h\n'}
[1.052783] (unitree_go) StdoutLine: {'line': b'-- Up-to-date: /home/orin2/ros2_ws/install/unitree_go/include/unitree_go/unitree_go/msg/detail/interface_config__struct.h\n'}
[1.052997] (unitree_go) StdoutLine: {'line': b'-- Up-to-date: /home/orin2/ros2_ws/install/unitree_go/include/unitree_go/unitree_go/msg/detail/lidar_state__functions.h\n'}
[1.053221] (unitree_go) StdoutLine: {'line': b'-- Up-to-date: /home/orin2/ros2_ws/install/unitree_go/include/unitree_go/unitree_go/msg/detail/uwb_switch__functions.c\n'}
[1.053355] (unitree_go) StdoutLine: {'line': b'-- Up-to-date: /home/orin2/ros2_ws/install/unitree_go/include/unitree_go/unitree_go/msg/detail/bms_cmd__struct.h\n'}
[1.053501] (unitree_go) StdoutLine: {'line': b'-- Up-to-date: /home/orin2/ros2_ws/install/unitree_go/include/unitree_go/unitree_go/msg/detail/res__type_support.h\n'}
[1.053671] (unitree_go) StdoutLine: {'line': b'-- Up-to-date: /home/orin2/ros2_ws/install/unitree_go/include/unitree_go/unitree_go/msg/detail/path_point__functions.h\n'}
[1.054357] (unitree_go) StdoutLine: {'line': b'-- Up-to-date: /home/orin2/ros2_ws/install/unitree_go/include/unitree_go/unitree_go/msg/detail/lidar_state__functions.c\n'}
[1.054527] (unitree_go) StdoutLine: {'line': b'-- Up-to-date: /home/orin2/ros2_ws/install/unitree_go/include/unitree_go/unitree_go/msg/detail/uwb_state__struct.h\n'}
[1.054727] (unitree_go) StdoutLine: {'line': b'-- Up-to-date: /home/orin2/ros2_ws/install/unitree_go/include/unitree_go/unitree_go/msg/motor_states.h\n'}
[1.055126] (unitree_go) StdoutLine: {'line': b'-- Up-to-date: /home/orin2/ros2_ws/install/unitree_go/include/unitree_go/unitree_go/msg/audio_data.h\n'}
[1.055457] (unitree_go) StdoutLine: {'line': b'-- Up-to-date: /home/orin2/ros2_ws/install/unitree_go/include/unitree_go/unitree_go/msg/wireless_controller.h\n'}
[1.055803] (unitree_go) StdoutLine: {'line': b'-- Up-to-date: /home/orin2/ros2_ws/install/unitree_go/include/unitree_go/unitree_go/msg/req.h\n'}
[1.056591] (unitree_go) StdoutLine: {'line': b'-- Up-to-date: /home/orin2/ros2_ws/install/unitree_go/include/unitree_go/unitree_go/msg/bms_cmd.h\n'}
[1.056971] (unitree_go) StdoutLine: {'line': b'-- Up-to-date: /home/orin2/ros2_ws/install/unitree_go/include/unitree_go/unitree_go/msg/error.h\n'}
[1.057376] (unitree_go) StdoutLine: {'line': b'-- Up-to-date: /home/orin2/ros2_ws/install/unitree_go/include/unitree_go/unitree_go/msg/uwb_switch.h\n'}
[1.057522] (unitree_go) StdoutLine: {'line': b'-- Up-to-date: /home/orin2/ros2_ws/install/unitree_go/include/unitree_go/unitree_go/msg/res.h\n'}
[1.057649] (unitree_go) StdoutLine: {'line': b'-- Up-to-date: /home/orin2/ros2_ws/install/unitree_go/share/unitree_go/environment/library_path.sh\n'}
[1.057770] (unitree_go) StdoutLine: {'line': b'-- Up-to-date: /home/orin2/ros2_ws/install/unitree_go/share/unitree_go/environment/library_path.dsv\n'}
[1.057887] (unitree_go) StdoutLine: {'line': b'-- Up-to-date: /home/orin2/ros2_ws/install/unitree_go/lib/libunitree_go__rosidl_generator_c.so\n'}
[1.058004] (unitree_go) StdoutLine: {'line': b'-- Up-to-date: /home/orin2/ros2_ws/install/unitree_go/include/unitree_go/unitree_go\n'}
[1.058121] (unitree_go) StdoutLine: {'line': b'-- Up-to-date: /home/orin2/ros2_ws/install/unitree_go/include/unitree_go/unitree_go/msg\n'}
[1.058331] (unitree_go) StdoutLine: {'line': b'-- Up-to-date: /home/orin2/ros2_ws/install/unitree_go/include/unitree_go/unitree_go/msg/rosidl_typesupport_fastrtps_c__visibility_control.h\n'}
[1.058455] (unitree_go) StdoutLine: {'line': b'-- Up-to-date: /home/orin2/ros2_ws/install/unitree_go/include/unitree_go/unitree_go/msg/detail\n'}
[1.058668] (unitree_go) StdoutLine: {'line': b'-- Up-to-date: /home/orin2/ros2_ws/install/unitree_go/include/unitree_go/unitree_go/msg/detail/bms_cmd__rosidl_typesupport_fastrtps_c.h\n'}
[1.058823] (unitree_go) StdoutLine: {'line': b'-- Up-to-date: /home/orin2/ros2_ws/install/unitree_go/include/unitree_go/unitree_go/msg/detail/voxel_map_compressed__rosidl_typesupport_fastrtps_c.h\n'}
[1.058953] (unitree_go) StdoutLine: {'line': b'-- Up-to-date: /home/orin2/ros2_ws/install/unitree_go/include/unitree_go/unitree_go/msg/detail/motor_cmds__rosidl_typesupport_fastrtps_c.h\n'}
[1.059070] (unitree_go) StdoutLine: {'line': b'-- Up-to-date: /home/orin2/ros2_ws/install/unitree_go/include/unitree_go/unitree_go/msg/detail/motor_cmd__rosidl_typesupport_fastrtps_c.h\n'}
[1.059223] (unitree_go) StdoutLine: {'line': b'-- Up-to-date: /home/orin2/ros2_ws/install/unitree_go/include/unitree_go/unitree_go/msg/detail/uwb_switch__rosidl_typesupport_fastrtps_c.h\n'}
[1.059342] (unitree_go) StdoutLine: {'line': b'-- Up-to-date: /home/orin2/ros2_ws/install/unitree_go/include/unitree_go/unitree_go/msg/detail/low_state__rosidl_typesupport_fastrtps_c.h\n'}
[1.059457] (unitree_go) StdoutLine: {'line': b'-- Up-to-date: /home/orin2/ros2_ws/install/unitree_go/include/unitree_go/unitree_go/msg/detail/sport_mode_state__rosidl_typesupport_fastrtps_c.h\n'}
[1.059569] (unitree_go) StdoutLine: {'line': b'-- Up-to-date: /home/orin2/ros2_ws/install/unitree_go/include/unitree_go/unitree_go/msg/detail/height_map__rosidl_typesupport_fastrtps_c.h\n'}
[1.059681] (unitree_go) StdoutLine: {'line': b'-- Up-to-date: /home/orin2/ros2_ws/install/unitree_go/include/unitree_go/unitree_go/msg/detail/time_spec__rosidl_typesupport_fastrtps_c.h\n'}
[1.059791] (unitree_go) StdoutLine: {'line': b'-- Up-to-date: /home/orin2/ros2_ws/install/unitree_go/include/unitree_go/unitree_go/msg/detail/interface_config__rosidl_typesupport_fastrtps_c.h\n'}
[1.059901] (unitree_go) StdoutLine: {'line': b'-- Up-to-date: /home/orin2/ros2_ws/install/unitree_go/include/unitree_go/unitree_go/msg/detail/req__rosidl_typesupport_fastrtps_c.h\n'}
[1.060049] (unitree_go) StdoutLine: {'line': b'-- Up-to-date: /home/orin2/ros2_ws/install/unitree_go/include/unitree_go/unitree_go/msg/detail/go2_front_video_data__rosidl_typesupport_fastrtps_c.h\n'}
[1.060327] (unitree_go) StdoutLine: {'line': b'-- Up-to-date: /home/orin2/ros2_ws/install/unitree_go/include/unitree_go/unitree_go/msg/detail/web_rtc_req__rosidl_typesupport_fastrtps_c.h\n'}
[1.060514] (unitree_go) StdoutLine: {'line': b'-- Up-to-date: /home/orin2/ros2_ws/install/unitree_go/include/unitree_go/unitree_go/msg/detail/bms_state__rosidl_typesupport_fastrtps_c.h\n'}
[1.060635] (unitree_go) StdoutLine: {'line': b'-- Up-to-date: /home/orin2/ros2_ws/install/unitree_go/include/unitree_go/unitree_go/msg/detail/lidar_state__rosidl_typesupport_fastrtps_c.h\n'}
[1.060748] (unitree_go) StdoutLine: {'line': b'-- Up-to-date: /home/orin2/ros2_ws/install/unitree_go/include/unitree_go/unitree_go/msg/detail/error__rosidl_typesupport_fastrtps_c.h\n'}
[1.060863] (unitree_go) StdoutLine: {'line': b'-- Up-to-date: /home/orin2/ros2_ws/install/unitree_go/include/unitree_go/unitree_go/msg/detail/sport_mode_cmd__rosidl_typesupport_fastrtps_c.h\n'}
[1.061048] (unitree_go) StdoutLine: {'line': b'-- Up-to-date: /home/orin2/ros2_ws/install/unitree_go/include/unitree_go/unitree_go/msg/detail/audio_data__rosidl_typesupport_fastrtps_c.h\n'}
[1.061234] (unitree_go) StdoutLine: {'line': b'-- Up-to-date: /home/orin2/ros2_ws/install/unitree_go/include/unitree_go/unitree_go/msg/detail/path_point__rosidl_typesupport_fastrtps_c.h\n'}
[1.061423] (unitree_go) StdoutLine: {'line': b'-- Up-to-date: /home/orin2/ros2_ws/install/unitree_go/include/unitree_go/unitree_go/msg/detail/uwb_state__rosidl_typesupport_fastrtps_c.h\n'}
[1.061542] (unitree_go) StdoutLine: {'line': b'-- Up-to-date: /home/orin2/ros2_ws/install/unitree_go/include/unitree_go/unitree_go/msg/detail/imu_state__rosidl_typesupport_fastrtps_c.h\n'}
[1.061657] (unitree_go) StdoutLine: {'line': b'-- Up-to-date: /home/orin2/ros2_ws/install/unitree_go/include/unitree_go/unitree_go/msg/detail/motor_states__rosidl_typesupport_fastrtps_c.h\n'}
[1.061844] (unitree_go) StdoutLine: {'line': b'-- Up-to-date: /home/orin2/ros2_ws/install/unitree_go/include/unitree_go/unitree_go/msg/detail/motor_state__rosidl_typesupport_fastrtps_c.h\n'}
[1.062039] (unitree_go) StdoutLine: {'line': b'-- Up-to-date: /home/orin2/ros2_ws/install/unitree_go/include/unitree_go/unitree_go/msg/detail/voxel_height_map_state__rosidl_typesupport_fastrtps_c.h\n'}
[1.062225] (unitree_go) StdoutLine: {'line': b'-- Up-to-date: /home/orin2/ros2_ws/install/unitree_go/include/unitree_go/unitree_go/msg/detail/res__rosidl_typesupport_fastrtps_c.h\n'}
[1.062395] (unitree_go) StdoutLine: {'line': b'-- Up-to-date: /home/orin2/ros2_ws/install/unitree_go/include/unitree_go/unitree_go/msg/detail/low_cmd__rosidl_typesupport_fastrtps_c.h\n'}
[1.062543] (unitree_go) StdoutLine: {'line': b'-- Up-to-date: /home/orin2/ros2_ws/install/unitree_go/include/unitree_go/unitree_go/msg/detail/wireless_controller__rosidl_typesupport_fastrtps_c.h\n'}
[1.062690] (unitree_go) StdoutLine: {'line': b'-- Up-to-date: /home/orin2/ros2_ws/install/unitree_go/lib/libunitree_go__rosidl_typesupport_fastrtps_c.so\n'}
[1.062861] (unitree_go) StdoutLine: {'line': b'-- Up-to-date: /home/orin2/ros2_ws/install/unitree_go/include/unitree_go/unitree_go\n'}
[1.062980] (unitree_go) StdoutLine: {'line': b'-- Up-to-date: /home/orin2/ros2_ws/install/unitree_go/include/unitree_go/unitree_go/msg\n'}
[1.063429] (unitree_go) StdoutLine: {'line': b'-- Up-to-date: /home/orin2/ros2_ws/install/unitree_go/include/unitree_go/unitree_go/msg/detail\n'}
[1.063699] (unitree_go) StdoutLine: {'line': b'-- Up-to-date: /home/orin2/ros2_ws/install/unitree_go/include/unitree_go/unitree_go/msg/detail/voxel_height_map_state__rosidl_typesupport_introspection_c.h\n'}
[1.064692] (unitree_go) StdoutLine: {'line': b'-- Up-to-date: /home/orin2/ros2_ws/install/unitree_go/include/unitree_go/unitree_go/msg/detail/time_spec__type_support.c\n'}
[1.064925] (unitree_go) StdoutLine: {'line': b'-- Up-to-date: /home/orin2/ros2_ws/install/unitree_go/include/unitree_go/unitree_go/msg/detail/uwb_switch__rosidl_typesupport_introspection_c.h\n'}
[1.065139] (unitree_go) StdoutLine: {'line': b'-- Up-to-date: /home/orin2/ros2_ws/install/unitree_go/include/unitree_go/unitree_go/msg/detail/low_state__rosidl_typesupport_introspection_c.h\n'}
[1.065339] (unitree_go) StdoutLine: {'line': b'-- Up-to-date: /home/orin2/ros2_ws/install/unitree_go/include/unitree_go/unitree_go/msg/detail/imu_state__type_support.c\n'}
[1.065518] (unitree_go) StdoutLine: {'line': b'-- Up-to-date: /home/orin2/ros2_ws/install/unitree_go/include/unitree_go/unitree_go/msg/detail/bms_cmd__type_support.c\n'}
[1.065665] (unitree_go) StdoutLine: {'line': b'-- Up-to-date: /home/orin2/ros2_ws/install/unitree_go/include/unitree_go/unitree_go/msg/detail/bms_state__type_support.c\n'}
[1.065838] (unitree_go) StdoutLine: {'line': b'-- Up-to-date: /home/orin2/ros2_ws/install/unitree_go/include/unitree_go/unitree_go/msg/detail/sport_mode_state__rosidl_typesupport_introspection_c.h\n'}
[1.065992] (unitree_go) StdoutLine: {'line': b'-- Up-to-date: /home/orin2/ros2_ws/install/unitree_go/include/unitree_go/unitree_go/msg/detail/time_spec__rosidl_typesupport_introspection_c.h\n'}
[1.066136] (unitree_go) StdoutLine: {'line': b'-- Up-to-date: /home/orin2/ros2_ws/install/unitree_go/include/unitree_go/unitree_go/msg/detail/path_point__type_support.c\n'}
[1.066360] (unitree_go) StdoutLine: {'line': b'-- Up-to-date: /home/orin2/ros2_ws/install/unitree_go/include/unitree_go/unitree_go/msg/detail/motor_cmds__rosidl_typesupport_introspection_c.h\n'}
[1.066509] (unitree_go) StdoutLine: {'line': b'-- Up-to-date: /home/orin2/ros2_ws/install/unitree_go/include/unitree_go/unitree_go/msg/detail/audio_data__rosidl_typesupport_introspection_c.h\n'}
[1.066655] (unitree_go) StdoutLine: {'line': b'-- Up-to-date: /home/orin2/ros2_ws/install/unitree_go/include/unitree_go/unitree_go/msg/detail/go2_front_video_data__type_support.c\n'}
[1.066798] (unitree_go) StdoutLine: {'line': b'-- Up-to-date: /home/orin2/ros2_ws/install/unitree_go/include/unitree_go/unitree_go/msg/detail/wireless_controller__type_support.c\n'}
[1.066964] (unitree_go) StdoutLine: {'line': b'-- Up-to-date: /home/orin2/ros2_ws/install/unitree_go/include/unitree_go/unitree_go/msg/detail/uwb_switch__type_support.c\n'}
[1.067135] (unitree_go) StdoutLine: {'line': b'-- Up-to-date: /home/orin2/ros2_ws/install/unitree_go/include/unitree_go/unitree_go/msg/detail/sport_mode_cmd__type_support.c\n'}
[1.067323] (unitree_go) StdoutLine: {'line': b'-- Up-to-date: /home/orin2/ros2_ws/install/unitree_go/include/unitree_go/unitree_go/msg/detail/voxel_map_compressed__rosidl_typesupport_introspection_c.h\n'}
[1.067522] (unitree_go) StdoutLine: {'line': b'-- Up-to-date: /home/orin2/ros2_ws/install/unitree_go/include/unitree_go/unitree_go/msg/detail/audio_data__type_support.c\n'}
[1.067679] (unitree_go) StdoutLine: {'line': b'-- Up-to-date: /home/orin2/ros2_ws/install/unitree_go/include/unitree_go/unitree_go/msg/detail/req__rosidl_typesupport_introspection_c.h\n'}
[1.067849] (unitree_go) StdoutLine: {'line': b'-- Up-to-date: /home/orin2/ros2_ws/install/unitree_go/include/unitree_go/unitree_go/msg/detail/voxel_map_compressed__type_support.c\n'}
[1.067996] (unitree_go) StdoutLine: {'line': b'-- Up-to-date: /home/orin2/ros2_ws/install/unitree_go/include/unitree_go/unitree_go/msg/detail/error__type_support.c\n'}
[1.068160] (unitree_go) StdoutLine: {'line': b'-- Up-to-date: /home/orin2/ros2_ws/install/unitree_go/include/unitree_go/unitree_go/msg/detail/go2_front_video_data__rosidl_typesupport_introspection_c.h\n'}
[1.068344] (unitree_go) StdoutLine: {'line': b'-- Up-to-date: /home/orin2/ros2_ws/install/unitree_go/include/unitree_go/unitree_go/msg/detail/height_map__rosidl_typesupport_introspection_c.h\n'}
[1.068697] (unitree_go) StdoutLine: {'line': b'-- Up-to-date: /home/orin2/ros2_ws/install/unitree_go/include/unitree_go/unitree_go/msg/detail/voxel_height_map_state__type_support.c\n'}
[1.069348] (unitree_go) StdoutLine: {'line': b'-- Up-to-date: /home/orin2/ros2_ws/install/unitree_go/include/unitree_go/unitree_go/msg/detail/sport_mode_cmd__rosidl_typesupport_introspection_c.h\n'}
[1.069749] (unitree_go) StdoutLine: {'line': b'-- Up-to-date: /home/orin2/ros2_ws/install/unitree_go/include/unitree_go/unitree_go/msg/detail/lidar_state__rosidl_typesupport_introspection_c.h\n'}
[1.070680] (unitree_go) StdoutLine: {'line': b'-- Up-to-date: /home/orin2/ros2_ws/install/unitree_go/include/unitree_go/unitree_go/msg/detail/req__type_support.c\n'}
[1.070942] (unitree_go) StdoutLine: {'line': b'-- Up-to-date: /home/orin2/ros2_ws/install/unitree_go/include/unitree_go/unitree_go/msg/detail/bms_state__rosidl_typesupport_introspection_c.h\n'}
[1.071146] (unitree_go) StdoutLine: {'line': b'-- Up-to-date: /home/orin2/ros2_ws/install/unitree_go/include/unitree_go/unitree_go/msg/detail/motor_states__rosidl_typesupport_introspection_c.h\n'}
[1.071326] (unitree_go) StdoutLine: {'line': b'-- Up-to-date: /home/orin2/ros2_ws/install/unitree_go/include/unitree_go/unitree_go/msg/detail/motor_states__type_support.c\n'}
[1.071674] (unitree_go) StdoutLine: {'line': b'-- Up-to-date: /home/orin2/ros2_ws/install/unitree_go/include/unitree_go/unitree_go/msg/detail/uwb_state__rosidl_typesupport_introspection_c.h\n'}
[1.072126] (unitree_go) StdoutLine: {'line': b'-- Up-to-date: /home/orin2/ros2_ws/install/unitree_go/include/unitree_go/unitree_go/msg/detail/lidar_state__type_support.c\n'}
[1.072309] (unitree_go) StdoutLine: {'line': b'-- Up-to-date: /home/orin2/ros2_ws/install/unitree_go/include/unitree_go/unitree_go/msg/detail/motor_cmds__type_support.c\n'}
[1.072435] (unitree_go) StdoutLine: {'line': b'-- Up-to-date: /home/orin2/ros2_ws/install/unitree_go/include/unitree_go/unitree_go/msg/detail/motor_state__rosidl_typesupport_introspection_c.h\n'}
[1.072652] (unitree_go) StdoutLine: {'line': b'-- Up-to-date: /home/orin2/ros2_ws/install/unitree_go/include/unitree_go/unitree_go/msg/detail/res__rosidl_typesupport_introspection_c.h\n'}
[1.072785] (unitree_go) StdoutLine: {'line': b'-- Up-to-date: /home/orin2/ros2_ws/install/unitree_go/include/unitree_go/unitree_go/msg/detail/low_cmd__type_support.c\n'}
[1.072906] (unitree_go) StdoutLine: {'line': b'-- Up-to-date: /home/orin2/ros2_ws/install/unitree_go/include/unitree_go/unitree_go/msg/detail/wireless_controller__rosidl_typesupport_introspection_c.h\n'}
[1.073054] (unitree_go) StdoutLine: {'line': b'-- Up-to-date: /home/orin2/ros2_ws/install/unitree_go/include/unitree_go/unitree_go/msg/detail/sport_mode_state__type_support.c\n'}
[1.073169] (unitree_go) StdoutLine: {'line': b'-- Up-to-date: /home/orin2/ros2_ws/install/unitree_go/include/unitree_go/unitree_go/msg/detail/interface_config__type_support.c\n'}
[1.073335] (unitree_go) StdoutLine: {'line': b'-- Up-to-date: /home/orin2/ros2_ws/install/unitree_go/include/unitree_go/unitree_go/msg/detail/bms_cmd__rosidl_typesupport_introspection_c.h\n'}
[1.073454] (unitree_go) StdoutLine: {'line': b'-- Up-to-date: /home/orin2/ros2_ws/install/unitree_go/include/unitree_go/unitree_go/msg/detail/height_map__type_support.c\n'}
[1.073567] (unitree_go) StdoutLine: {'line': b'-- Up-to-date: /home/orin2/ros2_ws/install/unitree_go/include/unitree_go/unitree_go/msg/detail/imu_state__rosidl_typesupport_introspection_c.h\n'}
[1.073678] (unitree_go) StdoutLine: {'line': b'-- Up-to-date: /home/orin2/ros2_ws/install/unitree_go/include/unitree_go/unitree_go/msg/detail/path_point__rosidl_typesupport_introspection_c.h\n'}
[1.073892] (unitree_go) StdoutLine: {'line': b'-- Up-to-date: /home/orin2/ros2_ws/install/unitree_go/include/unitree_go/unitree_go/msg/detail/interface_config__rosidl_typesupport_introspection_c.h\n'}
[1.074030] (unitree_go) StdoutLine: {'line': b'-- Up-to-date: /home/orin2/ros2_ws/install/unitree_go/include/unitree_go/unitree_go/msg/detail/web_rtc_req__rosidl_typesupport_introspection_c.h\n'}
[1.074204] (unitree_go) StdoutLine: {'line': b'-- Up-to-date: /home/orin2/ros2_ws/install/unitree_go/include/unitree_go/unitree_go/msg/detail/low_cmd__rosidl_typesupport_introspection_c.h\n'}
[1.074330] (unitree_go) StdoutLine: {'line': b'-- Up-to-date: /home/orin2/ros2_ws/install/unitree_go/include/unitree_go/unitree_go/msg/detail/uwb_state__type_support.c\n'}
[1.074502] (unitree_go) StdoutLine: {'line': b'-- Up-to-date: /home/orin2/ros2_ws/install/unitree_go/include/unitree_go/unitree_go/msg/detail/motor_cmd__type_support.c\n'}
[1.074617] (unitree_go) StdoutLine: {'line': b'-- Up-to-date: /home/orin2/ros2_ws/install/unitree_go/include/unitree_go/unitree_go/msg/detail/web_rtc_req__type_support.c\n'}
[1.074727] (unitree_go) StdoutLine: {'line': b'-- Up-to-date: /home/orin2/ros2_ws/install/unitree_go/include/unitree_go/unitree_go/msg/detail/error__rosidl_typesupport_introspection_c.h\n'}
[1.074837] (unitree_go) StdoutLine: {'line': b'-- Up-to-date: /home/orin2/ros2_ws/install/unitree_go/include/unitree_go/unitree_go/msg/detail/motor_state__type_support.c\n'}
[1.074945] (unitree_go) StdoutLine: {'line': b'-- Up-to-date: /home/orin2/ros2_ws/install/unitree_go/include/unitree_go/unitree_go/msg/detail/res__type_support.c\n'}
[1.075056] (unitree_go) StdoutLine: {'line': b'-- Up-to-date: /home/orin2/ros2_ws/install/unitree_go/include/unitree_go/unitree_go/msg/detail/motor_cmd__rosidl_typesupport_introspection_c.h\n'}
[1.075166] (unitree_go) StdoutLine: {'line': b'-- Up-to-date: /home/orin2/ros2_ws/install/unitree_go/include/unitree_go/unitree_go/msg/detail/low_state__type_support.c\n'}
[1.075315] (unitree_go) StdoutLine: {'line': b'-- Up-to-date: /home/orin2/ros2_ws/install/unitree_go/include/unitree_go/unitree_go/msg/rosidl_typesupport_introspection_c__visibility_control.h\n'}
[1.075437] (unitree_go) StdoutLine: {'line': b'-- Up-to-date: /home/orin2/ros2_ws/install/unitree_go/lib/libunitree_go__rosidl_typesupport_introspection_c.so\n'}
[1.075550] (unitree_go) StdoutLine: {'line': b'-- Up-to-date: /home/orin2/ros2_ws/install/unitree_go/lib/libunitree_go__rosidl_typesupport_c.so\n'}
[1.075661] (unitree_go) StdoutLine: {'line': b'-- Up-to-date: /home/orin2/ros2_ws/install/unitree_go/include/unitree_go/unitree_go\n'}
[1.076087] (unitree_go) StdoutLine: {'line': b'-- Up-to-date: /home/orin2/ros2_ws/install/unitree_go/include/unitree_go/unitree_go/msg\n'}
[1.077138] (unitree_go) StdoutLine: {'line': b'-- Up-to-date: /home/orin2/ros2_ws/install/unitree_go/include/unitree_go/unitree_go/msg/low_state.hpp\n'}
[1.078461] (unitree_go) StdoutLine: {'line': b'-- Up-to-date: /home/orin2/ros2_ws/install/unitree_go/include/unitree_go/unitree_go/msg/bms_cmd.hpp\n'}
[1.079403] (unitree_go) StdoutLine: {'line': b'-- Up-to-date: /home/orin2/ros2_ws/install/unitree_go/include/unitree_go/unitree_go/msg/low_cmd.hpp\n'}
[1.080049] (unitree_go) StdoutLine: {'line': b'-- Up-to-date: /home/orin2/ros2_ws/install/unitree_go/include/unitree_go/unitree_go/msg/motor_cmds.hpp\n'}
[1.080396] (unitree_go) StdoutLine: {'line': b'-- Up-to-date: /home/orin2/ros2_ws/install/unitree_go/include/unitree_go/unitree_go/msg/height_map.hpp\n'}
[1.080591] (unitree_go) StdoutLine: {'line': b'-- Up-to-date: /home/orin2/ros2_ws/install/unitree_go/include/unitree_go/unitree_go/msg/uwb_state.hpp\n'}
[1.081129] (unitree_go) StdoutLine: {'line': b'-- Up-to-date: /home/orin2/ros2_ws/install/unitree_go/include/unitree_go/unitree_go/msg/motor_cmd.hpp\n'}
[1.081346] (unitree_go) StdoutLine: {'line': b'-- Up-to-date: /home/orin2/ros2_ws/install/unitree_go/include/unitree_go/unitree_go/msg/go2_front_video_data.hpp\n'}
[1.081709] (unitree_go) StdoutLine: {'line': b'-- Up-to-date: /home/orin2/ros2_ws/install/unitree_go/include/unitree_go/unitree_go/msg/interface_config.hpp\n'}
[1.081974] (unitree_go) StdoutLine: {'line': b'-- Up-to-date: /home/orin2/ros2_ws/install/unitree_go/include/unitree_go/unitree_go/msg/sport_mode_state.hpp\n'}
[1.082243] (unitree_go) StdoutLine: {'line': b'-- Up-to-date: /home/orin2/ros2_ws/install/unitree_go/include/unitree_go/unitree_go/msg/voxel_height_map_state.hpp\n'}
[1.082385] (unitree_go) StdoutLine: {'line': b'-- Up-to-date: /home/orin2/ros2_ws/install/unitree_go/include/unitree_go/unitree_go/msg/lidar_state.hpp\n'}
[1.082641] (unitree_go) StdoutLine: {'line': b'-- Up-to-date: /home/orin2/ros2_ws/install/unitree_go/include/unitree_go/unitree_go/msg/wireless_controller.hpp\n'}
[1.082906] (unitree_go) StdoutLine: {'line': b'-- Up-to-date: /home/orin2/ros2_ws/install/unitree_go/include/unitree_go/unitree_go/msg/bms_state.hpp\n'}
[1.083140] (unitree_go) StdoutLine: {'line': b'-- Up-to-date: /home/orin2/ros2_ws/install/unitree_go/include/unitree_go/unitree_go/msg/imu_state.hpp\n'}
[1.083555] (unitree_go) StdoutLine: {'line': b'-- Up-to-date: /home/orin2/ros2_ws/install/unitree_go/include/unitree_go/unitree_go/msg/detail\n'}
[1.083809] (unitree_go) StdoutLine: {'line': b'-- Up-to-date: /home/orin2/ros2_ws/install/unitree_go/include/unitree_go/unitree_go/msg/detail/path_point__struct.hpp\n'}
[1.083951] (unitree_go) StdoutLine: {'line': b'-- Up-to-date: /home/orin2/ros2_ws/install/unitree_go/include/unitree_go/unitree_go/msg/detail/motor_cmd__type_support.hpp\n'}
[1.084230] (unitree_go) StdoutLine: {'line': b'-- Up-to-date: /home/orin2/ros2_ws/install/unitree_go/include/unitree_go/unitree_go/msg/detail/req__builder.hpp\n'}
[1.084418] (unitree_go) StdoutLine: {'line': b'-- Up-to-date: /home/orin2/ros2_ws/install/unitree_go/include/unitree_go/unitree_go/msg/detail/lidar_state__traits.hpp\n'}
[1.084929] (unitree_go) StdoutLine: {'line': b'-- Up-to-date: /home/orin2/ros2_ws/install/unitree_go/include/unitree_go/unitree_go/msg/detail/sport_mode_cmd__type_support.hpp\n'}
[1.085446] (unitree_go) StdoutLine: {'line': b'-- Up-to-date: /home/orin2/ros2_ws/install/unitree_go/include/unitree_go/unitree_go/msg/detail/voxel_height_map_state__type_support.hpp\n'}
[1.085684] (unitree_go) StdoutLine: {'line': b'-- Up-to-date: /home/orin2/ros2_ws/install/unitree_go/include/unitree_go/unitree_go/msg/detail/res__builder.hpp\n'}
[1.085907] (unitree_go) StdoutLine: {'line': b'-- Up-to-date: /home/orin2/ros2_ws/install/unitree_go/include/unitree_go/unitree_go/msg/detail/low_state__type_support.hpp\n'}
[1.086343] (unitree_go) StdoutLine: {'line': b'-- Up-to-date: /home/orin2/ros2_ws/install/unitree_go/include/unitree_go/unitree_go/msg/detail/motor_cmd__struct.hpp\n'}
[1.086649] (unitree_go) StdoutLine: {'line': b'-- Up-to-date: /home/orin2/ros2_ws/install/unitree_go/include/unitree_go/unitree_go/msg/detail/imu_state__builder.hpp\n'}
[1.086926] (unitree_go) StdoutLine: {'line': b'-- Up-to-date: /home/orin2/ros2_ws/install/unitree_go/include/unitree_go/unitree_go/msg/detail/height_map__struct.hpp\n'}
[1.087162] (unitree_go) StdoutLine: {'line': b'-- Up-to-date: /home/orin2/ros2_ws/install/unitree_go/include/unitree_go/unitree_go/msg/detail/voxel_map_compressed__type_support.hpp\n'}
[1.087427] (unitree_go) StdoutLine: {'line': b'-- Up-to-date: /home/orin2/ros2_ws/install/unitree_go/include/unitree_go/unitree_go/msg/detail/sport_mode_state__traits.hpp\n'}
[1.087565] (unitree_go) StdoutLine: {'line': b'-- Up-to-date: /home/orin2/ros2_ws/install/unitree_go/include/unitree_go/unitree_go/msg/detail/motor_state__type_support.hpp\n'}
[1.087946] (unitree_go) StdoutLine: {'line': b'-- Up-to-date: /home/orin2/ros2_ws/install/unitree_go/include/unitree_go/unitree_go/msg/detail/imu_state__traits.hpp\n'}
[1.089053] (unitree_go) StdoutLine: {'line': b'-- Up-to-date: /home/orin2/ros2_ws/install/unitree_go/include/unitree_go/unitree_go/msg/detail/low_state__traits.hpp\n'}
[1.094350] (unitree_go) StdoutLine: {'line': b'-- Up-to-date: /home/orin2/ros2_ws/install/unitree_go/include/unitree_go/unitree_go/msg/detail/imu_state__type_support.hpp\n'}
[1.095457] (unitree_go) StdoutLine: {'line': b'-- Up-to-date: /home/orin2/ros2_ws/install/unitree_go/include/unitree_go/unitree_go/msg/detail/error__struct.hpp\n'}
[1.095897] (unitree_go) StdoutLine: {'line': b'-- Up-to-date: /home/orin2/ros2_ws/install/unitree_go/include/unitree_go/unitree_go/msg/detail/web_rtc_req__struct.hpp\n'}
[1.096741] (unitree_go) StdoutLine: {'line': b'-- Up-to-date: /home/orin2/ros2_ws/install/unitree_go/include/unitree_go/unitree_go/msg/detail/low_cmd__type_support.hpp\n'}
[1.097065] (unitree_go) StdoutLine: {'line': b'-- Up-to-date: /home/orin2/ros2_ws/install/unitree_go/include/unitree_go/unitree_go/msg/detail/bms_cmd__type_support.hpp\n'}
[1.100004] (unitree_go) StdoutLine: {'line': b'-- Up-to-date: /home/orin2/ros2_ws/install/unitree_go/include/unitree_go/unitree_go/msg/detail/height_map__builder.hpp\n'}
[1.100283] (unitree_go) StdoutLine: {'line': b'-- Up-to-date: /home/orin2/ros2_ws/install/unitree_go/include/unitree_go/unitree_go/msg/detail/motor_cmds__struct.hpp\n'}
[1.100479] (unitree_go) StdoutLine: {'line': b'-- Up-to-date: /home/orin2/ros2_ws/install/unitree_go/include/unitree_go/unitree_go/msg/detail/low_cmd__builder.hpp\n'}
[1.101245] (unitree_go) StdoutLine: {'line': b'-- Up-to-date: /home/orin2/ros2_ws/install/unitree_go/include/unitree_go/unitree_go/msg/detail/voxel_map_compressed__traits.hpp\n'}
[1.102409] (unitree_go) StdoutLine: {'line': b'-- Up-to-date: /home/orin2/ros2_ws/install/unitree_go/include/unitree_go/unitree_go/msg/detail/motor_state__builder.hpp\n'}
[1.103734] (unitree_go) StdoutLine: {'line': b'-- Up-to-date: /home/orin2/ros2_ws/install/unitree_go/include/unitree_go/unitree_go/msg/detail/error__builder.hpp\n'}
[1.104115] (unitree_go) StdoutLine: {'line': b'-- Up-to-date: /home/orin2/ros2_ws/install/unitree_go/include/unitree_go/unitree_go/msg/detail/path_point__traits.hpp\n'}
[1.104256] (-) TimerEvent: {}
[1.105746] (unitree_go) StdoutLine: {'line': b'-- Up-to-date: /home/orin2/ros2_ws/install/unitree_go/include/unitree_go/unitree_go/msg/detail/res__type_support.hpp\n'}
[1.108784] (unitree_go) StdoutLine: {'line': b'-- Up-to-date: /home/orin2/ros2_ws/install/unitree_go/include/unitree_go/unitree_go/msg/detail/wireless_controller__traits.hpp\n'}
[1.109143] (unitree_go) StdoutLine: {'line': b'-- Up-to-date: /home/orin2/ros2_ws/install/unitree_go/include/unitree_go/unitree_go/msg/detail/audio_data__struct.hpp\n'}
[1.115962] (unitree_go) StdoutLine: {'line': b'-- Up-to-date: /home/orin2/ros2_ws/install/unitree_go/include/unitree_go/unitree_go/msg/detail/res__struct.hpp\n'}
[1.116396] (unitree_go) StdoutLine: {'line': b'-- Up-to-date: /home/orin2/ros2_ws/install/unitree_go/include/unitree_go/unitree_go/msg/detail/audio_data__type_support.hpp\n'}
[1.116577] (unitree_go) StdoutLine: {'line': b'-- Up-to-date: /home/orin2/ros2_ws/install/unitree_go/include/unitree_go/unitree_go/msg/detail/motor_state__struct.hpp\n'}
[1.116900] (unitree_go) StdoutLine: {'line': b'-- Up-to-date: /home/orin2/ros2_ws/install/unitree_go/include/unitree_go/unitree_go/msg/detail/voxel_height_map_state__traits.hpp\n'}
[1.117104] (unitree_go) StdoutLine: {'line': b'-- Up-to-date: /home/orin2/ros2_ws/install/unitree_go/include/unitree_go/unitree_go/msg/detail/voxel_height_map_state__struct.hpp\n'}
[1.117376] (unitree_go) StdoutLine: {'line': b'-- Up-to-date: /home/orin2/ros2_ws/install/unitree_go/include/unitree_go/unitree_go/msg/detail/sport_mode_state__struct.hpp\n'}
[1.117809] (unitree_go) StdoutLine: {'line': b'-- Up-to-date: /home/orin2/ros2_ws/install/unitree_go/include/unitree_go/unitree_go/msg/detail/uwb_state__type_support.hpp\n'}
[1.118290] (unitree_go) StdoutLine: {'line': b'-- Up-to-date: /home/orin2/ros2_ws/install/unitree_go/include/unitree_go/unitree_go/msg/detail/lidar_state__builder.hpp\n'}
[1.118434] (unitree_go) StdoutLine: {'line': b'-- Up-to-date: /home/orin2/ros2_ws/install/unitree_go/include/unitree_go/unitree_go/msg/detail/voxel_height_map_state__builder.hpp\n'}
[1.118625] (unitree_go) StdoutLine: {'line': b'-- Up-to-date: /home/orin2/ros2_ws/install/unitree_go/include/unitree_go/unitree_go/msg/detail/go2_front_video_data__traits.hpp\n'}
[1.123538] (unitree_go) StdoutLine: {'line': b'-- Up-to-date: /home/orin2/ros2_ws/install/unitree_go/include/unitree_go/unitree_go/msg/detail/motor_cmds__type_support.hpp\n'}
[1.123776] (unitree_go) StdoutLine: {'line': b'-- Up-to-date: /home/orin2/ros2_ws/install/unitree_go/include/unitree_go/unitree_go/msg/detail/bms_state__struct.hpp\n'}
[1.130481] (unitree_go) StdoutLine: {'line': b'-- Up-to-date: /home/orin2/ros2_ws/install/unitree_go/include/unitree_go/unitree_go/msg/detail/sport_mode_cmd__builder.hpp\n'}
[1.131347] (unitree_go) StdoutLine: {'line': b'-- Up-to-date: /home/orin2/ros2_ws/install/unitree_go/include/unitree_go/unitree_go/msg/detail/height_map__type_support.hpp\n'}
[1.131877] (unitree_go) StdoutLine: {'line': b'-- Up-to-date: /home/orin2/ros2_ws/install/unitree_go/include/unitree_go/unitree_go/msg/detail/motor_cmds__builder.hpp\n'}
[1.132380] (unitree_go) StdoutLine: {'line': b'-- Up-to-date: /home/orin2/ros2_ws/install/unitree_go/include/unitree_go/unitree_go/msg/detail/low_state__struct.hpp\n'}
[1.132644] (unitree_go) StdoutLine: {'line': b'-- Up-to-date: /home/orin2/ros2_ws/install/unitree_go/include/unitree_go/unitree_go/msg/detail/go2_front_video_data__type_support.hpp\n'}
[1.132916] (unitree_go) StdoutLine: {'line': b'-- Up-to-date: /home/orin2/ros2_ws/install/unitree_go/include/unitree_go/unitree_go/msg/detail/error__type_support.hpp\n'}
[1.133141] (unitree_go) StdoutLine: {'line': b'-- Up-to-date: /home/orin2/ros2_ws/install/unitree_go/include/unitree_go/unitree_go/msg/detail/req__type_support.hpp\n'}
[1.133332] (unitree_go) StdoutLine: {'line': b'-- Up-to-date: /home/orin2/ros2_ws/install/unitree_go/include/unitree_go/unitree_go/msg/detail/motor_state__traits.hpp\n'}
[1.133533] (unitree_go) StdoutLine: {'line': b'-- Up-to-date: /home/orin2/ros2_ws/install/unitree_go/include/unitree_go/unitree_go/msg/detail/low_state__builder.hpp\n'}
[1.133732] (unitree_go) StdoutLine: {'line': b'-- Up-to-date: /home/orin2/ros2_ws/install/unitree_go/include/unitree_go/unitree_go/msg/detail/uwb_state__builder.hpp\n'}
[1.134128] (unitree_go) StdoutLine: {'line': b'-- Up-to-date: /home/orin2/ros2_ws/install/unitree_go/include/unitree_go/unitree_go/msg/detail/lidar_state__struct.hpp\n'}
[1.134335] (unitree_go) StdoutLine: {'line': b'-- Up-to-date: /home/orin2/ros2_ws/install/unitree_go/include/unitree_go/unitree_go/msg/detail/wireless_controller__type_support.hpp\n'}
[1.134505] (unitree_go) StdoutLine: {'line': b'-- Up-to-date: /home/orin2/ros2_ws/install/unitree_go/include/unitree_go/unitree_go/msg/detail/interface_config__traits.hpp\n'}
[1.134646] (unitree_go) StdoutLine: {'line': b'-- Up-to-date: /home/orin2/ros2_ws/install/unitree_go/include/unitree_go/unitree_go/msg/detail/low_cmd__traits.hpp\n'}
[1.134840] (unitree_go) StdoutLine: {'line': b'-- Up-to-date: /home/orin2/ros2_ws/install/unitree_go/include/unitree_go/unitree_go/msg/detail/interface_config__type_support.hpp\n'}
[1.135002] (unitree_go) StdoutLine: {'line': b'-- Up-to-date: /home/orin2/ros2_ws/install/unitree_go/include/unitree_go/unitree_go/msg/detail/motor_states__struct.hpp\n'}
[1.135153] (unitree_go) StdoutLine: {'line': b'-- Up-to-date: /home/orin2/ros2_ws/install/unitree_go/include/unitree_go/unitree_go/msg/detail/time_spec__traits.hpp\n'}
[1.135301] (unitree_go) StdoutLine: {'line': b'-- Up-to-date: /home/orin2/ros2_ws/install/unitree_go/include/unitree_go/unitree_go/msg/detail/web_rtc_req__builder.hpp\n'}
[1.135448] (unitree_go) StdoutLine: {'line': b'-- Up-to-date: /home/orin2/ros2_ws/install/unitree_go/include/unitree_go/unitree_go/msg/detail/audio_data__traits.hpp\n'}
[1.135608] (unitree_go) StdoutLine: {'line': b'-- Up-to-date: /home/orin2/ros2_ws/install/unitree_go/include/unitree_go/unitree_go/msg/detail/interface_config__builder.hpp\n'}
[1.135759] (unitree_go) StdoutLine: {'line': b'-- Up-to-date: /home/orin2/ros2_ws/install/unitree_go/include/unitree_go/unitree_go/msg/detail/voxel_map_compressed__builder.hpp\n'}
[1.135931] (unitree_go) StdoutLine: {'line': b'-- Up-to-date: /home/orin2/ros2_ws/install/unitree_go/include/unitree_go/unitree_go/msg/detail/interface_config__struct.hpp\n'}
[1.136100] (unitree_go) StdoutLine: {'line': b'-- Up-to-date: /home/orin2/ros2_ws/install/unitree_go/include/unitree_go/unitree_go/msg/detail/uwb_state__struct.hpp\n'}
[1.136235] (unitree_go) StdoutLine: {'line': b'-- Up-to-date: /home/orin2/ros2_ws/install/unitree_go/include/unitree_go/unitree_go/msg/detail/req__struct.hpp\n'}
[1.136380] (unitree_go) StdoutLine: {'line': b'-- Up-to-date: /home/orin2/ros2_ws/install/unitree_go/include/unitree_go/unitree_go/msg/detail/uwb_switch__traits.hpp\n'}
[1.136520] (unitree_go) StdoutLine: {'line': b'-- Up-to-date: /home/orin2/ros2_ws/install/unitree_go/include/unitree_go/unitree_go/msg/detail/audio_data__builder.hpp\n'}
[1.137336] (unitree_go) StdoutLine: {'line': b'-- Up-to-date: /home/orin2/ros2_ws/install/unitree_go/include/unitree_go/unitree_go/msg/detail/go2_front_video_data__builder.hpp\n'}
[1.137699] (unitree_go) StdoutLine: {'line': b'-- Up-to-date: /home/orin2/ros2_ws/install/unitree_go/include/unitree_go/unitree_go/msg/detail/uwb_state__traits.hpp\n'}
[1.138387] (unitree_go) StdoutLine: {'line': b'-- Up-to-date: /home/orin2/ros2_ws/install/unitree_go/include/unitree_go/unitree_go/msg/detail/uwb_switch__struct.hpp\n'}
[1.138550] (unitree_go) StdoutLine: {'line': b'-- Up-to-date: /home/orin2/ros2_ws/install/unitree_go/include/unitree_go/unitree_go/msg/detail/bms_cmd__builder.hpp\n'}
[1.138744] (unitree_go) StdoutLine: {'line': b'-- Up-to-date: /home/orin2/ros2_ws/install/unitree_go/include/unitree_go/unitree_go/msg/detail/req__traits.hpp\n'}
[1.143979] (unitree_go) StdoutLine: {'line': b'-- Up-to-date: /home/orin2/ros2_ws/install/unitree_go/include/unitree_go/unitree_go/msg/detail/sport_mode_cmd__struct.hpp\n'}
[1.144207] (unitree_go) StdoutLine: {'line': b'-- Up-to-date: /home/orin2/ros2_ws/install/unitree_go/include/unitree_go/unitree_go/msg/detail/bms_state__traits.hpp\n'}
[1.144354] (unitree_go) StdoutLine: {'line': b'-- Up-to-date: /home/orin2/ros2_ws/install/unitree_go/include/unitree_go/unitree_go/msg/detail/motor_states__traits.hpp\n'}
[1.145185] (unitree_go) StdoutLine: {'line': b'-- Up-to-date: /home/orin2/ros2_ws/install/unitree_go/include/unitree_go/unitree_go/msg/detail/uwb_switch__builder.hpp\n'}
[1.145367] (unitree_go) StdoutLine: {'line': b'-- Up-to-date: /home/orin2/ros2_ws/install/unitree_go/include/unitree_go/unitree_go/msg/detail/lidar_state__type_support.hpp\n'}
[1.145516] (unitree_go) StdoutLine: {'line': b'-- Up-to-date: /home/orin2/ros2_ws/install/unitree_go/include/unitree_go/unitree_go/msg/detail/low_cmd__struct.hpp\n'}
[1.145673] (unitree_go) StdoutLine: {'line': b'-- Up-to-date: /home/orin2/ros2_ws/install/unitree_go/include/unitree_go/unitree_go/msg/detail/error__traits.hpp\n'}
[1.145812] (unitree_go) StdoutLine: {'line': b'-- Up-to-date: /home/orin2/ros2_ws/install/unitree_go/include/unitree_go/unitree_go/msg/detail/imu_state__struct.hpp\n'}
[1.145931] (unitree_go) StdoutLine: {'line': b'-- Up-to-date: /home/orin2/ros2_ws/install/unitree_go/include/unitree_go/unitree_go/msg/detail/motor_cmd__builder.hpp\n'}
[1.146047] (unitree_go) StdoutLine: {'line': b'-- Up-to-date: /home/orin2/ros2_ws/install/unitree_go/include/unitree_go/unitree_go/msg/detail/motor_cmds__traits.hpp\n'}
[1.146215] (unitree_go) StdoutLine: {'line': b'-- Up-to-date: /home/orin2/ros2_ws/install/unitree_go/include/unitree_go/unitree_go/msg/detail/wireless_controller__builder.hpp\n'}
[1.146358] (unitree_go) StdoutLine: {'line': b'-- Up-to-date: /home/orin2/ros2_ws/install/unitree_go/include/unitree_go/unitree_go/msg/detail/res__traits.hpp\n'}
[1.146479] (unitree_go) StdoutLine: {'line': b'-- Up-to-date: /home/orin2/ros2_ws/install/unitree_go/include/unitree_go/unitree_go/msg/detail/sport_mode_state__type_support.hpp\n'}
[1.146597] (unitree_go) StdoutLine: {'line': b'-- Up-to-date: /home/orin2/ros2_ws/install/unitree_go/include/unitree_go/unitree_go/msg/detail/bms_state__builder.hpp\n'}
[1.146715] (unitree_go) StdoutLine: {'line': b'-- Up-to-date: /home/orin2/ros2_ws/install/unitree_go/include/unitree_go/unitree_go/msg/detail/time_spec__type_support.hpp\n'}
[1.146830] (unitree_go) StdoutLine: {'line': b'-- Up-to-date: /home/orin2/ros2_ws/install/unitree_go/include/unitree_go/unitree_go/msg/detail/path_point__builder.hpp\n'}
[1.146943] (unitree_go) StdoutLine: {'line': b'-- Up-to-date: /home/orin2/ros2_ws/install/unitree_go/include/unitree_go/unitree_go/msg/detail/web_rtc_req__type_support.hpp\n'}
[1.147055] (go2_interfaces) StdoutLine: {'line': b"Listing '/home/orin2/ros2_ws/install/go2_interfaces/local/lib/python3.10/dist-packages/go2_interfaces'...\n"}
[1.147193] (go2_interfaces) StdoutLine: {'line': b"Listing '/home/orin2/ros2_ws/install/go2_interfaces/local/lib/python3.10/dist-packages/go2_interfaces/msg'...\n"}
[1.147304] (unitree_go) StdoutLine: {'line': b'-- Up-to-date: /home/orin2/ros2_ws/install/unitree_go/include/unitree_go/unitree_go/msg/detail/motor_states__type_support.hpp\n'}
[1.147414] (unitree_go) StdoutLine: {'line': b'-- Up-to-date: /home/orin2/ros2_ws/install/unitree_go/include/unitree_go/unitree_go/msg/detail/sport_mode_state__builder.hpp\n'}
[1.147522] (unitree_go) StdoutLine: {'line': b'-- Up-to-date: /home/orin2/ros2_ws/install/unitree_go/include/unitree_go/unitree_go/msg/detail/wireless_controller__struct.hpp\n'}
[1.147637] (unitree_go) StdoutLine: {'line': b'-- Up-to-date: /home/orin2/ros2_ws/install/unitree_go/include/unitree_go/unitree_go/msg/detail/uwb_switch__type_support.hpp\n'}
[1.147746] (unitree_go) StdoutLine: {'line': b'-- Up-to-date: /home/orin2/ros2_ws/install/unitree_go/include/unitree_go/unitree_go/msg/detail/go2_front_video_data__struct.hpp\n'}
[1.147855] (unitree_go) StdoutLine: {'line': b'-- Up-to-date: /home/orin2/ros2_ws/install/unitree_go/include/unitree_go/unitree_go/msg/detail/motor_cmd__traits.hpp\n'}
[1.147965] (unitree_go) StdoutLine: {'line': b'-- Up-to-date: /home/orin2/ros2_ws/install/unitree_go/include/unitree_go/unitree_go/msg/detail/web_rtc_req__traits.hpp\n'}
[1.148076] (unitree_go) StdoutLine: {'line': b'-- Up-to-date: /home/orin2/ros2_ws/install/unitree_go/include/unitree_go/unitree_go/msg/detail/voxel_map_compressed__struct.hpp\n'}
[1.148186] (unitree_go) StdoutLine: {'line': b'-- Up-to-date: /home/orin2/ros2_ws/install/unitree_go/include/unitree_go/unitree_go/msg/detail/bms_cmd__traits.hpp\n'}
[1.148296] (unitree_go) StdoutLine: {'line': b'-- Up-to-date: /home/orin2/ros2_ws/install/unitree_go/include/unitree_go/unitree_go/msg/detail/time_spec__struct.hpp\n'}
[1.148404] (unitree_go) StdoutLine: {'line': b'-- Up-to-date: /home/orin2/ros2_ws/install/unitree_go/include/unitree_go/unitree_go/msg/detail/path_point__type_support.hpp\n'}
[1.148520] (unitree_go) StdoutLine: {'line': b'-- Up-to-date: /home/orin2/ros2_ws/install/unitree_go/include/unitree_go/unitree_go/msg/detail/bms_cmd__struct.hpp\n'}
[1.148658] (unitree_go) StdoutLine: {'line': b'-- Up-to-date: /home/orin2/ros2_ws/install/unitree_go/include/unitree_go/unitree_go/msg/detail/height_map__traits.hpp\n'}
[1.148780] (unitree_go) StdoutLine: {'line': b'-- Up-to-date: /home/orin2/ros2_ws/install/unitree_go/include/unitree_go/unitree_go/msg/detail/time_spec__builder.hpp\n'}
[1.148896] (unitree_go) StdoutLine: {'line': b'-- Up-to-date: /home/orin2/ros2_ws/install/unitree_go/include/unitree_go/unitree_go/msg/detail/sport_mode_cmd__traits.hpp\n'}
[1.149002] (unitree_go) StdoutLine: {'line': b'-- Up-to-date: /home/orin2/ros2_ws/install/unitree_go/include/unitree_go/unitree_go/msg/detail/bms_state__type_support.hpp\n'}
[1.149110] (unitree_go) StdoutLine: {'line': b'-- Up-to-date: /home/orin2/ros2_ws/install/unitree_go/include/unitree_go/unitree_go/msg/detail/motor_states__builder.hpp\n'}
[1.149221] (unitree_go) StdoutLine: {'line': b'-- Up-to-date: /home/orin2/ros2_ws/install/unitree_go/include/unitree_go/unitree_go/msg/motor_state.hpp\n'}
[1.149326] (unitree_go) StdoutLine: {'line': b'-- Up-to-date: /home/orin2/ros2_ws/install/unitree_go/include/unitree_go/unitree_go/msg/rosidl_generator_cpp__visibility_control.hpp\n'}
[1.149469] (unitree_go) StdoutLine: {'line': b'-- Up-to-date: /home/orin2/ros2_ws/install/unitree_go/include/unitree_go/unitree_go/msg/res.hpp\n'}
[1.149587] (unitree_go) StdoutLine: {'line': b'-- Up-to-date: /home/orin2/ros2_ws/install/unitree_go/include/unitree_go/unitree_go/msg/uwb_switch.hpp\n'}
[1.149698] (unitree_go) StdoutLine: {'line': b'-- Up-to-date: /home/orin2/ros2_ws/install/unitree_go/include/unitree_go/unitree_go/msg/web_rtc_req.hpp\n'}
[1.149803] (unitree_go) StdoutLine: {'line': b'-- Up-to-date: /home/orin2/ros2_ws/install/unitree_go/include/unitree_go/unitree_go/msg/path_point.hpp\n'}
[1.149910] (unitree_go) StdoutLine: {'line': b'-- Up-to-date: /home/orin2/ros2_ws/install/unitree_go/include/unitree_go/unitree_go/msg/req.hpp\n'}
[1.150016] (unitree_go) StdoutLine: {'line': b'-- Up-to-date: /home/orin2/ros2_ws/install/unitree_go/include/unitree_go/unitree_go/msg/error.hpp\n'}
[1.150124] (unitree_go) StdoutLine: {'line': b'-- Up-to-date: /home/orin2/ros2_ws/install/unitree_go/include/unitree_go/unitree_go/msg/motor_states.hpp\n'}
[1.163365] (unitree_go) StdoutLine: {'line': b'-- Up-to-date: /home/orin2/ros2_ws/install/unitree_go/include/unitree_go/unitree_go/msg/audio_data.hpp\n'}
[1.164533] (unitree_go) StdoutLine: {'line': b'-- Up-to-date: /home/orin2/ros2_ws/install/unitree_go/include/unitree_go/unitree_go/msg/time_spec.hpp\n'}
[1.165429] (unitree_go) StdoutLine: {'line': b'-- Up-to-date: /home/orin2/ros2_ws/install/unitree_go/include/unitree_go/unitree_go/msg/voxel_map_compressed.hpp\n'}
[1.165576] (unitree_go) StdoutLine: {'line': b'-- Up-to-date: /home/orin2/ros2_ws/install/unitree_go/include/unitree_go/unitree_go/msg/sport_mode_cmd.hpp\n'}
[1.165703] (unitree_go) StdoutLine: {'line': b'-- Up-to-date: /home/orin2/ros2_ws/install/unitree_go/include/unitree_go/unitree_go\n'}
[1.165823] (unitree_go) StdoutLine: {'line': b'-- Up-to-date: /home/orin2/ros2_ws/install/unitree_go/include/unitree_go/unitree_go/msg\n'}
[1.165941] (unitree_go) StdoutLine: {'line': b'-- Up-to-date: /home/orin2/ros2_ws/install/unitree_go/include/unitree_go/unitree_go/msg/rosidl_typesupport_fastrtps_cpp__visibility_control.h\n'}
[1.166056] (unitree_go) StdoutLine: {'line': b'-- Up-to-date: /home/orin2/ros2_ws/install/unitree_go/include/unitree_go/unitree_go/msg/detail\n'}
[1.166195] (unitree_go) StdoutLine: {'line': b'-- Up-to-date: /home/orin2/ros2_ws/install/unitree_go/include/unitree_go/unitree_go/msg/detail/uwb_state__rosidl_typesupport_fastrtps_cpp.hpp\n'}
[1.166442] (unitree_go) StdoutLine: {'line': b'-- Up-to-date: /home/orin2/ros2_ws/install/unitree_go/include/unitree_go/unitree_go/msg/detail/low_state__rosidl_typesupport_fastrtps_cpp.hpp\n'}
[1.166604] (unitree_go) StdoutLine: {'line': b'-- Up-to-date: /home/orin2/ros2_ws/install/unitree_go/include/unitree_go/unitree_go/msg/detail/low_cmd__rosidl_typesupport_fastrtps_cpp.hpp\n'}
[1.166887] (unitree_go) StdoutLine: {'line': b'-- Up-to-date: /home/orin2/ros2_ws/install/unitree_go/include/unitree_go/unitree_go/msg/detail/imu_state__rosidl_typesupport_fastrtps_cpp.hpp\n'}
[1.167009] (unitree_go) StdoutLine: {'line': b'-- Up-to-date: /home/orin2/ros2_ws/install/unitree_go/include/unitree_go/unitree_go/msg/detail/height_map__rosidl_typesupport_fastrtps_cpp.hpp\n'}
[1.167123] (unitree_go) StdoutLine: {'line': b'-- Up-to-date: /home/orin2/ros2_ws/install/unitree_go/include/unitree_go/unitree_go/msg/detail/web_rtc_req__rosidl_typesupport_fastrtps_cpp.hpp\n'}
[1.167236] (unitree_go) StdoutLine: {'line': b'-- Up-to-date: /home/orin2/ros2_ws/install/unitree_go/include/unitree_go/unitree_go/msg/detail/audio_data__rosidl_typesupport_fastrtps_cpp.hpp\n'}
[1.167942] (unitree_go) StdoutLine: {'line': b'-- Up-to-date: /home/orin2/ros2_ws/install/unitree_go/include/unitree_go/unitree_go/msg/detail/lidar_state__rosidl_typesupport_fastrtps_cpp.hpp\n'}
[1.169041] (unitree_go) StdoutLine: {'line': b'-- Up-to-date: /home/orin2/ros2_ws/install/unitree_go/include/unitree_go/unitree_go/msg/detail/req__rosidl_typesupport_fastrtps_cpp.hpp\n'}
[1.169240] (unitree_go) StdoutLine: {'line': b'-- Up-to-date: /home/orin2/ros2_ws/install/unitree_go/include/unitree_go/unitree_go/msg/detail/res__rosidl_typesupport_fastrtps_cpp.hpp\n'}
[1.169442] (unitree_go) StdoutLine: {'line': b'-- Up-to-date: /home/orin2/ros2_ws/install/unitree_go/include/unitree_go/unitree_go/msg/detail/go2_front_video_data__rosidl_typesupport_fastrtps_cpp.hpp\n'}
[1.171020] (unitree_go) StdoutLine: {'line': b'-- Up-to-date: /home/orin2/ros2_ws/install/unitree_go/include/unitree_go/unitree_go/msg/detail/wireless_controller__rosidl_typesupport_fastrtps_cpp.hpp\n'}
[1.171511] (unitree_go) StdoutLine: {'line': b'-- Up-to-date: /home/orin2/ros2_ws/install/unitree_go/include/unitree_go/unitree_go/msg/detail/bms_cmd__rosidl_typesupport_fastrtps_cpp.hpp\n'}
[1.171965] (unitree_go) StdoutLine: {'line': b'-- Up-to-date: /home/orin2/ros2_ws/install/unitree_go/include/unitree_go/unitree_go/msg/detail/voxel_height_map_state__rosidl_typesupport_fastrtps_cpp.hpp\n'}
[1.172196] (unitree_go) StdoutLine: {'line': b'-- Up-to-date: /home/orin2/ros2_ws/install/unitree_go/include/unitree_go/unitree_go/msg/detail/motor_cmd__rosidl_typesupport_fastrtps_cpp.hpp\n'}
[1.172888] (unitree_go) StdoutLine: {'line': b'-- Up-to-date: /home/orin2/ros2_ws/install/unitree_go/include/unitree_go/unitree_go/msg/detail/motor_states__rosidl_typesupport_fastrtps_cpp.hpp\n'}
[1.173680] (unitree_go) StdoutLine: {'line': b'-- Up-to-date: /home/orin2/ros2_ws/install/unitree_go/include/unitree_go/unitree_go/msg/detail/bms_state__rosidl_typesupport_fastrtps_cpp.hpp\n'}
[1.174093] (unitree_go) StdoutLine: {'line': b'-- Up-to-date: /home/orin2/ros2_ws/install/unitree_go/include/unitree_go/unitree_go/msg/detail/dds_fastrtps\n'}
[1.174758] (unitree_go) StdoutLine: {'line': b'-- Up-to-date: /home/orin2/ros2_ws/install/unitree_go/include/unitree_go/unitree_go/msg/detail/error__rosidl_typesupport_fastrtps_cpp.hpp\n'}
[1.175487] (unitree_go) StdoutLine: {'line': b'-- Up-to-date: /home/orin2/ros2_ws/install/unitree_go/include/unitree_go/unitree_go/msg/detail/path_point__rosidl_typesupport_fastrtps_cpp.hpp\n'}
[1.175849] (unitree_go) StdoutLine: {'line': b'-- Up-to-date: /home/orin2/ros2_ws/install/unitree_go/include/unitree_go/unitree_go/msg/detail/motor_cmds__rosidl_typesupport_fastrtps_cpp.hpp\n'}
[1.176507] (unitree_go) StdoutLine: {'line': b'-- Up-to-date: /home/orin2/ros2_ws/install/unitree_go/include/unitree_go/unitree_go/msg/detail/sport_mode_cmd__rosidl_typesupport_fastrtps_cpp.hpp\n'}
[1.176903] (unitree_go) StdoutLine: {'line': b'-- Up-to-date: /home/orin2/ros2_ws/install/unitree_go/include/unitree_go/unitree_go/msg/detail/voxel_map_compressed__rosidl_typesupport_fastrtps_cpp.hpp\n'}
[1.177504] (unitree_go) StdoutLine: {'line': b'-- Up-to-date: /home/orin2/ros2_ws/install/unitree_go/include/unitree_go/unitree_go/msg/detail/interface_config__rosidl_typesupport_fastrtps_cpp.hpp\n'}
[1.177812] (unitree_go) StdoutLine: {'line': b'-- Up-to-date: /home/orin2/ros2_ws/install/unitree_go/include/unitree_go/unitree_go/msg/detail/sport_mode_state__rosidl_typesupport_fastrtps_cpp.hpp\n'}
[1.177984] (unitree_go) StdoutLine: {'line': b'-- Up-to-date: /home/orin2/ros2_ws/install/unitree_go/include/unitree_go/unitree_go/msg/detail/motor_state__rosidl_typesupport_fastrtps_cpp.hpp\n'}
[1.178216] (unitree_go) StdoutLine: {'line': b'-- Up-to-date: /home/orin2/ros2_ws/install/unitree_go/include/unitree_go/unitree_go/msg/detail/uwb_switch__rosidl_typesupport_fastrtps_cpp.hpp\n'}
[1.178413] (unitree_go) StdoutLine: {'line': b'-- Up-to-date: /home/orin2/ros2_ws/install/unitree_go/include/unitree_go/unitree_go/msg/detail/time_spec__rosidl_typesupport_fastrtps_cpp.hpp\n'}
[1.178581] (unitree_go) StdoutLine: {'line': b'-- Up-to-date: /home/orin2/ros2_ws/install/unitree_go/lib/libunitree_go__rosidl_typesupport_fastrtps_cpp.so\n'}
[1.178782] (unitree_go) StdoutLine: {'line': b'-- Up-to-date: /home/orin2/ros2_ws/install/unitree_go/include/unitree_go/unitree_go\n'}
[1.178981] (unitree_go) StdoutLine: {'line': b'-- Up-to-date: /home/orin2/ros2_ws/install/unitree_go/include/unitree_go/unitree_go/msg\n'}
[1.179164] (unitree_go) StdoutLine: {'line': b'-- Up-to-date: /home/orin2/ros2_ws/install/unitree_go/include/unitree_go/unitree_go/msg/detail\n'}
[1.179329] (unitree_go) StdoutLine: {'line': b'-- Up-to-date: /home/orin2/ros2_ws/install/unitree_go/include/unitree_go/unitree_go/msg/detail/uwb_state__type_support.cpp\n'}
[1.179481] (unitree_go) StdoutLine: {'line': b'-- Up-to-date: /home/orin2/ros2_ws/install/unitree_go/include/unitree_go/unitree_go/msg/detail/motor_cmds__rosidl_typesupport_introspection_cpp.hpp\n'}
[1.179673] (unitree_go) StdoutLine: {'line': b'-- Up-to-date: /home/orin2/ros2_ws/install/unitree_go/include/unitree_go/unitree_go/msg/detail/imu_state__type_support.cpp\n'}
[1.179836] (unitree_go) StdoutLine: {'line': b'-- Up-to-date: /home/orin2/ros2_ws/install/unitree_go/include/unitree_go/unitree_go/msg/detail/low_cmd__rosidl_typesupport_introspection_cpp.hpp\n'}
[1.180023] (unitree_go) StdoutLine: {'line': b'-- Up-to-date: /home/orin2/ros2_ws/install/unitree_go/include/unitree_go/unitree_go/msg/detail/go2_front_video_data__rosidl_typesupport_introspection_cpp.hpp\n'}
[1.180287] (unitree_go) StdoutLine: {'line': b'-- Up-to-date: /home/orin2/ros2_ws/install/unitree_go/include/unitree_go/unitree_go/msg/detail/error__type_support.cpp\n'}
[1.180406] (unitree_go) StdoutLine: {'line': b'-- Up-to-date: /home/orin2/ros2_ws/install/unitree_go/include/unitree_go/unitree_go/msg/detail/uwb_state__rosidl_typesupport_introspection_cpp.hpp\n'}
[1.180521] (unitree_go) StdoutLine: {'line': b'-- Up-to-date: /home/orin2/ros2_ws/install/unitree_go/include/unitree_go/unitree_go/msg/detail/wireless_controller__rosidl_typesupport_introspection_cpp.hpp\n'}
[1.180670] (unitree_go) StdoutLine: {'line': b'-- Up-to-date: /home/orin2/ros2_ws/install/unitree_go/include/unitree_go/unitree_go/msg/detail/audio_data__rosidl_typesupport_introspection_cpp.hpp\n'}
[1.180791] (unitree_go) StdoutLine: {'line': b'-- Up-to-date: /home/orin2/ros2_ws/install/unitree_go/include/unitree_go/unitree_go/msg/detail/lidar_state__type_support.cpp\n'}
[1.180910] (unitree_go) StdoutLine: {'line': b'-- Up-to-date: /home/orin2/ros2_ws/install/unitree_go/include/unitree_go/unitree_go/msg/detail/motor_cmd__type_support.cpp\n'}
[1.181023] (unitree_go) StdoutLine: {'line': b'-- Up-to-date: /home/orin2/ros2_ws/install/unitree_go/include/unitree_go/unitree_go/msg/detail/voxel_height_map_state__rosidl_typesupport_introspection_cpp.hpp\n'}
[1.181179] (unitree_go) StdoutLine: {'line': b'-- Up-to-date: /home/orin2/ros2_ws/install/unitree_go/include/unitree_go/unitree_go/msg/detail/go2_front_video_data__type_support.cpp\n'}
[1.181334] (unitree_go) StdoutLine: {'line': b'-- Up-to-date: /home/orin2/ros2_ws/install/unitree_go/include/unitree_go/unitree_go/msg/detail/wireless_controller__type_support.cpp\n'}
[1.181467] (unitree_go) StdoutLine: {'line': b'-- Up-to-date: /home/orin2/ros2_ws/install/unitree_go/include/unitree_go/unitree_go/msg/detail/motor_cmd__rosidl_typesupport_introspection_cpp.hpp\n'}
[1.181595] (unitree_go) StdoutLine: {'line': b'-- Up-to-date: /home/orin2/ros2_ws/install/unitree_go/include/unitree_go/unitree_go/msg/detail/height_map__rosidl_typesupport_introspection_cpp.hpp\n'}
[1.181744] (unitree_go) StdoutLine: {'line': b'-- Up-to-date: /home/orin2/ros2_ws/install/unitree_go/include/unitree_go/unitree_go/msg/detail/low_cmd__type_support.cpp\n'}
[1.181904] (unitree_go) StdoutLine: {'line': b'-- Up-to-date: /home/orin2/ros2_ws/install/unitree_go/include/unitree_go/unitree_go/msg/detail/sport_mode_state__rosidl_typesupport_introspection_cpp.hpp\n'}
[1.182028] (unitree_go) StdoutLine: {'line': b'-- Up-to-date: /home/orin2/ros2_ws/install/unitree_go/include/unitree_go/unitree_go/msg/detail/voxel_height_map_state__type_support.cpp\n'}
[1.182393] (unitree_go) StdoutLine: {'line': b'-- Up-to-date: /home/orin2/ros2_ws/install/unitree_go/include/unitree_go/unitree_go/msg/detail/uwb_switch__rosidl_typesupport_introspection_cpp.hpp\n'}
[1.182614] (unitree_go) StdoutLine: {'line': b'-- Up-to-date: /home/orin2/ros2_ws/install/unitree_go/include/unitree_go/unitree_go/msg/detail/voxel_map_compressed__type_support.cpp\n'}
[1.182734] (unitree_go) StdoutLine: {'line': b'-- Up-to-date: /home/orin2/ros2_ws/install/unitree_go/include/unitree_go/unitree_go/msg/detail/req__rosidl_typesupport_introspection_cpp.hpp\n'}
[1.182851] (unitree_go) StdoutLine: {'line': b'-- Up-to-date: /home/orin2/ros2_ws/install/unitree_go/include/unitree_go/unitree_go/msg/detail/low_state__type_support.cpp\n'}
[1.183017] (unitree_go) StdoutLine: {'line': b'-- Up-to-date: /home/orin2/ros2_ws/install/unitree_go/include/unitree_go/unitree_go/msg/detail/time_spec__rosidl_typesupport_introspection_cpp.hpp\n'}
[1.183175] (unitree_go) StdoutLine: {'line': b'-- Up-to-date: /home/orin2/ros2_ws/install/unitree_go/include/unitree_go/unitree_go/msg/detail/interface_config__type_support.cpp\n'}
[1.183292] (unitree_go) StdoutLine: {'line': b'-- Up-to-date: /home/orin2/ros2_ws/install/unitree_go/include/unitree_go/unitree_go/msg/detail/height_map__type_support.cpp\n'}
[1.183475] (unitree_go) StdoutLine: {'line': b'-- Up-to-date: /home/orin2/ros2_ws/install/unitree_go/include/unitree_go/unitree_go/msg/detail/path_point__type_support.cpp\n'}
[1.183597] (unitree_go) StdoutLine: {'line': b'-- Up-to-date: /home/orin2/ros2_ws/install/unitree_go/include/unitree_go/unitree_go/msg/detail/req__type_support.cpp\n'}
[1.183713] (unitree_go) StdoutLine: {'line': b'-- Up-to-date: /home/orin2/ros2_ws/install/unitree_go/include/unitree_go/unitree_go/msg/detail/low_state__rosidl_typesupport_introspection_cpp.hpp\n'}
[1.183824] (unitree_go) StdoutLine: {'line': b'-- Up-to-date: /home/orin2/ros2_ws/install/unitree_go/include/unitree_go/unitree_go/msg/detail/imu_state__rosidl_typesupport_introspection_cpp.hpp\n'}
[1.183934] (unitree_go) StdoutLine: {'line': b'-- Up-to-date: /home/orin2/ros2_ws/install/unitree_go/include/unitree_go/unitree_go/msg/detail/sport_mode_cmd__rosidl_typesupport_introspection_cpp.hpp\n'}
[1.184108] (unitree_go) StdoutLine: {'line': b'-- Up-to-date: /home/orin2/ros2_ws/install/unitree_go/include/unitree_go/unitree_go/msg/detail/bms_cmd__type_support.cpp\n'}
[1.184273] (unitree_go) StdoutLine: {'line': b'-- Up-to-date: /home/orin2/ros2_ws/install/unitree_go/include/unitree_go/unitree_go/msg/detail/path_point__rosidl_typesupport_introspection_cpp.hpp\n'}
[1.184391] (unitree_go) StdoutLine: {'line': b'-- Up-to-date: /home/orin2/ros2_ws/install/unitree_go/include/unitree_go/unitree_go/msg/detail/motor_state__rosidl_typesupport_introspection_cpp.hpp\n'}
[1.184510] (unitree_go) StdoutLine: {'line': b'-- Up-to-date: /home/orin2/ros2_ws/install/unitree_go/include/unitree_go/unitree_go/msg/detail/bms_state__type_support.cpp\n'}
[1.184624] (unitree_go) StdoutLine: {'line': b'-- Up-to-date: /home/orin2/ros2_ws/install/unitree_go/include/unitree_go/unitree_go/msg/detail/sport_mode_cmd__type_support.cpp\n'}
[1.184840] (unitree_go) StdoutLine: {'line': b'-- Up-to-date: /home/orin2/ros2_ws/install/unitree_go/include/unitree_go/unitree_go/msg/detail/motor_cmds__type_support.cpp\n'}
[1.184983] (unitree_go) StdoutLine: {'line': b'-- Up-to-date: /home/orin2/ros2_ws/install/unitree_go/include/unitree_go/unitree_go/msg/detail/time_spec__type_support.cpp\n'}
[1.185098] (unitree_go) StdoutLine: {'line': b'-- Up-to-date: /home/orin2/ros2_ws/install/unitree_go/include/unitree_go/unitree_go/msg/detail/uwb_switch__type_support.cpp\n'}
[1.185253] (unitree_go) StdoutLine: {'line': b'-- Up-to-date: /home/orin2/ros2_ws/install/unitree_go/include/unitree_go/unitree_go/msg/detail/audio_data__type_support.cpp\n'}
[1.185418] (unitree_go) StdoutLine: {'line': b'-- Up-to-date: /home/orin2/ros2_ws/install/unitree_go/include/unitree_go/unitree_go/msg/detail/motor_states__type_support.cpp\n'}
[1.185533] (unitree_go) StdoutLine: {'line': b'-- Up-to-date: /home/orin2/ros2_ws/install/unitree_go/include/unitree_go/unitree_go/msg/detail/sport_mode_state__type_support.cpp\n'}
[1.185664] (unitree_go) StdoutLine: {'line': b'-- Up-to-date: /home/orin2/ros2_ws/install/unitree_go/include/unitree_go/unitree_go/msg/detail/web_rtc_req__rosidl_typesupport_introspection_cpp.hpp\n'}
[1.185834] (unitree_go) StdoutLine: {'line': b'-- Up-to-date: /home/orin2/ros2_ws/install/unitree_go/include/unitree_go/unitree_go/msg/detail/motor_states__rosidl_typesupport_introspection_cpp.hpp\n'}
[1.185990] (unitree_go) StdoutLine: {'line': b'-- Up-to-date: /home/orin2/ros2_ws/install/unitree_go/include/unitree_go/unitree_go/msg/detail/motor_state__type_support.cpp\n'}
[1.186170] (unitree_go) StdoutLine: {'line': b'-- Up-to-date: /home/orin2/ros2_ws/install/unitree_go/include/unitree_go/unitree_go/msg/detail/bms_cmd__rosidl_typesupport_introspection_cpp.hpp\n'}
[1.186363] (unitree_go) StdoutLine: {'line': b'-- Up-to-date: /home/orin2/ros2_ws/install/unitree_go/include/unitree_go/unitree_go/msg/detail/web_rtc_req__type_support.cpp\n'}
[1.186540] (unitree_go) StdoutLine: {'line': b'-- Up-to-date: /home/orin2/ros2_ws/install/unitree_go/include/unitree_go/unitree_go/msg/detail/res__type_support.cpp\n'}
[1.186703] (unitree_go) StdoutLine: {'line': b'-- Up-to-date: /home/orin2/ros2_ws/install/unitree_go/include/unitree_go/unitree_go/msg/detail/lidar_state__rosidl_typesupport_introspection_cpp.hpp\n'}
[1.186888] (unitree_go) StdoutLine: {'line': b'-- Up-to-date: /home/orin2/ros2_ws/install/unitree_go/include/unitree_go/unitree_go/msg/detail/interface_config__rosidl_typesupport_introspection_cpp.hpp\n'}
[1.187076] (unitree_go) StdoutLine: {'line': b'-- Up-to-date: /home/orin2/ros2_ws/install/unitree_go/include/unitree_go/unitree_go/msg/detail/error__rosidl_typesupport_introspection_cpp.hpp\n'}
[1.187238] (unitree_go) StdoutLine: {'line': b'-- Up-to-date: /home/orin2/ros2_ws/install/unitree_go/include/unitree_go/unitree_go/msg/detail/res__rosidl_typesupport_introspection_cpp.hpp\n'}
[1.187354] (unitree_go) StdoutLine: {'line': b'-- Up-to-date: /home/orin2/ros2_ws/install/unitree_go/include/unitree_go/unitree_go/msg/detail/voxel_map_compressed__rosidl_typesupport_introspection_cpp.hpp\n'}
[1.187466] (unitree_go) StdoutLine: {'line': b'-- Up-to-date: /home/orin2/ros2_ws/install/unitree_go/include/unitree_go/unitree_go/msg/detail/bms_state__rosidl_typesupport_introspection_cpp.hpp\n'}
[1.187576] (unitree_go) StdoutLine: {'line': b'-- Up-to-date: /home/orin2/ros2_ws/install/unitree_go/lib/libunitree_go__rosidl_typesupport_introspection_cpp.so\n'}
[1.187687] (unitree_go) StdoutLine: {'line': b'-- Up-to-date: /home/orin2/ros2_ws/install/unitree_go/lib/libunitree_go__rosidl_typesupport_cpp.so\n'}
[1.187799] (unitree_go) StdoutLine: {'line': b'-- Up-to-date: /home/orin2/ros2_ws/install/unitree_go/share/unitree_go/environment/pythonpath.sh\n'}
[1.187912] (unitree_go) StdoutLine: {'line': b'-- Up-to-date: /home/orin2/ros2_ws/install/unitree_go/share/unitree_go/environment/pythonpath.dsv\n'}
[1.188028] (unitree_go) StdoutLine: {'line': b'-- Up-to-date: /home/orin2/ros2_ws/install/unitree_go/local/lib/python3.10/dist-packages/unitree_go-0.0.0-py3.10.egg-info\n'}
[1.188156] (unitree_go) StdoutLine: {'line': b'-- Installing: /home/orin2/ros2_ws/install/unitree_go/local/lib/python3.10/dist-packages/unitree_go-0.0.0-py3.10.egg-info/dependency_links.txt\n'}
[1.188268] (unitree_go) StdoutLine: {'line': b'-- Installing: /home/orin2/ros2_ws/install/unitree_go/local/lib/python3.10/dist-packages/unitree_go-0.0.0-py3.10.egg-info/SOURCES.txt\n'}
[1.188377] (unitree_go) StdoutLine: {'line': b'-- Installing: /home/orin2/ros2_ws/install/unitree_go/local/lib/python3.10/dist-packages/unitree_go-0.0.0-py3.10.egg-info/PKG-INFO\n'}
[1.188487] (unitree_go) StdoutLine: {'line': b'-- Installing: /home/orin2/ros2_ws/install/unitree_go/local/lib/python3.10/dist-packages/unitree_go-0.0.0-py3.10.egg-info/top_level.txt\n'}
[1.188596] (unitree_go) StdoutLine: {'line': b'-- Up-to-date: /home/orin2/ros2_ws/install/unitree_go/local/lib/python3.10/dist-packages/unitree_go\n'}
[1.188707] (unitree_go) StdoutLine: {'line': b'-- Up-to-date: /home/orin2/ros2_ws/install/unitree_go/local/lib/python3.10/dist-packages/unitree_go/_unitree_go_s.ep.rosidl_typesupport_c.c\n'}
[1.188817] (unitree_go) StdoutLine: {'line': b'-- Up-to-date: /home/orin2/ros2_ws/install/unitree_go/local/lib/python3.10/dist-packages/unitree_go/unitree_go_s__rosidl_typesupport_fastrtps_c.cpython-310-aarch64-linux-gnu.so\n'}
[1.188932] (unitree_go) StdoutLine: {'line': b'-- Up-to-date: /home/orin2/ros2_ws/install/unitree_go/local/lib/python3.10/dist-packages/unitree_go/_unitree_go_s.ep.rosidl_typesupport_introspection_c.c\n'}
[1.189043] (unitree_go) StdoutLine: {'line': b'-- Up-to-date: /home/orin2/ros2_ws/install/unitree_go/local/lib/python3.10/dist-packages/unitree_go/_unitree_go_s.ep.rosidl_typesupport_fastrtps_c.c\n'}
[1.189151] (unitree_go) StdoutLine: {'line': b'-- Up-to-date: /home/orin2/ros2_ws/install/unitree_go/local/lib/python3.10/dist-packages/unitree_go/libunitree_go__rosidl_generator_py.so\n'}
[1.189261] (unitree_go) StdoutLine: {'line': b'-- Up-to-date: /home/orin2/ros2_ws/install/unitree_go/local/lib/python3.10/dist-packages/unitree_go/unitree_go_s__rosidl_typesupport_c.cpython-310-aarch64-linux-gnu.so\n'}
[1.189372] (unitree_go) StdoutLine: {'line': b'-- Up-to-date: /home/orin2/ros2_ws/install/unitree_go/local/lib/python3.10/dist-packages/unitree_go/unitree_go_s__rosidl_typesupport_introspection_c.cpython-310-aarch64-linux-gnu.so\n'}
[1.189493] (unitree_go) StdoutLine: {'line': b'-- Up-to-date: /home/orin2/ros2_ws/install/unitree_go/local/lib/python3.10/dist-packages/unitree_go/msg\n'}
[1.189604] (unitree_go) StdoutLine: {'line': b'-- Up-to-date: /home/orin2/ros2_ws/install/unitree_go/local/lib/python3.10/dist-packages/unitree_go/msg/_go2_front_video_data_s.c\n'}
[1.190322] (unitree_go) StdoutLine: {'line': b'-- Up-to-date: /home/orin2/ros2_ws/install/unitree_go/local/lib/python3.10/dist-packages/unitree_go/msg/_req_s.c\n'}
[1.190501] (unitree_go) StdoutLine: {'line': b'-- Up-to-date: /home/orin2/ros2_ws/install/unitree_go/local/lib/python3.10/dist-packages/unitree_go/msg/_low_cmd.py\n'}
[1.190628] (unitree_go) StdoutLine: {'line': b'-- Up-to-date: /home/orin2/ros2_ws/install/unitree_go/local/lib/python3.10/dist-packages/unitree_go/msg/_uwb_switch_s.c\n'}
[1.190745] (unitree_go) StdoutLine: {'line': b'-- Up-to-date: /home/orin2/ros2_ws/install/unitree_go/local/lib/python3.10/dist-packages/unitree_go/msg/_motor_cmd.py\n'}
[1.192153] (unitree_go) StdoutLine: {'line': b'-- Up-to-date: /home/orin2/ros2_ws/install/unitree_go/local/lib/python3.10/dist-packages/unitree_go/msg/_sport_mode_cmd.py\n'}
[1.194161] (unitree_go) StdoutLine: {'line': b'-- Up-to-date: /home/orin2/ros2_ws/install/unitree_go/local/lib/python3.10/dist-packages/unitree_go/msg/_lidar_state.py\n'}
[1.194498] (unitree_go) StdoutLine: {'line': b'-- Up-to-date: /home/orin2/ros2_ws/install/unitree_go/local/lib/python3.10/dist-packages/unitree_go/msg/_motor_state.py\n'}
[1.194693] (unitree_go) StdoutLine: {'line': b'-- Up-to-date: /home/orin2/ros2_ws/install/unitree_go/local/lib/python3.10/dist-packages/unitree_go/msg/_uwb_state_s.c\n'}
[1.194833] (unitree_go) StdoutLine: {'line': b'-- Up-to-date: /home/orin2/ros2_ws/install/unitree_go/local/lib/python3.10/dist-packages/unitree_go/msg/_imu_state.py\n'}
[1.195117] (unitree_go) StdoutLine: {'line': b'-- Up-to-date: /home/orin2/ros2_ws/install/unitree_go/local/lib/python3.10/dist-packages/unitree_go/msg/_wireless_controller.py\n'}
[1.195388] (unitree_go) StdoutLine: {'line': b'-- Up-to-date: /home/orin2/ros2_ws/install/unitree_go/local/lib/python3.10/dist-packages/unitree_go/msg/_bms_cmd_s.c\n'}
[1.195652] (unitree_go) StdoutLine: {'line': b'-- Up-to-date: /home/orin2/ros2_ws/install/unitree_go/local/lib/python3.10/dist-packages/unitree_go/msg/_motor_cmds_s.c\n'}
[1.195970] (unitree_go) StdoutLine: {'line': b'-- Up-to-date: /home/orin2/ros2_ws/install/unitree_go/local/lib/python3.10/dist-packages/unitree_go/msg/_bms_state_s.c\n'}
[1.196143] (unitree_go) StdoutLine: {'line': b'-- Up-to-date: /home/orin2/ros2_ws/install/unitree_go/local/lib/python3.10/dist-packages/unitree_go/msg/_low_state.py\n'}
[1.196398] (unitree_go) StdoutLine: {'line': b'-- Up-to-date: /home/orin2/ros2_ws/install/unitree_go/local/lib/python3.10/dist-packages/unitree_go/msg/_low_state_s.c\n'}
[1.196642] (unitree_go) StdoutLine: {'line': b'-- Up-to-date: /home/orin2/ros2_ws/install/unitree_go/local/lib/python3.10/dist-packages/unitree_go/msg/_lidar_state_s.c\n'}
[1.196904] (unitree_go) StdoutLine: {'line': b'-- Up-to-date: /home/orin2/ros2_ws/install/unitree_go/local/lib/python3.10/dist-packages/unitree_go/msg/_go2_front_video_data.py\n'}
[1.197148] (unitree_go) StdoutLine: {'line': b'-- Up-to-date: /home/orin2/ros2_ws/install/unitree_go/local/lib/python3.10/dist-packages/unitree_go/msg/_audio_data_s.c\n'}
[1.197387] (unitree_go) StdoutLine: {'line': b'-- Up-to-date: /home/orin2/ros2_ws/install/unitree_go/local/lib/python3.10/dist-packages/unitree_go/msg/_interface_config.py\n'}
[1.197621] (unitree_go) StdoutLine: {'line': b'-- Up-to-date: /home/orin2/ros2_ws/install/unitree_go/local/lib/python3.10/dist-packages/unitree_go/msg/_uwb_state.py\n'}
[1.198073] (unitree_go) StdoutLine: {'line': b'-- Up-to-date: /home/orin2/ros2_ws/install/unitree_go/local/lib/python3.10/dist-packages/unitree_go/msg/_res.py\n'}
[1.198307] (unitree_go) StdoutLine: {'line': b'-- Up-to-date: /home/orin2/ros2_ws/install/unitree_go/local/lib/python3.10/dist-packages/unitree_go/msg/_voxel_map_compressed.py\n'}
[1.198499] (unitree_go) StdoutLine: {'line': b'-- Up-to-date: /home/orin2/ros2_ws/install/unitree_go/local/lib/python3.10/dist-packages/unitree_go/msg/_sport_mode_state.py\n'}
[1.198936] (unitree_go) StdoutLine: {'line': b'-- Up-to-date: /home/orin2/ros2_ws/install/unitree_go/local/lib/python3.10/dist-packages/unitree_go/msg/_sport_mode_state_s.c\n'}
[1.199134] (unitree_go) StdoutLine: {'line': b'-- Up-to-date: /home/orin2/ros2_ws/install/unitree_go/local/lib/python3.10/dist-packages/unitree_go/msg/_voxel_height_map_state.py\n'}
[1.200699] (unitree_go) StdoutLine: {'line': b'-- Up-to-date: /home/orin2/ros2_ws/install/unitree_go/local/lib/python3.10/dist-packages/unitree_go/msg/_bms_state.py\n'}
[1.201799] (unitree_go) StdoutLine: {'line': b'-- Up-to-date: /home/orin2/ros2_ws/install/unitree_go/local/lib/python3.10/dist-packages/unitree_go/msg/_error.py\n'}
[1.202127] (unitree_go) StdoutLine: {'line': b'-- Up-to-date: /home/orin2/ros2_ws/install/unitree_go/local/lib/python3.10/dist-packages/unitree_go/msg/_motor_cmd_s.c\n'}
[1.203133] (unitree_go) StdoutLine: {'line': b'-- Up-to-date: /home/orin2/ros2_ws/install/unitree_go/local/lib/python3.10/dist-packages/unitree_go/msg/_audio_data.py\n'}
[1.203406] (unitree_go) StdoutLine: {'line': b'-- Up-to-date: /home/orin2/ros2_ws/install/unitree_go/local/lib/python3.10/dist-packages/unitree_go/msg/_sport_mode_cmd_s.c\n'}
[1.203949] (unitree_go) StdoutLine: {'line': b'-- Up-to-date: /home/orin2/ros2_ws/install/unitree_go/local/lib/python3.10/dist-packages/unitree_go/msg/_voxel_map_compressed_s.c\n'}
[1.204544] (-) TimerEvent: {}
[1.205676] (unitree_go) StdoutLine: {'line': b'-- Up-to-date: /home/orin2/ros2_ws/install/unitree_go/local/lib/python3.10/dist-packages/unitree_go/msg/_imu_state_s.c\n'}
[1.205972] (unitree_go) StdoutLine: {'line': b'-- Up-to-date: /home/orin2/ros2_ws/install/unitree_go/local/lib/python3.10/dist-packages/unitree_go/msg/_motor_states_s.c\n'}
[1.208946] (unitree_go) StdoutLine: {'line': b'-- Up-to-date: /home/orin2/ros2_ws/install/unitree_go/local/lib/python3.10/dist-packages/unitree_go/msg/_web_rtc_req.py\n'}
[1.209261] (unitree_go) StdoutLine: {'line': b'-- Up-to-date: /home/orin2/ros2_ws/install/unitree_go/local/lib/python3.10/dist-packages/unitree_go/msg/_motor_state_s.c\n'}
[1.209426] (unitree_go) StdoutLine: {'line': b'-- Up-to-date: /home/orin2/ros2_ws/install/unitree_go/local/lib/python3.10/dist-packages/unitree_go/msg/_web_rtc_req_s.c\n'}
[1.209565] (unitree_go) StdoutLine: {'line': b'-- Up-to-date: /home/orin2/ros2_ws/install/unitree_go/local/lib/python3.10/dist-packages/unitree_go/msg/_low_cmd_s.c\n'}
[1.209696] (unitree_go) StdoutLine: {'line': b'-- Up-to-date: /home/orin2/ros2_ws/install/unitree_go/local/lib/python3.10/dist-packages/unitree_go/msg/_req.py\n'}
[1.210076] (unitree_go) StdoutLine: {'line': b'-- Up-to-date: /home/orin2/ros2_ws/install/unitree_go/local/lib/python3.10/dist-packages/unitree_go/msg/__init__.py\n'}
[1.210329] (unitree_go) StdoutLine: {'line': b'-- Up-to-date: /home/orin2/ros2_ws/install/unitree_go/local/lib/python3.10/dist-packages/unitree_go/msg/_height_map_s.c\n'}
[1.210468] (unitree_go) StdoutLine: {'line': b'-- Up-to-date: /home/orin2/ros2_ws/install/unitree_go/local/lib/python3.10/dist-packages/unitree_go/msg/_wireless_controller_s.c\n'}
[1.211247] (unitree_go) StdoutLine: {'line': b'-- Up-to-date: /home/orin2/ros2_ws/install/unitree_go/local/lib/python3.10/dist-packages/unitree_go/msg/_motor_states.py\n'}
[1.211795] (unitree_go) StdoutLine: {'line': b'-- Up-to-date: /home/orin2/ros2_ws/install/unitree_go/local/lib/python3.10/dist-packages/unitree_go/msg/_uwb_switch.py\n'}
[1.211980] (unitree_go) StdoutLine: {'line': b'-- Up-to-date: /home/orin2/ros2_ws/install/unitree_go/local/lib/python3.10/dist-packages/unitree_go/msg/_interface_config_s.c\n'}
[1.212172] (unitree_go) StdoutLine: {'line': b'-- Up-to-date: /home/orin2/ros2_ws/install/unitree_go/local/lib/python3.10/dist-packages/unitree_go/msg/_path_point_s.c\n'}
[1.212456] (unitree_go) StdoutLine: {'line': b'-- Up-to-date: /home/orin2/ros2_ws/install/unitree_go/local/lib/python3.10/dist-packages/unitree_go/msg/_path_point.py\n'}
[1.212718] (unitree_go) StdoutLine: {'line': b'-- Up-to-date: /home/orin2/ros2_ws/install/unitree_go/local/lib/python3.10/dist-packages/unitree_go/msg/_motor_cmds.py\n'}
[1.213310] (unitree_go) StdoutLine: {'line': b'-- Up-to-date: /home/orin2/ros2_ws/install/unitree_go/local/lib/python3.10/dist-packages/unitree_go/msg/_time_spec.py\n'}
[1.213481] (unitree_go) StdoutLine: {'line': b'-- Up-to-date: /home/orin2/ros2_ws/install/unitree_go/local/lib/python3.10/dist-packages/unitree_go/msg/_bms_cmd.py\n'}
[1.213667] (unitree_go) StdoutLine: {'line': b'-- Up-to-date: /home/orin2/ros2_ws/install/unitree_go/local/lib/python3.10/dist-packages/unitree_go/msg/_res_s.c\n'}
[1.214106] (unitree_go) StdoutLine: {'line': b'-- Up-to-date: /home/orin2/ros2_ws/install/unitree_go/local/lib/python3.10/dist-packages/unitree_go/msg/_height_map.py\n'}
[1.218858] (unitree_go) StdoutLine: {'line': b'-- Up-to-date: /home/orin2/ros2_ws/install/unitree_go/local/lib/python3.10/dist-packages/unitree_go/msg/_error_s.c\n'}
[1.219107] (unitree_go) StdoutLine: {'line': b'-- Up-to-date: /home/orin2/ros2_ws/install/unitree_go/local/lib/python3.10/dist-packages/unitree_go/msg/_voxel_height_map_state_s.c\n'}
[1.219513] (unitree_go) StdoutLine: {'line': b'-- Up-to-date: /home/orin2/ros2_ws/install/unitree_go/local/lib/python3.10/dist-packages/unitree_go/msg/_time_spec_s.c\n'}
[1.219967] (unitree_go) StdoutLine: {'line': b'-- Up-to-date: /home/orin2/ros2_ws/install/unitree_go/local/lib/python3.10/dist-packages/unitree_go/__init__.py\n'}
[1.220229] (go2_interfaces) StdoutLine: {'line': b'-- Up-to-date: /home/orin2/ros2_ws/install/go2_interfaces/local/lib/python3.10/dist-packages/go2_interfaces/go2_interfaces_s__rosidl_typesupport_fastrtps_c.cpython-310-aarch64-linux-gnu.so\n'}
[1.221104] (go2_interfaces) StdoutLine: {'line': b'-- Up-to-date: /home/orin2/ros2_ws/install/go2_interfaces/local/lib/python3.10/dist-packages/go2_interfaces/go2_interfaces_s__rosidl_typesupport_introspection_c.cpython-310-aarch64-linux-gnu.so\n'}
[1.221286] (go2_interfaces) StdoutLine: {'line': b'-- Up-to-date: /home/orin2/ros2_ws/install/go2_interfaces/local/lib/python3.10/dist-packages/go2_interfaces/go2_interfaces_s__rosidl_typesupport_c.cpython-310-aarch64-linux-gnu.so\n'}
[1.221414] (go2_interfaces) StdoutLine: {'line': b'-- Up-to-date: /home/orin2/ros2_ws/install/go2_interfaces/lib/libgo2_interfaces__rosidl_generator_py.so\n'}
[1.221566] (go2_interfaces) StdoutLine: {'line': b'-- Up-to-date: /home/orin2/ros2_ws/install/go2_interfaces/share/go2_interfaces/msg/Go2Cmd.idl\n'}
[1.221767] (go2_interfaces) StdoutLine: {'line': b'-- Up-to-date: /home/orin2/ros2_ws/install/go2_interfaces/share/go2_interfaces/msg/Go2State.idl\n'}
[1.221925] (go2_interfaces) StdoutLine: {'line': b'-- Up-to-date: /home/orin2/ros2_ws/install/go2_interfaces/share/go2_interfaces/msg/Go2Move.idl\n'}
[1.222110] (go2_interfaces) StdoutLine: {'line': b'-- Up-to-date: /home/orin2/ros2_ws/install/go2_interfaces/share/go2_interfaces/msg/Go2RpyCmd.idl\n'}
[1.222629] (go2_interfaces) StdoutLine: {'line': b'-- Up-to-date: /home/orin2/ros2_ws/install/go2_interfaces/share/go2_interfaces/msg/IMU.idl\n'}
[1.222771] (go2_interfaces) StdoutLine: {'line': b'-- Up-to-date: /home/orin2/ros2_ws/install/go2_interfaces/share/go2_interfaces/msg/Go2Cmd.msg\n'}
[1.222889] (go2_interfaces) StdoutLine: {'line': b'-- Up-to-date: /home/orin2/ros2_ws/install/go2_interfaces/share/go2_interfaces/msg/Go2State.msg\n'}
[1.223008] (go2_interfaces) StdoutLine: {'line': b'-- Up-to-date: /home/orin2/ros2_ws/install/go2_interfaces/share/go2_interfaces/msg/Go2Move.msg\n'}
[1.223123] (go2_interfaces) StdoutLine: {'line': b'-- Up-to-date: /home/orin2/ros2_ws/install/go2_interfaces/share/go2_interfaces/msg/Go2RpyCmd.msg\n'}
[1.223240] (go2_interfaces) StdoutLine: {'line': b'-- Up-to-date: /home/orin2/ros2_ws/install/go2_interfaces/share/go2_interfaces/msg/IMU.msg\n'}
[1.223389] (go2_interfaces) StdoutLine: {'line': b'-- Up-to-date: /home/orin2/ros2_ws/install/go2_interfaces/share/ament_index/resource_index/package_run_dependencies/go2_interfaces\n'}
[1.223510] (go2_interfaces) StdoutLine: {'line': b'-- Up-to-date: /home/orin2/ros2_ws/install/go2_interfaces/share/ament_index/resource_index/parent_prefix_path/go2_interfaces\n'}
[1.223630] (go2_interfaces) StdoutLine: {'line': b'-- Up-to-date: /home/orin2/ros2_ws/install/go2_interfaces/share/go2_interfaces/environment/ament_prefix_path.sh\n'}
[1.223744] (go2_interfaces) StdoutLine: {'line': b'-- Up-to-date: /home/orin2/ros2_ws/install/go2_interfaces/share/go2_interfaces/environment/ament_prefix_path.dsv\n'}
[1.223857] (go2_interfaces) StdoutLine: {'line': b'-- Up-to-date: /home/orin2/ros2_ws/install/go2_interfaces/share/go2_interfaces/environment/path.sh\n'}
[1.223968] (go2_interfaces) StdoutLine: {'line': b'-- Up-to-date: /home/orin2/ros2_ws/install/go2_interfaces/share/go2_interfaces/environment/path.dsv\n'}
[1.224078] (go2_interfaces) StdoutLine: {'line': b'-- Up-to-date: /home/orin2/ros2_ws/install/go2_interfaces/share/go2_interfaces/local_setup.bash\n'}
[1.224188] (go2_interfaces) StdoutLine: {'line': b'-- Up-to-date: /home/orin2/ros2_ws/install/go2_interfaces/share/go2_interfaces/local_setup.sh\n'}
[1.224302] (go2_interfaces) StdoutLine: {'line': b'-- Up-to-date: /home/orin2/ros2_ws/install/go2_interfaces/share/go2_interfaces/local_setup.zsh\n'}
[1.224461] (go2_interfaces) StdoutLine: {'line': b'-- Up-to-date: /home/orin2/ros2_ws/install/go2_interfaces/share/go2_interfaces/local_setup.dsv\n'}
[1.224588] (go2_interfaces) StdoutLine: {'line': b'-- Installing: /home/orin2/ros2_ws/install/go2_interfaces/share/go2_interfaces/package.dsv\n'}
[1.224704] (go2_interfaces) StdoutLine: {'line': b'-- Up-to-date: /home/orin2/ros2_ws/install/go2_interfaces/share/ament_index/resource_index/packages/go2_interfaces\n'}
[1.224841] (go2_interfaces) StdoutLine: {'line': b'-- Up-to-date: /home/orin2/ros2_ws/install/go2_interfaces/share/go2_interfaces/cmake/export_go2_interfaces__rosidl_generator_cExport.cmake\n'}
[1.224957] (go2_interfaces) StdoutLine: {'line': b'-- Up-to-date: /home/orin2/ros2_ws/install/go2_interfaces/share/go2_interfaces/cmake/export_go2_interfaces__rosidl_generator_cExport-noconfig.cmake\n'}
[1.225069] (go2_interfaces) StdoutLine: {'line': b'-- Up-to-date: /home/orin2/ros2_ws/install/go2_interfaces/share/go2_interfaces/cmake/export_go2_interfaces__rosidl_typesupport_fastrtps_cExport.cmake\n'}
[1.225255] (go2_interfaces) StdoutLine: {'line': b'-- Up-to-date: /home/orin2/ros2_ws/install/go2_interfaces/share/go2_interfaces/cmake/export_go2_interfaces__rosidl_typesupport_fastrtps_cExport-noconfig.cmake\n'}
[1.225442] (go2_interfaces) StdoutLine: {'line': b'-- Up-to-date: /home/orin2/ros2_ws/install/go2_interfaces/share/go2_interfaces/cmake/export_go2_interfaces__rosidl_generator_cppExport.cmake\n'}
[1.225752] (go2_interfaces) StdoutLine: {'line': b'-- Up-to-date: /home/orin2/ros2_ws/install/go2_interfaces/share/go2_interfaces/cmake/export_go2_interfaces__rosidl_typesupport_fastrtps_cppExport.cmake\n'}
[1.225918] (go2_interfaces) StdoutLine: {'line': b'-- Up-to-date: /home/orin2/ros2_ws/install/go2_interfaces/share/go2_interfaces/cmake/export_go2_interfaces__rosidl_typesupport_fastrtps_cppExport-noconfig.cmake\n'}
[1.226138] (go2_interfaces) StdoutLine: {'line': b'-- Up-to-date: /home/orin2/ros2_ws/install/go2_interfaces/share/go2_interfaces/cmake/go2_interfaces__rosidl_typesupport_introspection_cExport.cmake\n'}
[1.226731] (go2_interfaces) StdoutLine: {'line': b'-- Up-to-date: /home/orin2/ros2_ws/install/go2_interfaces/share/go2_interfaces/cmake/go2_interfaces__rosidl_typesupport_introspection_cExport-noconfig.cmake\n'}
[1.228640] (go2_interfaces) StdoutLine: {'line': b'-- Up-to-date: /home/orin2/ros2_ws/install/go2_interfaces/share/go2_interfaces/cmake/go2_interfaces__rosidl_typesupport_cExport.cmake\n'}
[1.229041] (go2_interfaces) StdoutLine: {'line': b'-- Up-to-date: /home/orin2/ros2_ws/install/go2_interfaces/share/go2_interfaces/cmake/go2_interfaces__rosidl_typesupport_cExport-noconfig.cmake\n'}
[1.229382] (go2_interfaces) StdoutLine: {'line': b'-- Up-to-date: /home/orin2/ros2_ws/install/go2_interfaces/share/go2_interfaces/cmake/go2_interfaces__rosidl_typesupport_introspection_cppExport.cmake\n'}
[1.229621] (go2_interfaces) StdoutLine: {'line': b'-- Up-to-date: /home/orin2/ros2_ws/install/go2_interfaces/share/go2_interfaces/cmake/go2_interfaces__rosidl_typesupport_introspection_cppExport-noconfig.cmake\n'}
[1.229896] (go2_interfaces) StdoutLine: {'line': b'-- Up-to-date: /home/orin2/ros2_ws/install/go2_interfaces/share/go2_interfaces/cmake/go2_interfaces__rosidl_typesupport_cppExport.cmake\n'}
[1.230435] (go2_interfaces) StdoutLine: {'line': b'-- Up-to-date: /home/orin2/ros2_ws/install/go2_interfaces/share/go2_interfaces/cmake/go2_interfaces__rosidl_typesupport_cppExport-noconfig.cmake\n'}
[1.230682] (go2_interfaces) StdoutLine: {'line': b'-- Up-to-date: /home/orin2/ros2_ws/install/go2_interfaces/share/go2_interfaces/cmake/export_go2_interfaces__rosidl_generator_pyExport.cmake\n'}
[1.231003] (go2_interfaces) StdoutLine: {'line': b'-- Up-to-date: /home/orin2/ros2_ws/install/go2_interfaces/share/go2_interfaces/cmake/export_go2_interfaces__rosidl_generator_pyExport-noconfig.cmake\n'}
[1.231225] (go2_interfaces) StdoutLine: {'line': b'-- Up-to-date: /home/orin2/ros2_ws/install/go2_interfaces/share/go2_interfaces/cmake/rosidl_cmake-extras.cmake\n'}
[1.231668] (go2_interfaces) StdoutLine: {'line': b'-- Up-to-date: /home/orin2/ros2_ws/install/go2_interfaces/share/go2_interfaces/cmake/ament_cmake_export_dependencies-extras.cmake\n'}
[1.231838] (go2_interfaces) StdoutLine: {'line': b'-- Up-to-date: /home/orin2/ros2_ws/install/go2_interfaces/share/go2_interfaces/cmake/ament_cmake_export_include_directories-extras.cmake\n'}
[1.232047] (go2_interfaces) StdoutLine: {'line': b'-- Up-to-date: /home/orin2/ros2_ws/install/go2_interfaces/share/go2_interfaces/cmake/ament_cmake_export_libraries-extras.cmake\n'}
[1.232330] (go2_interfaces) StdoutLine: {'line': b'-- Up-to-date: /home/orin2/ros2_ws/install/go2_interfaces/share/go2_interfaces/cmake/ament_cmake_export_targets-extras.cmake\n'}
[1.232495] (go2_interfaces) StdoutLine: {'line': b'-- Up-to-date: /home/orin2/ros2_ws/install/go2_interfaces/share/go2_interfaces/cmake/rosidl_cmake_export_typesupport_targets-extras.cmake\n'}
[1.232648] (go2_interfaces) StdoutLine: {'line': b'-- Up-to-date: /home/orin2/ros2_ws/install/go2_interfaces/share/go2_interfaces/cmake/rosidl_cmake_export_typesupport_libraries-extras.cmake\n'}
[1.232796] (go2_interfaces) StdoutLine: {'line': b'-- Up-to-date: /home/orin2/ros2_ws/install/go2_interfaces/share/go2_interfaces/cmake/go2_interfacesConfig.cmake\n'}
[1.233077] (go2_interfaces) StdoutLine: {'line': b'-- Up-to-date: /home/orin2/ros2_ws/install/go2_interfaces/share/go2_interfaces/cmake/go2_interfacesConfig-version.cmake\n'}
[1.233250] (go2_interfaces) StdoutLine: {'line': b'-- Up-to-date: /home/orin2/ros2_ws/install/go2_interfaces/share/go2_interfaces/package.xml\n'}
[1.233538] (go2_interfaces) CommandEnded: {'returncode': 0}
[1.234186] (unitree_go) StdoutLine: {'line': b"Listing '/home/orin2/ros2_ws/install/unitree_go/local/lib/python3.10/dist-packages/unitree_go'...\n"}
[1.234378] (unitree_go) StdoutLine: {'line': b"Listing '/home/orin2/ros2_ws/install/unitree_go/local/lib/python3.10/dist-packages/unitree_go/msg'...\n"}
[1.235305] (ros2_bag_to_image) StdoutLine: {'line': b'-- Detecting C compiler ABI info - done\n'}
[1.236118] (unitree_go) StdoutLine: {'line': b'-- Up-to-date: /home/orin2/ros2_ws/install/unitree_go/local/lib/python3.10/dist-packages/unitree_go/unitree_go_s__rosidl_typesupport_fastrtps_c.cpython-310-aarch64-linux-gnu.so\n'}
[1.236334] (unitree_go) StdoutLine: {'line': b'-- Up-to-date: /home/orin2/ros2_ws/install/unitree_go/local/lib/python3.10/dist-packages/unitree_go/unitree_go_s__rosidl_typesupport_introspection_c.cpython-310-aarch64-linux-gnu.so\n'}
[1.236810] (unitree_go) StdoutLine: {'line': b'-- Up-to-date: /home/orin2/ros2_ws/install/unitree_go/local/lib/python3.10/dist-packages/unitree_go/unitree_go_s__rosidl_typesupport_c.cpython-310-aarch64-linux-gnu.so\n'}
[1.237304] (ros2_bag_to_image) StdoutLine: {'line': b'-- Check for working C compiler: /usr/bin/cc - skipped\n'}
[1.237498] (unitree_go) StdoutLine: {'line': b'-- Up-to-date: /home/orin2/ros2_ws/install/unitree_go/lib/libunitree_go__rosidl_generator_py.so\n'}
[1.237958] (unitree_go) StdoutLine: {'line': b'-- Up-to-date: /home/orin2/ros2_ws/install/unitree_go/share/unitree_go/msg/AudioData.idl\n'}
[1.238605] (unitree_go) StdoutLine: {'line': b'-- Up-to-date: /home/orin2/ros2_ws/install/unitree_go/share/unitree_go/msg/BmsCmd.idl\n'}
[1.238774] (ros2_bag_to_image) StdoutLine: {'line': b'-- Detecting C compile features\n'}
[1.238960] (unitree_go) StdoutLine: {'line': b'-- Up-to-date: /home/orin2/ros2_ws/install/unitree_go/share/unitree_go/msg/BmsState.idl\n'}
[1.239444] (unitree_go) StdoutLine: {'line': b'-- Up-to-date: /home/orin2/ros2_ws/install/unitree_go/share/unitree_go/msg/Error.idl\n'}
[1.239873] (unitree_go) StdoutLine: {'line': b'-- Up-to-date: /home/orin2/ros2_ws/install/unitree_go/share/unitree_go/msg/Go2FrontVideoData.idl\n'}
[1.240705] (unitree_go) StdoutLine: {'line': b'-- Up-to-date: /home/orin2/ros2_ws/install/unitree_go/share/unitree_go/msg/HeightMap.idl\n'}
[1.241512] (unitree_go) StdoutLine: {'line': b'-- Up-to-date: /home/orin2/ros2_ws/install/unitree_go/share/unitree_go/msg/IMUState.idl\n'}
[1.242169] (ros2_bag_to_image) StdoutLine: {'line': b'-- Detecting C compile features - done\n'}
[1.242893] (unitree_go) StdoutLine: {'line': b'-- Up-to-date: /home/orin2/ros2_ws/install/unitree_go/share/unitree_go/msg/InterfaceConfig.idl\n'}
[1.245933] (unitree_go) StdoutLine: {'line': b'-- Up-to-date: /home/orin2/ros2_ws/install/unitree_go/share/unitree_go/msg/LidarState.idl\n'}
[1.247331] (unitree_go) StdoutLine: {'line': b'-- Up-to-date: /home/orin2/ros2_ws/install/unitree_go/share/unitree_go/msg/LowCmd.idl\n'}
[1.248030] (unitree_go) StdoutLine: {'line': b'-- Up-to-date: /home/orin2/ros2_ws/install/unitree_go/share/unitree_go/msg/LowState.idl\n'}
[1.248180] (unitree_go) StdoutLine: {'line': b'-- Up-to-date: /home/orin2/ros2_ws/install/unitree_go/share/unitree_go/msg/MotorCmd.idl\n'}
[1.248313] (unitree_go) StdoutLine: {'line': b'-- Up-to-date: /home/orin2/ros2_ws/install/unitree_go/share/unitree_go/msg/MotorCmds.idl\n'}
[1.251958] (unitree_go) StdoutLine: {'line': b'-- Up-to-date: /home/orin2/ros2_ws/install/unitree_go/share/unitree_go/msg/MotorState.idl\n'}
[1.252261] (unitree_go) StdoutLine: {'line': b'-- Up-to-date: /home/orin2/ros2_ws/install/unitree_go/share/unitree_go/msg/MotorStates.idl\n'}
[1.252494] (unitree_go) StdoutLine: {'line': b'-- Up-to-date: /home/orin2/ros2_ws/install/unitree_go/share/unitree_go/msg/PathPoint.idl\n'}
[1.252906] (unitree_go) StdoutLine: {'line': b'-- Up-to-date: /home/orin2/ros2_ws/install/unitree_go/share/unitree_go/msg/Req.idl\n'}
[1.254725] (unitree_go) StdoutLine: {'line': b'-- Up-to-date: /home/orin2/ros2_ws/install/unitree_go/share/unitree_go/msg/Res.idl\n'}
[1.255067] (unitree_go) StdoutLine: {'line': b'-- Up-to-date: /home/orin2/ros2_ws/install/unitree_go/share/unitree_go/msg/SportModeCmd.idl\n'}
[1.256018] (unitree_go) StdoutLine: {'line': b'-- Up-to-date: /home/orin2/ros2_ws/install/unitree_go/share/unitree_go/msg/SportModeState.idl\n'}
[1.256265] (unitree_go) StdoutLine: {'line': b'-- Up-to-date: /home/orin2/ros2_ws/install/unitree_go/share/unitree_go/msg/TimeSpec.idl\n'}
[1.256490] (unitree_go) StdoutLine: {'line': b'-- Up-to-date: /home/orin2/ros2_ws/install/unitree_go/share/unitree_go/msg/UwbState.idl\n'}
[1.256972] (unitree_go) StdoutLine: {'line': b'-- Up-to-date: /home/orin2/ros2_ws/install/unitree_go/share/unitree_go/msg/UwbSwitch.idl\n'}
[1.257199] (unitree_go) StdoutLine: {'line': b'-- Up-to-date: /home/orin2/ros2_ws/install/unitree_go/share/unitree_go/msg/VoxelMapCompressed.idl\n'}
[1.257998] (unitree_go) StdoutLine: {'line': b'-- Up-to-date: /home/orin2/ros2_ws/install/unitree_go/share/unitree_go/msg/VoxelHeightMapState.idl\n'}
[1.259164] (unitree_go) StdoutLine: {'line': b'-- Up-to-date: /home/orin2/ros2_ws/install/unitree_go/share/unitree_go/msg/WebRtcReq.idl\n'}
[1.259741] (unitree_go) StdoutLine: {'line': b'-- Up-to-date: /home/orin2/ros2_ws/install/unitree_go/share/unitree_go/msg/WirelessController.idl\n'}
[1.259989] (unitree_go) StdoutLine: {'line': b'-- Up-to-date: /home/orin2/ros2_ws/install/unitree_go/share/unitree_go/msg/AudioData.msg\n'}
[1.260199] (unitree_go) StdoutLine: {'line': b'-- Up-to-date: /home/orin2/ros2_ws/install/unitree_go/share/unitree_go/msg/BmsCmd.msg\n'}
[1.260678] (unitree_go) StdoutLine: {'line': b'-- Up-to-date: /home/orin2/ros2_ws/install/unitree_go/share/unitree_go/msg/BmsState.msg\n'}
[1.261162] (unitree_go) StdoutLine: {'line': b'-- Up-to-date: /home/orin2/ros2_ws/install/unitree_go/share/unitree_go/msg/Error.msg\n'}
[1.261389] (unitree_go) StdoutLine: {'line': b'-- Up-to-date: /home/orin2/ros2_ws/install/unitree_go/share/unitree_go/msg/Go2FrontVideoData.msg\n'}
[1.261838] (unitree_go) StdoutLine: {'line': b'-- Up-to-date: /home/orin2/ros2_ws/install/unitree_go/share/unitree_go/msg/HeightMap.msg\n'}
[1.262489] (unitree_go) StdoutLine: {'line': b'-- Up-to-date: /home/orin2/ros2_ws/install/unitree_go/share/unitree_go/msg/IMUState.msg\n'}
[1.262694] (unitree_go) StdoutLine: {'line': b'-- Up-to-date: /home/orin2/ros2_ws/install/unitree_go/share/unitree_go/msg/InterfaceConfig.msg\n'}
[1.262905] (unitree_go) StdoutLine: {'line': b'-- Up-to-date: /home/orin2/ros2_ws/install/unitree_go/share/unitree_go/msg/LidarState.msg\n'}
[1.263769] (unitree_go) StdoutLine: {'line': b'-- Up-to-date: /home/orin2/ros2_ws/install/unitree_go/share/unitree_go/msg/LowCmd.msg\n'}
[1.264271] (unitree_go) StdoutLine: {'line': b'-- Up-to-date: /home/orin2/ros2_ws/install/unitree_go/share/unitree_go/msg/LowState.msg\n'}
[1.264429] (unitree_go) StdoutLine: {'line': b'-- Up-to-date: /home/orin2/ros2_ws/install/unitree_go/share/unitree_go/msg/MotorCmd.msg\n'}
[1.264884] (unitree_go) StdoutLine: {'line': b'-- Up-to-date: /home/orin2/ros2_ws/install/unitree_go/share/unitree_go/msg/MotorCmds.msg\n'}
[1.265018] (unitree_go) StdoutLine: {'line': b'-- Up-to-date: /home/orin2/ros2_ws/install/unitree_go/share/unitree_go/msg/MotorState.msg\n'}
[1.265197] (go2_interfaces) JobEnded: {'identifier': 'go2_interfaces', 'rc': 0}
[1.266609] (unitree_go) StdoutLine: {'line': b'-- Up-to-date: /home/orin2/ros2_ws/install/unitree_go/share/unitree_go/msg/MotorStates.msg\n'}
[1.266838] (ros2_bag_to_image) StdoutLine: {'line': b'-- Detecting CXX compiler ABI info\n'}
[1.267056] (unitree_go) StdoutLine: {'line': b'-- Up-to-date: /home/orin2/ros2_ws/install/unitree_go/share/unitree_go/msg/PathPoint.msg\n'}
[1.267244] (unitree_go) StdoutLine: {'line': b'-- Up-to-date: /home/orin2/ros2_ws/install/unitree_go/share/unitree_go/msg/Req.msg\n'}
[1.267434] (unitree_go) StdoutLine: {'line': b'-- Up-to-date: /home/orin2/ros2_ws/install/unitree_go/share/unitree_go/msg/Res.msg\n'}
[1.267615] (unitree_go) StdoutLine: {'line': b'-- Up-to-date: /home/orin2/ros2_ws/install/unitree_go/share/unitree_go/msg/SportModeCmd.msg\n'}
[1.267819] (unitree_go) StdoutLine: {'line': b'-- Up-to-date: /home/orin2/ros2_ws/install/unitree_go/share/unitree_go/msg/SportModeState.msg\n'}
[1.268003] (unitree_go) StdoutLine: {'line': b'-- Up-to-date: /home/orin2/ros2_ws/install/unitree_go/share/unitree_go/msg/TimeSpec.msg\n'}
[1.268197] (unitree_go) StdoutLine: {'line': b'-- Up-to-date: /home/orin2/ros2_ws/install/unitree_go/share/unitree_go/msg/UwbState.msg\n'}
[1.268388] (unitree_go) StdoutLine: {'line': b'-- Up-to-date: /home/orin2/ros2_ws/install/unitree_go/share/unitree_go/msg/UwbSwitch.msg\n'}
[1.268579] (unitree_go) StdoutLine: {'line': b'-- Up-to-date: /home/orin2/ros2_ws/install/unitree_go/share/unitree_go/msg/VoxelMapCompressed.msg\n'}
[1.268751] (unitree_go) StdoutLine: {'line': b'-- Up-to-date: /home/orin2/ros2_ws/install/unitree_go/share/unitree_go/msg/VoxelHeightMapState.msg\n'}
[1.268934] (unitree_go) StdoutLine: {'line': b'-- Up-to-date: /home/orin2/ros2_ws/install/unitree_go/share/unitree_go/msg/WebRtcReq.msg\n'}
[1.269134] (unitree_go) StdoutLine: {'line': b'-- Up-to-date: /home/orin2/ros2_ws/install/unitree_go/share/unitree_go/msg/WirelessController.msg\n'}
[1.269301] (unitree_go) StdoutLine: {'line': b'-- Up-to-date: /home/orin2/ros2_ws/install/unitree_go/share/ament_index/resource_index/package_run_dependencies/unitree_go\n'}
[1.269494] (unitree_go) StdoutLine: {'line': b'-- Up-to-date: /home/orin2/ros2_ws/install/unitree_go/share/ament_index/resource_index/parent_prefix_path/unitree_go\n'}
[1.269695] (unitree_go) StdoutLine: {'line': b'-- Up-to-date: /home/orin2/ros2_ws/install/unitree_go/share/unitree_go/environment/ament_prefix_path.sh\n'}
[1.269888] (unitree_go) StdoutLine: {'line': b'-- Up-to-date: /home/orin2/ros2_ws/install/unitree_go/share/unitree_go/environment/ament_prefix_path.dsv\n'}
[1.270079] (unitree_go) StdoutLine: {'line': b'-- Up-to-date: /home/orin2/ros2_ws/install/unitree_go/share/unitree_go/environment/path.sh\n'}
[1.270310] (unitree_go) StdoutLine: {'line': b'-- Up-to-date: /home/orin2/ros2_ws/install/unitree_go/share/unitree_go/environment/path.dsv\n'}
[1.270512] (unitree_go) StdoutLine: {'line': b'-- Up-to-date: /home/orin2/ros2_ws/install/unitree_go/share/unitree_go/local_setup.bash\n'}
[1.270713] (unitree_go) StdoutLine: {'line': b'-- Up-to-date: /home/orin2/ros2_ws/install/unitree_go/share/unitree_go/local_setup.sh\n'}
[1.270906] (unitree_go) StdoutLine: {'line': b'-- Up-to-date: /home/orin2/ros2_ws/install/unitree_go/share/unitree_go/local_setup.zsh\n'}
[1.271106] (unitree_go) StdoutLine: {'line': b'-- Up-to-date: /home/orin2/ros2_ws/install/unitree_go/share/unitree_go/local_setup.dsv\n'}
[1.271294] (unitree_go) StdoutLine: {'line': b'-- Installing: /home/orin2/ros2_ws/install/unitree_go/share/unitree_go/package.dsv\n'}
[1.271479] (unitree_go) StdoutLine: {'line': b'-- Up-to-date: /home/orin2/ros2_ws/install/unitree_go/share/ament_index/resource_index/packages/unitree_go\n'}
[1.271737] (unitree_go) StdoutLine: {'line': b'-- Up-to-date: /home/orin2/ros2_ws/install/unitree_go/share/unitree_go/cmake/export_unitree_go__rosidl_generator_cExport.cmake\n'}
[1.271929] (unitree_go) StdoutLine: {'line': b'-- Up-to-date: /home/orin2/ros2_ws/install/unitree_go/share/unitree_go/cmake/export_unitree_go__rosidl_generator_cExport-noconfig.cmake\n'}
[1.272152] (unitree_go) StdoutLine: {'line': b'-- Up-to-date: /home/orin2/ros2_ws/install/unitree_go/share/unitree_go/cmake/export_unitree_go__rosidl_typesupport_fastrtps_cExport.cmake\n'}
[1.272358] (unitree_go) StdoutLine: {'line': b'-- Up-to-date: /home/orin2/ros2_ws/install/unitree_go/share/unitree_go/cmake/export_unitree_go__rosidl_typesupport_fastrtps_cExport-noconfig.cmake\n'}
[1.272544] (unitree_go) StdoutLine: {'line': b'-- Up-to-date: /home/orin2/ros2_ws/install/unitree_go/share/unitree_go/cmake/unitree_go__rosidl_typesupport_introspection_cExport.cmake\n'}
[1.272726] (unitree_go) StdoutLine: {'line': b'-- Up-to-date: /home/orin2/ros2_ws/install/unitree_go/share/unitree_go/cmake/unitree_go__rosidl_typesupport_introspection_cExport-noconfig.cmake\n'}
[1.272927] (unitree_go) StdoutLine: {'line': b'-- Up-to-date: /home/orin2/ros2_ws/install/unitree_go/share/unitree_go/cmake/unitree_go__rosidl_typesupport_cExport.cmake\n'}
[1.273075] (unitree_go) StdoutLine: {'line': b'-- Up-to-date: /home/orin2/ros2_ws/install/unitree_go/share/unitree_go/cmake/unitree_go__rosidl_typesupport_cExport-noconfig.cmake\n'}
[1.273196] (unitree_go) StdoutLine: {'line': b'-- Up-to-date: /home/orin2/ros2_ws/install/unitree_go/share/unitree_go/cmake/export_unitree_go__rosidl_generator_cppExport.cmake\n'}
[1.273405] (unitree_go) StdoutLine: {'line': b'-- Up-to-date: /home/orin2/ros2_ws/install/unitree_go/share/unitree_go/cmake/export_unitree_go__rosidl_typesupport_fastrtps_cppExport.cmake\n'}
[1.273609] (unitree_go) StdoutLine: {'line': b'-- Up-to-date: /home/orin2/ros2_ws/install/unitree_go/share/unitree_go/cmake/export_unitree_go__rosidl_typesupport_fastrtps_cppExport-noconfig.cmake\n'}
[1.273802] (unitree_go) StdoutLine: {'line': b'-- Up-to-date: /home/orin2/ros2_ws/install/unitree_go/share/unitree_go/cmake/unitree_go__rosidl_typesupport_introspection_cppExport.cmake\n'}
[1.274004] (unitree_go) StdoutLine: {'line': b'-- Up-to-date: /home/orin2/ros2_ws/install/unitree_go/share/unitree_go/cmake/unitree_go__rosidl_typesupport_introspection_cppExport-noconfig.cmake\n'}
[1.274278] (unitree_go) StdoutLine: {'line': b'-- Up-to-date: /home/orin2/ros2_ws/install/unitree_go/share/unitree_go/cmake/unitree_go__rosidl_typesupport_cppExport.cmake\n'}
[1.274482] (unitree_go) StdoutLine: {'line': b'-- Up-to-date: /home/orin2/ros2_ws/install/unitree_go/share/unitree_go/cmake/unitree_go__rosidl_typesupport_cppExport-noconfig.cmake\n'}
[1.274676] (unitree_go) StdoutLine: {'line': b'-- Up-to-date: /home/orin2/ros2_ws/install/unitree_go/share/unitree_go/cmake/export_unitree_go__rosidl_generator_pyExport.cmake\n'}
[1.274860] (unitree_go) StdoutLine: {'line': b'-- Up-to-date: /home/orin2/ros2_ws/install/unitree_go/share/unitree_go/cmake/export_unitree_go__rosidl_generator_pyExport-noconfig.cmake\n'}
[1.275583] (unitree_go) StdoutLine: {'line': b'-- Up-to-date: /home/orin2/ros2_ws/install/unitree_go/share/unitree_go/cmake/rosidl_cmake-extras.cmake\n'}
[1.276502] (unitree_go) StdoutLine: {'line': b'-- Up-to-date: /home/orin2/ros2_ws/install/unitree_go/share/unitree_go/cmake/ament_cmake_export_include_directories-extras.cmake\n'}
[1.276769] (unitree_go) StdoutLine: {'line': b'-- Up-to-date: /home/orin2/ros2_ws/install/unitree_go/share/unitree_go/cmake/ament_cmake_export_libraries-extras.cmake\n'}
[1.276985] (unitree_go) StdoutLine: {'line': b'-- Up-to-date: /home/orin2/ros2_ws/install/unitree_go/share/unitree_go/cmake/ament_cmake_export_targets-extras.cmake\n'}
[1.277135] (unitree_go) StdoutLine: {'line': b'-- Up-to-date: /home/orin2/ros2_ws/install/unitree_go/share/unitree_go/cmake/rosidl_cmake_export_typesupport_targets-extras.cmake\n'}
[1.277652] (unitree_go) StdoutLine: {'line': b'-- Up-to-date: /home/orin2/ros2_ws/install/unitree_go/share/unitree_go/cmake/ament_cmake_export_dependencies-extras.cmake\n'}
[1.279147] (unitree_go) StdoutLine: {'line': b'-- Up-to-date: /home/orin2/ros2_ws/install/unitree_go/share/unitree_go/cmake/rosidl_cmake_export_typesupport_libraries-extras.cmake\n'}
[1.279917] (unitree_go) StdoutLine: {'line': b'-- Up-to-date: /home/orin2/ros2_ws/install/unitree_go/share/unitree_go/cmake/unitree_goConfig.cmake\n'}
[1.280093] (unitree_go) StdoutLine: {'line': b'-- Up-to-date: /home/orin2/ros2_ws/install/unitree_go/share/unitree_go/cmake/unitree_goConfig-version.cmake\n'}
[1.280304] (unitree_go) StdoutLine: {'line': b'-- Up-to-date: /home/orin2/ros2_ws/install/unitree_go/share/unitree_go/package.xml\n'}
[1.280444] (unitree_go) CommandEnded: {'returncode': 0}
[1.281094] (unitree_go) JobEnded: {'identifier': 'unitree_go', 'rc': 0}
[1.281950] (go2_robot_sdk) JobStarted: {'identifier': 'go2_robot_sdk'}
[1.304736] (-) TimerEvent: {}
[1.340323] (ros2_bag_to_image) StdoutLine: {'line': b'-- Detecting CXX compiler ABI info - done\n'}
[1.359964] (ros2_bag_to_image) StdoutLine: {'line': b'-- Check for working CXX compiler: /usr/bin/c++ - skipped\n'}
[1.360466] (ros2_bag_to_image) StdoutLine: {'line': b'-- Detecting CXX compile features\n'}
[1.361118] (ros2_bag_to_image) StdoutLine: {'line': b'-- Detecting CXX compile features - done\n'}
[1.365226] (ros2_bag_to_image) StdoutLine: {'line': b'-- Found ament_cmake_auto: 1.3.11 (/opt/ros/humble/share/ament_cmake_auto/cmake)\n'}
[1.404892] (-) TimerEvent: {}
[1.505776] (-) TimerEvent: {}
[1.607025] (-) TimerEvent: {}
[1.707681] (-) TimerEvent: {}
[1.746772] (ros2_bag_to_image) StdoutLine: {'line': b'-- Found Python3: /usr/bin/python3 (found version "3.10.13") found components: Interpreter \n'}
[1.807843] (-) TimerEvent: {}
[1.908547] (-) TimerEvent: {}
[1.921439] (coco_detector) Command: {'cmd': ['/usr/bin/python3', '-W', 'ignore:setup.py install is deprecated', '-W', 'ignore:easy_install command is deprecated', 'setup.py', 'egg_info', '--egg-base', '../../build/coco_detector', 'build', '--build-base', '/home/orin2/ros2_ws/build/coco_detector/build', 'install', '--record', '/home/orin2/ros2_ws/build/coco_detector/install.log', '--single-version-externally-managed', 'install_data'], 'cwd': '/home/orin2/ros2_ws/src/coco_detector', 'env': {'ROBOT_IP': '192.168.123.161', 'LESSOPEN': '| /usr/bin/lesspipe %s', 'USER': 'orin2', 'SSH_CLIENT': '192.168.0.128 48182 22', 'XDG_SESSION_TYPE': 'tty', 'SHLVL': '1', 'LD_LIBRARY_PATH': '/usr/local/cuda-12.6/lib64:/opt/ros/humble/opt/rviz_ogre_vendor/lib:/opt/ros/humble/lib/aarch64-linux-gnu:/opt/ros/humble/lib:/usr/local/cuda-12.2/lib64:', 'BROWSER': '/home/orin2/.vscode-server/bin/ddc367ed5c8936efe395cffeec279b04ffd7db78/bin/helpers/browser.sh', 'MAP_NAME': '3d_map', 'MOTD_SHOWN': 'pam', 'HOME': '/home/orin2', 'OLDPWD': '/home/orin2/ros2_ws/src', 'TERM_PROGRAM_VERSION': '1.98.2', 'VSCODE_IPC_HOOK_CLI': '/run/user/1000/vscode-ipc-e7d8a6a6-2694-4128-8dce-50e771882e45.sock', 'ROS_PYTHON_VERSION': '3', 'PYDEVD_DISABLE_FILE_VALIDATION': '1', 'BUNDLED_DEBUGPY_PATH': '/home/orin2/.vscode-server/extensions/ms-python.debugpy-2025.4.1-linux-arm64/bundled/libs/debugpy', 'DBUS_SESSION_BUS_ADDRESS': 'unix:path=/run/user/1000/bus', 'COLORTERM': 'truecolor', 'ROS_DISTRO': 'humble', 'LOGNAME': 'orin2', '_': '/usr/bin/colcon', 'ROS_VERSION': '2', 'XDG_SESSION_CLASS': 'user', 'TERM': 'xterm-256color', 'XDG_SESSION_ID': '2', 'MAP_SAVE': 'True', 'ROS_LOCALHOST_ONLY': '0', 'PATH': '/usr/local/cuda-12.6/bin:/opt/ros/humble/bin:/usr/local/cuda-12.2/bin:/home/orin2/.vscode-server/bin/ddc367ed5c8936efe395cffeec279b04ffd7db78/bin/remote-cli:/usr/local/sbin:/usr/local/bin:/usr/sbin:/usr/bin:/sbin:/bin:/usr/games:/usr/local/games:/snap/bin:/home/orin2/.vscode-server/extensions/ms-python.debugpy-2025.4.1-linux-arm64/bundled/scripts/noConfigScripts:/home/orin2/.vscode-server/data/User/globalStorage/github.copilot-chat/debugCommand:/home/orin2/Repository/mcap/go/cli/mcap/bin:/usr/local/go/bin', 'XDG_RUNTIME_DIR': '/run/user/1000', 'DISPLAY': 'localhost:10.0', 'VSCODE_DEBUGPY_ADAPTER_ENDPOINTS': '/home/orin2/.vscode-server/extensions/ms-python.debugpy-2025.4.1-linux-arm64/.noConfigDebugAdapterEndpoints/endpoint-7ad11a21a46cf7ea.txt', 'LANG': 'en_US.UTF-8', 'RMW_IMPLEMENTATION': 'rmw_fastrtps_cpp', 'LS_COLORS': 'rs=0:di=01;34:ln=01;36:mh=00:pi=40;33:so=01;35:do=01;35:bd=40;33;01:cd=40;33;01:or=40;31;01:mi=00:su=37;41:sg=30;43:ca=30;41:tw=30;42:ow=34;42:st=37;44:ex=01;32:*.tar=01;31:*.tgz=01;31:*.arc=01;31:*.arj=01;31:*.taz=01;31:*.lha=01;31:*.lz4=01;31:*.lzh=01;31:*.lzma=01;31:*.tlz=01;31:*.txz=01;31:*.tzo=01;31:*.t7z=01;31:*.zip=01;31:*.z=01;31:*.dz=01;31:*.gz=01;31:*.lrz=01;31:*.lz=01;31:*.lzo=01;31:*.xz=01;31:*.zst=01;31:*.tzst=01;31:*.bz2=01;31:*.bz=01;31:*.tbz=01;31:*.tbz2=01;31:*.tz=01;31:*.deb=01;31:*.rpm=01;31:*.jar=01;31:*.war=01;31:*.ear=01;31:*.sar=01;31:*.rar=01;31:*.alz=01;31:*.ace=01;31:*.zoo=01;31:*.cpio=01;31:*.7z=01;31:*.rz=01;31:*.cab=01;31:*.wim=01;31:*.swm=01;31:*.dwm=01;31:*.esd=01;31:*.jpg=01;35:*.jpeg=01;35:*.mjpg=01;35:*.mjpeg=01;35:*.gif=01;35:*.bmp=01;35:*.pbm=01;35:*.pgm=01;35:*.ppm=01;35:*.tga=01;35:*.xbm=01;35:*.xpm=01;35:*.tif=01;35:*.tiff=01;35:*.png=01;35:*.svg=01;35:*.svgz=01;35:*.mng=01;35:*.pcx=01;35:*.mov=01;35:*.mpg=01;35:*.mpeg=01;35:*.m2v=01;35:*.mkv=01;35:*.webm=01;35:*.webp=01;35:*.ogm=01;35:*.mp4=01;35:*.m4v=01;35:*.mp4v=01;35:*.vob=01;35:*.qt=01;35:*.nuv=01;35:*.wmv=01;35:*.asf=01;35:*.rm=01;35:*.rmvb=01;35:*.flc=01;35:*.avi=01;35:*.fli=01;35:*.flv=01;35:*.gl=01;35:*.dl=01;35:*.xcf=01;35:*.xwd=01;35:*.yuv=01;35:*.cgm=01;35:*.emf=01;35:*.ogv=01;35:*.ogx=01;35:*.aac=00;36:*.au=00;36:*.flac=00;36:*.m4a=00;36:*.mid=00;36:*.midi=00;36:*.mka=00;36:*.mp3=00;36:*.mpc=00;36:*.ogg=00;36:*.ra=00;36:*.wav=00;36:*.oga=00;36:*.opus=00;36:*.spx=00;36:*.xspf=00;36:', 'VSCODE_GIT_IPC_HANDLE': '/run/user/1000/vscode-git-fe0705986e.sock', 'HUMBLE_ROS': 'humble', 'TERM_PROGRAM': 'vscode', 'AMENT_PREFIX_PATH': '/opt/ros/humble', 'SHELL': '/bin/bash', 'LESSCLOSE': '/usr/bin/lesspipe %s %s', 'ROS_EDITION': 'ROS2', 'PWD': '/home/orin2/ros2_ws/build/coco_detector', 'SSH_CONNECTION': '192.168.0.128 48182 192.168.0.226 22', 'PYTHONPATH': '/home/orin2/ros2_ws/build/coco_detector/prefix_override:/usr/lib/python3/dist-packages/colcon_core/task/python/colcon_distutils_commands:/home/orin2/ros2_ws/install/coco_detector/lib/python3.10/site-packages:/home/orin2/unitree_ros2/src/install/go2_robot_sdk/lib/python3.10/site-packages:/home/orin2/unitree_ros2/src/install/unitree_go/local/lib/python3.10/dist-packages:/home/orin2/unitree_ros2/src/install/go2_interfaces/local/lib/python3.10/dist-packages:/home/orin2/unitree_ros2/src/install/coco_detector/lib/python3.10/site-packages:/opt/ros/humble/lib/python3.10/site-packages:/opt/ros/humble/local/lib/python3.10/dist-packages:/home/orin2/unitree_ros2/BuddyNav/robot/unitree_sdk2_python', 'CONN_TYPE': 'cyclonedds', 'COLCON': '1'}, 'shell': False}
[2.008716] (-) TimerEvent: {}
[2.109856] (-) TimerEvent: {}
[2.151412] (ros2_bag_to_image) StdoutLine: {'line': b'-- Found rosidl_generator_c: 3.1.6 (/opt/ros/humble/share/rosidl_generator_c/cmake)\n'}
[2.159483] (ros2_bag_to_image) StdoutLine: {'line': b'-- Found rosidl_adapter: 3.1.6 (/opt/ros/humble/share/rosidl_adapter/cmake)\n'}
[2.173292] (ros2_bag_to_image) StdoutLine: {'line': b'-- Found rosidl_generator_cpp: 3.1.6 (/opt/ros/humble/share/rosidl_generator_cpp/cmake)\n'}
[2.193892] (ros2_bag_to_image) StdoutLine: {'line': b'-- Using all available rosidl_typesupport_c: rosidl_typesupport_fastrtps_c;rosidl_typesupport_introspection_c\n'}
[2.210006] (-) TimerEvent: {}
[2.222137] (ros2_bag_to_image) StdoutLine: {'line': b'-- Using all available rosidl_typesupport_cpp: rosidl_typesupport_fastrtps_cpp;rosidl_typesupport_introspection_cpp\n'}
[2.296660] (ros2_bag_to_image) StdoutLine: {'line': b'-- Found rmw_implementation_cmake: 6.1.2 (/opt/ros/humble/share/rmw_implementation_cmake/cmake)\n'}
[2.300812] (ros2_bag_to_image) StdoutLine: {'line': b'-- Found rmw_fastrtps_cpp: 6.2.7 (/opt/ros/humble/share/rmw_fastrtps_cpp/cmake)\n'}
[2.310127] (-) TimerEvent: {}
[2.410804] (-) TimerEvent: {}
[2.470728] (ros2_bag_to_image) StdoutLine: {'line': b'-- Found OpenSSL: /usr/lib/aarch64-linux-gnu/libcrypto.so (found version "3.0.2")  \n'}
[2.482565] (coco_detector) StdoutLine: {'line': b'running egg_info\n'}
[2.484464] (coco_detector) StdoutLine: {'line': b'writing ../../build/coco_detector/coco_detector.egg-info/PKG-INFO\n'}
[2.485097] (coco_detector) StdoutLine: {'line': b'writing dependency_links to ../../build/coco_detector/coco_detector.egg-info/dependency_links.txt\n'}
[2.485487] (coco_detector) StdoutLine: {'line': b'writing entry points to ../../build/coco_detector/coco_detector.egg-info/entry_points.txt\n'}
[2.485762] (coco_detector) StdoutLine: {'line': b'writing requirements to ../../build/coco_detector/coco_detector.egg-info/requires.txt\n'}
[2.487398] (coco_detector) StdoutLine: {'line': b'writing top-level names to ../../build/coco_detector/coco_detector.egg-info/top_level.txt\n'}
[2.493543] (coco_detector) StdoutLine: {'line': b"reading manifest file '../../build/coco_detector/coco_detector.egg-info/SOURCES.txt'\n"}
[2.495349] (coco_detector) StdoutLine: {'line': b"writing manifest file '../../build/coco_detector/coco_detector.egg-info/SOURCES.txt'\n"}
[2.495862] (coco_detector) StdoutLine: {'line': b'running build\n'}
[2.496066] (coco_detector) StdoutLine: {'line': b'running build_py\n'}
[2.496413] (coco_detector) StdoutLine: {'line': b'running install\n'}
[2.497009] (coco_detector) StdoutLine: {'line': b'running install_lib\n'}
[2.499802] (coco_detector) StdoutLine: {'line': b'running install_data\n'}
[2.500136] (coco_detector) StdoutLine: {'line': b'running install_egg_info\n'}
[2.503542] (coco_detector) StdoutLine: {'line': b"removing '/home/orin2/ros2_ws/install/coco_detector/lib/python3.10/site-packages/coco_detector-0.0.0-py3.10.egg-info' (and everything under it)\n"}
[2.505154] (coco_detector) StdoutLine: {'line': b'Copying ../../build/coco_detector/coco_detector.egg-info to /home/orin2/ros2_ws/install/coco_detector/lib/python3.10/site-packages/coco_detector-0.0.0-py3.10.egg-info\n'}
[2.506546] (coco_detector) StdoutLine: {'line': b'running install_scripts\n'}
[2.510920] (-) TimerEvent: {}
[2.526809] (ros2_bag_to_image) StdoutLine: {'line': b'-- Found FastRTPS: /opt/ros/humble/include  \n'}
[2.551292] (coco_detector) StdoutLine: {'line': b'Installing coco_detector_node script to /home/orin2/ros2_ws/install/coco_detector/lib/coco_detector\n'}
[2.552228] (coco_detector) StdoutLine: {'line': b"writing list of installed files to '/home/orin2/ros2_ws/build/coco_detector/install.log'\n"}
[2.611098] (-) TimerEvent: {}
[2.615928] (ros2_bag_to_image) StdoutLine: {'line': b"-- Using RMW implementation 'rmw_fastrtps_cpp' as default\n"}
[2.634334] (coco_detector) CommandEnded: {'returncode': 0}
[2.638840] (ros2_bag_to_image) StdoutLine: {'line': b'-- Looking for pthread.h\n'}
[2.649459] (coco_detector) JobEnded: {'identifier': 'coco_detector', 'rc': 0}
[2.711234] (-) TimerEvent: {}
[2.790317] (ros2_bag_to_image) StdoutLine: {'line': b'-- Looking for pthread.h - found\n'}
[2.791083] (ros2_bag_to_image) StdoutLine: {'line': b'-- Performing Test CMAKE_HAVE_LIBC_PTHREAD\n'}
[2.811417] (-) TimerEvent: {}
[2.880161] (go2_robot_sdk) Command: {'cmd': ['/usr/bin/python3', '-W', 'ignore:setup.py install is deprecated', '-W', 'ignore:easy_install command is deprecated', 'setup.py', 'egg_info', '--egg-base', '../../build/go2_robot_sdk', 'build', '--build-base', '/home/orin2/ros2_ws/build/go2_robot_sdk/build', 'install', '--record', '/home/orin2/ros2_ws/build/go2_robot_sdk/install.log', '--single-version-externally-managed', 'install_data'], 'cwd': '/home/orin2/ros2_ws/src/go2_robot_sdk', 'env': {'ROBOT_IP': '192.168.123.161', 'LESSOPEN': '| /usr/bin/lesspipe %s', 'USER': 'orin2', 'SSH_CLIENT': '192.168.0.128 48182 22', 'XDG_SESSION_TYPE': 'tty', 'SHLVL': '1', 'LD_LIBRARY_PATH': '/home/orin2/ros2_ws/install/unitree_go/lib:/home/orin2/ros2_ws/install/go2_interfaces/lib:/usr/local/cuda-12.6/lib64:/opt/ros/humble/opt/rviz_ogre_vendor/lib:/opt/ros/humble/lib/aarch64-linux-gnu:/opt/ros/humble/lib:/usr/local/cuda-12.2/lib64', 'BROWSER': '/home/orin2/.vscode-server/bin/ddc367ed5c8936efe395cffeec279b04ffd7db78/bin/helpers/browser.sh', 'MAP_NAME': '3d_map', 'MOTD_SHOWN': 'pam', 'HOME': '/home/orin2', 'OLDPWD': '/home/orin2/ros2_ws/src', 'TERM_PROGRAM_VERSION': '1.98.2', 'VSCODE_IPC_HOOK_CLI': '/run/user/1000/vscode-ipc-e7d8a6a6-2694-4128-8dce-50e771882e45.sock', 'ROS_PYTHON_VERSION': '3', 'PYDEVD_DISABLE_FILE_VALIDATION': '1', 'BUNDLED_DEBUGPY_PATH': '/home/orin2/.vscode-server/extensions/ms-python.debugpy-2025.4.1-linux-arm64/bundled/libs/debugpy', 'DBUS_SESSION_BUS_ADDRESS': 'unix:path=/run/user/1000/bus', 'COLORTERM': 'truecolor', 'ROS_DISTRO': 'humble', 'LOGNAME': 'orin2', '_': '/usr/bin/colcon', 'ROS_VERSION': '2', 'XDG_SESSION_CLASS': 'user', 'TERM': 'xterm-256color', 'XDG_SESSION_ID': '2', 'MAP_SAVE': 'True', 'ROS_LOCALHOST_ONLY': '0', 'PATH': '/usr/local/cuda-12.6/bin:/opt/ros/humble/bin:/usr/local/cuda-12.2/bin:/home/orin2/.vscode-server/bin/ddc367ed5c8936efe395cffeec279b04ffd7db78/bin/remote-cli:/usr/local/sbin:/usr/local/bin:/usr/sbin:/usr/bin:/sbin:/bin:/usr/games:/usr/local/games:/snap/bin:/home/orin2/.vscode-server/extensions/ms-python.debugpy-2025.4.1-linux-arm64/bundled/scripts/noConfigScripts:/home/orin2/.vscode-server/data/User/globalStorage/github.copilot-chat/debugCommand:/home/orin2/Repository/mcap/go/cli/mcap/bin:/usr/local/go/bin', 'XDG_RUNTIME_DIR': '/run/user/1000', 'DISPLAY': 'localhost:10.0', 'VSCODE_DEBUGPY_ADAPTER_ENDPOINTS': '/home/orin2/.vscode-server/extensions/ms-python.debugpy-2025.4.1-linux-arm64/.noConfigDebugAdapterEndpoints/endpoint-7ad11a21a46cf7ea.txt', 'LANG': 'en_US.UTF-8', 'RMW_IMPLEMENTATION': 'rmw_fastrtps_cpp', 'LS_COLORS': 'rs=0:di=01;34:ln=01;36:mh=00:pi=40;33:so=01;35:do=01;35:bd=40;33;01:cd=40;33;01:or=40;31;01:mi=00:su=37;41:sg=30;43:ca=30;41:tw=30;42:ow=34;42:st=37;44:ex=01;32:*.tar=01;31:*.tgz=01;31:*.arc=01;31:*.arj=01;31:*.taz=01;31:*.lha=01;31:*.lz4=01;31:*.lzh=01;31:*.lzma=01;31:*.tlz=01;31:*.txz=01;31:*.tzo=01;31:*.t7z=01;31:*.zip=01;31:*.z=01;31:*.dz=01;31:*.gz=01;31:*.lrz=01;31:*.lz=01;31:*.lzo=01;31:*.xz=01;31:*.zst=01;31:*.tzst=01;31:*.bz2=01;31:*.bz=01;31:*.tbz=01;31:*.tbz2=01;31:*.tz=01;31:*.deb=01;31:*.rpm=01;31:*.jar=01;31:*.war=01;31:*.ear=01;31:*.sar=01;31:*.rar=01;31:*.alz=01;31:*.ace=01;31:*.zoo=01;31:*.cpio=01;31:*.7z=01;31:*.rz=01;31:*.cab=01;31:*.wim=01;31:*.swm=01;31:*.dwm=01;31:*.esd=01;31:*.jpg=01;35:*.jpeg=01;35:*.mjpg=01;35:*.mjpeg=01;35:*.gif=01;35:*.bmp=01;35:*.pbm=01;35:*.pgm=01;35:*.ppm=01;35:*.tga=01;35:*.xbm=01;35:*.xpm=01;35:*.tif=01;35:*.tiff=01;35:*.png=01;35:*.svg=01;35:*.svgz=01;35:*.mng=01;35:*.pcx=01;35:*.mov=01;35:*.mpg=01;35:*.mpeg=01;35:*.m2v=01;35:*.mkv=01;35:*.webm=01;35:*.webp=01;35:*.ogm=01;35:*.mp4=01;35:*.m4v=01;35:*.mp4v=01;35:*.vob=01;35:*.qt=01;35:*.nuv=01;35:*.wmv=01;35:*.asf=01;35:*.rm=01;35:*.rmvb=01;35:*.flc=01;35:*.avi=01;35:*.fli=01;35:*.flv=01;35:*.gl=01;35:*.dl=01;35:*.xcf=01;35:*.xwd=01;35:*.yuv=01;35:*.cgm=01;35:*.emf=01;35:*.ogv=01;35:*.ogx=01;35:*.aac=00;36:*.au=00;36:*.flac=00;36:*.m4a=00;36:*.mid=00;36:*.midi=00;36:*.mka=00;36:*.mp3=00;36:*.mpc=00;36:*.ogg=00;36:*.ra=00;36:*.wav=00;36:*.oga=00;36:*.opus=00;36:*.spx=00;36:*.xspf=00;36:', 'VSCODE_GIT_IPC_HANDLE': '/run/user/1000/vscode-git-fe0705986e.sock', 'HUMBLE_ROS': 'humble', 'TERM_PROGRAM': 'vscode', 'AMENT_PREFIX_PATH': '/home/orin2/ros2_ws/install/unitree_go:/home/orin2/ros2_ws/install/go2_interfaces:/opt/ros/humble', 'SHELL': '/bin/bash', 'LESSCLOSE': '/usr/bin/lesspipe %s %s', 'ROS_EDITION': 'ROS2', 'PWD': '/home/orin2/ros2_ws/build/go2_robot_sdk', 'SSH_CONNECTION': '192.168.0.128 48182 192.168.0.226 22', 'PYTHONPATH': '/home/orin2/ros2_ws/build/go2_robot_sdk/prefix_override:/usr/lib/python3/dist-packages/colcon_core/task/python/colcon_distutils_commands:/home/orin2/ros2_ws/install/go2_robot_sdk/lib/python3.10/site-packages:/home/orin2/ros2_ws/install/unitree_go/local/lib/python3.10/dist-packages:/home/orin2/ros2_ws/install/go2_interfaces/local/lib/python3.10/dist-packages:/home/orin2/unitree_ros2/src/install/go2_robot_sdk/lib/python3.10/site-packages:/home/orin2/unitree_ros2/src/install/unitree_go/local/lib/python3.10/dist-packages:/home/orin2/unitree_ros2/src/install/go2_interfaces/local/lib/python3.10/dist-packages:/home/orin2/unitree_ros2/src/install/coco_detector/lib/python3.10/site-packages:/opt/ros/humble/lib/python3.10/site-packages:/opt/ros/humble/local/lib/python3.10/dist-packages:/home/orin2/unitree_ros2/BuddyNav/robot/unitree_sdk2_python', 'CONN_TYPE': 'cyclonedds', 'COLCON': '1', 'CMAKE_PREFIX_PATH': '/home/orin2/ros2_ws/install/unitree_go:/home/orin2/ros2_ws/install/go2_interfaces'}, 'shell': False}
[2.911568] (-) TimerEvent: {}
[2.943859] (ros2_bag_to_image) StdoutLine: {'line': b'-- Performing Test CMAKE_HAVE_LIBC_PTHREAD - Success\n'}
[2.945943] (ros2_bag_to_image) StdoutLine: {'line': b'-- Found Threads: TRUE  \n'}
[3.011734] (-) TimerEvent: {}
[3.112572] (-) TimerEvent: {}
[3.213482] (-) TimerEvent: {}
[3.285697] (ros2_bag_to_image) StdoutLine: {'line': b'-- Found OpenCV: /usr (found version "4.8.0") \n'}
[3.297612] (ros2_bag_to_image) StdoutLine: {'line': b'-- Found Boost: /usr/local/lib/cmake/Boost-1.71.0/BoostConfig.cmake (found version "1.71.0")  \n'}
[3.313784] (-) TimerEvent: {}
[3.319580] (ros2_bag_to_image) StdoutLine: {'line': b'-- Configuring done\n'}
[3.360830] (ros2_bag_to_image) StdoutLine: {'line': b'-- Generating done\n'}
[3.376910] (ros2_bag_to_image) StdoutLine: {'line': b'-- Build files have been written to: /home/orin2/ros2_ws/build/ros2_bag_to_image\n'}
[3.406092] (ros2_bag_to_image) CommandEnded: {'returncode': 0}
[3.407742] (ros2_bag_to_image) JobProgress: {'identifier': 'ros2_bag_to_image', 'progress': 'build'}
[3.408694] (ros2_bag_to_image) Command: {'cmd': ['/usr/bin/cmake', '--build', '/home/orin2/ros2_ws/build/ros2_bag_to_image', '--', '-j8', '-l8'], 'cwd': '/home/orin2/ros2_ws/build/ros2_bag_to_image', 'env': OrderedDict([('ROBOT_IP', '192.168.123.161'), ('LESSOPEN', '| /usr/bin/lesspipe %s'), ('USER', 'orin2'), ('SSH_CLIENT', '192.168.0.128 48182 22'), ('XDG_SESSION_TYPE', 'tty'), ('SHLVL', '1'), ('LD_LIBRARY_PATH', '/usr/local/cuda-12.6/lib64:/opt/ros/humble/opt/rviz_ogre_vendor/lib:/opt/ros/humble/lib/aarch64-linux-gnu:/opt/ros/humble/lib:/usr/local/cuda-12.2/lib64:'), ('BROWSER', '/home/orin2/.vscode-server/bin/ddc367ed5c8936efe395cffeec279b04ffd7db78/bin/helpers/browser.sh'), ('MAP_NAME', '3d_map'), ('MOTD_SHOWN', 'pam'), ('HOME', '/home/orin2'), ('OLDPWD', '/home/orin2/ros2_ws/src'), ('TERM_PROGRAM_VERSION', '1.98.2'), ('VSCODE_IPC_HOOK_CLI', '/run/user/1000/vscode-ipc-e7d8a6a6-2694-4128-8dce-50e771882e45.sock'), ('ROS_PYTHON_VERSION', '3'), ('PYDEVD_DISABLE_FILE_VALIDATION', '1'), ('BUNDLED_DEBUGPY_PATH', '/home/orin2/.vscode-server/extensions/ms-python.debugpy-2025.4.1-linux-arm64/bundled/libs/debugpy'), ('DBUS_SESSION_BUS_ADDRESS', 'unix:path=/run/user/1000/bus'), ('COLORTERM', 'truecolor'), ('ROS_DISTRO', 'humble'), ('LOGNAME', 'orin2'), ('_', '/usr/bin/colcon'), ('ROS_VERSION', '2'), ('XDG_SESSION_CLASS', 'user'), ('TERM', 'xterm-256color'), ('XDG_SESSION_ID', '2'), ('MAP_SAVE', 'True'), ('ROS_LOCALHOST_ONLY', '0'), ('PATH', '/usr/local/cuda-12.6/bin:/opt/ros/humble/bin:/usr/local/cuda-12.2/bin:/home/orin2/.vscode-server/bin/ddc367ed5c8936efe395cffeec279b04ffd7db78/bin/remote-cli:/usr/local/sbin:/usr/local/bin:/usr/sbin:/usr/bin:/sbin:/bin:/usr/games:/usr/local/games:/snap/bin:/home/orin2/.vscode-server/extensions/ms-python.debugpy-2025.4.1-linux-arm64/bundled/scripts/noConfigScripts:/home/orin2/.vscode-server/data/User/globalStorage/github.copilot-chat/debugCommand:/home/orin2/Repository/mcap/go/cli/mcap/bin:/usr/local/go/bin'), ('XDG_RUNTIME_DIR', '/run/user/1000'), ('DISPLAY', 'localhost:10.0'), ('VSCODE_DEBUGPY_ADAPTER_ENDPOINTS', '/home/orin2/.vscode-server/extensions/ms-python.debugpy-2025.4.1-linux-arm64/.noConfigDebugAdapterEndpoints/endpoint-7ad11a21a46cf7ea.txt'), ('LANG', 'en_US.UTF-8'), ('RMW_IMPLEMENTATION', 'rmw_fastrtps_cpp'), ('LS_COLORS', 'rs=0:di=01;34:ln=01;36:mh=00:pi=40;33:so=01;35:do=01;35:bd=40;33;01:cd=40;33;01:or=40;31;01:mi=00:su=37;41:sg=30;43:ca=30;41:tw=30;42:ow=34;42:st=37;44:ex=01;32:*.tar=01;31:*.tgz=01;31:*.arc=01;31:*.arj=01;31:*.taz=01;31:*.lha=01;31:*.lz4=01;31:*.lzh=01;31:*.lzma=01;31:*.tlz=01;31:*.txz=01;31:*.tzo=01;31:*.t7z=01;31:*.zip=01;31:*.z=01;31:*.dz=01;31:*.gz=01;31:*.lrz=01;31:*.lz=01;31:*.lzo=01;31:*.xz=01;31:*.zst=01;31:*.tzst=01;31:*.bz2=01;31:*.bz=01;31:*.tbz=01;31:*.tbz2=01;31:*.tz=01;31:*.deb=01;31:*.rpm=01;31:*.jar=01;31:*.war=01;31:*.ear=01;31:*.sar=01;31:*.rar=01;31:*.alz=01;31:*.ace=01;31:*.zoo=01;31:*.cpio=01;31:*.7z=01;31:*.rz=01;31:*.cab=01;31:*.wim=01;31:*.swm=01;31:*.dwm=01;31:*.esd=01;31:*.jpg=01;35:*.jpeg=01;35:*.mjpg=01;35:*.mjpeg=01;35:*.gif=01;35:*.bmp=01;35:*.pbm=01;35:*.pgm=01;35:*.ppm=01;35:*.tga=01;35:*.xbm=01;35:*.xpm=01;35:*.tif=01;35:*.tiff=01;35:*.png=01;35:*.svg=01;35:*.svgz=01;35:*.mng=01;35:*.pcx=01;35:*.mov=01;35:*.mpg=01;35:*.mpeg=01;35:*.m2v=01;35:*.mkv=01;35:*.webm=01;35:*.webp=01;35:*.ogm=01;35:*.mp4=01;35:*.m4v=01;35:*.mp4v=01;35:*.vob=01;35:*.qt=01;35:*.nuv=01;35:*.wmv=01;35:*.asf=01;35:*.rm=01;35:*.rmvb=01;35:*.flc=01;35:*.avi=01;35:*.fli=01;35:*.flv=01;35:*.gl=01;35:*.dl=01;35:*.xcf=01;35:*.xwd=01;35:*.yuv=01;35:*.cgm=01;35:*.emf=01;35:*.ogv=01;35:*.ogx=01;35:*.aac=00;36:*.au=00;36:*.flac=00;36:*.m4a=00;36:*.mid=00;36:*.midi=00;36:*.mka=00;36:*.mp3=00;36:*.mpc=00;36:*.ogg=00;36:*.ra=00;36:*.wav=00;36:*.oga=00;36:*.opus=00;36:*.spx=00;36:*.xspf=00;36:'), ('VSCODE_GIT_IPC_HANDLE', '/run/user/1000/vscode-git-fe0705986e.sock'), ('HUMBLE_ROS', 'humble'), ('TERM_PROGRAM', 'vscode'), ('AMENT_PREFIX_PATH', '/opt/ros/humble'), ('SHELL', '/bin/bash'), ('LESSCLOSE', '/usr/bin/lesspipe %s %s'), ('ROS_EDITION', 'ROS2'), ('PWD', '/home/orin2/ros2_ws/build/ros2_bag_to_image'), ('SSH_CONNECTION', '192.168.0.128 48182 192.168.0.226 22'), ('PYTHONPATH', '/home/orin2/unitree_ros2/src/install/go2_robot_sdk/lib/python3.10/site-packages:/home/orin2/unitree_ros2/src/install/unitree_go/local/lib/python3.10/dist-packages:/home/orin2/unitree_ros2/src/install/go2_interfaces/local/lib/python3.10/dist-packages:/home/orin2/unitree_ros2/src/install/coco_detector/lib/python3.10/site-packages:/opt/ros/humble/lib/python3.10/site-packages:/opt/ros/humble/local/lib/python3.10/dist-packages:/home/orin2/unitree_ros2/BuddyNav/robot/unitree_sdk2_python'), ('CONN_TYPE', 'cyclonedds'), ('COLCON', '1'), ('CMAKE_PREFIX_PATH', '/opt/ros/humble')]), 'shell': False}
[3.413888] (-) TimerEvent: {}
[3.438237] (go2_robot_sdk) StdoutLine: {'line': b'running egg_info\n'}
[3.439811] (go2_robot_sdk) StdoutLine: {'line': b'writing ../../build/go2_robot_sdk/go2_robot_sdk.egg-info/PKG-INFO\n'}
[3.440393] (go2_robot_sdk) StdoutLine: {'line': b'writing dependency_links to ../../build/go2_robot_sdk/go2_robot_sdk.egg-info/dependency_links.txt\n'}
[3.440842] (go2_robot_sdk) StdoutLine: {'line': b'writing entry points to ../../build/go2_robot_sdk/go2_robot_sdk.egg-info/entry_points.txt\n'}
[3.441593] (go2_robot_sdk) StdoutLine: {'line': b'writing requirements to ../../build/go2_robot_sdk/go2_robot_sdk.egg-info/requires.txt\n'}
[3.441860] (go2_robot_sdk) StdoutLine: {'line': b'writing top-level names to ../../build/go2_robot_sdk/go2_robot_sdk.egg-info/top_level.txt\n'}
[3.449164] (go2_robot_sdk) StdoutLine: {'line': b"reading manifest file '../../build/go2_robot_sdk/go2_robot_sdk.egg-info/SOURCES.txt'\n"}
[3.449888] (go2_robot_sdk) StdoutLine: {'line': b"adding license file 'LICENSE'\n"}
[3.451618] (go2_robot_sdk) StdoutLine: {'line': b"writing manifest file '../../build/go2_robot_sdk/go2_robot_sdk.egg-info/SOURCES.txt'\n"}
[3.451907] (go2_robot_sdk) StdoutLine: {'line': b'running build\n'}
[3.452084] (go2_robot_sdk) StdoutLine: {'line': b'running build_py\n'}
[3.453620] (go2_robot_sdk) StdoutLine: {'line': b'running install\n'}
[3.454315] (go2_robot_sdk) StdoutLine: {'line': b'running install_lib\n'}
[3.457908] (go2_robot_sdk) StdoutLine: {'line': b'running install_data\n'}
[3.459663] (go2_robot_sdk) StdoutLine: {'line': b'running install_egg_info\n'}
[3.463600] (go2_robot_sdk) StdoutLine: {'line': b"removing '/home/orin2/ros2_ws/install/go2_robot_sdk/lib/python3.10/site-packages/go2_robot_sdk-0.0.0-py3.10.egg-info' (and everything under it)\n"}
[3.464375] (go2_robot_sdk) StdoutLine: {'line': b'Copying ../../build/go2_robot_sdk/go2_robot_sdk.egg-info to /home/orin2/ros2_ws/install/go2_robot_sdk/lib/python3.10/site-packages/go2_robot_sdk-0.0.0-py3.10.egg-info\n'}
[3.466535] (go2_robot_sdk) StdoutLine: {'line': b'running install_scripts\n'}
[3.512758] (go2_robot_sdk) StdoutLine: {'line': b'Installing go2_driver_node script to /home/orin2/ros2_ws/install/go2_robot_sdk/lib/go2_robot_sdk\n'}
[3.513374] (go2_robot_sdk) StdoutLine: {'line': b'Installing lidar_to_pointcloud script to /home/orin2/ros2_ws/install/go2_robot_sdk/lib/go2_robot_sdk\n'}
[3.513584] (go2_robot_sdk) StdoutLine: {'line': b'Installing tts_node script to /home/orin2/ros2_ws/install/go2_robot_sdk/lib/go2_robot_sdk\n'}
[3.514482] (-) TimerEvent: {}
[3.514962] (ros2_bag_to_image) StdoutLine: {'line': b'[ 12%] \x1b[32mBuilding CXX object CMakeFiles/topic_to_image.dir/src/topic_to_image.cpp.o\x1b[0m\n'}
[3.515254] (go2_robot_sdk) StdoutLine: {'line': b"writing list of installed files to '/home/orin2/ros2_ws/build/go2_robot_sdk/install.log'\n"}
[3.515473] (ros2_bag_to_image) StdoutLine: {'line': b'[ 25%] \x1b[32mBuilding CXX object CMakeFiles/bag_to_image_node.dir/rclcpp_components/node_main_bag_to_image_node.cpp.o\x1b[0m\n'}
[3.516025] (ros2_bag_to_image) StdoutLine: {'line': b'[ 37%] \x1b[32mBuilding CXX object CMakeFiles/topic_to_image_node.dir/rclcpp_components/node_main_topic_to_image_node.cpp.o\x1b[0m\n'}
[3.608993] (go2_robot_sdk) CommandEnded: {'returncode': 0}
[3.614696] (-) TimerEvent: {}
[3.617185] (go2_robot_sdk) JobEnded: {'identifier': 'go2_robot_sdk', 'rc': 0}
[3.714882] (-) TimerEvent: {}
[3.815519] (-) TimerEvent: {}
[3.916182] (-) TimerEvent: {}
[4.016847] (-) TimerEvent: {}
[4.117516] (-) TimerEvent: {}
[4.218209] (-) TimerEvent: {}
[4.318911] (-) TimerEvent: {}
[4.420126] (-) TimerEvent: {}
[4.521248] (-) TimerEvent: {}
[4.621960] (-) TimerEvent: {}
[4.722645] (-) TimerEvent: {}
[4.823348] (-) TimerEvent: {}
[4.924065] (-) TimerEvent: {}
[5.024742] (-) TimerEvent: {}
[5.125450] (-) TimerEvent: {}
[5.226194] (-) TimerEvent: {}
[5.326885] (-) TimerEvent: {}
[5.427578] (-) TimerEvent: {}
[5.528283] (-) TimerEvent: {}
[5.629008] (-) TimerEvent: {}
[5.729723] (-) TimerEvent: {}
[5.830511] (-) TimerEvent: {}
[5.931259] (-) TimerEvent: {}
[6.031994] (-) TimerEvent: {}
[6.132706] (-) TimerEvent: {}
[6.233404] (-) TimerEvent: {}
[6.334141] (-) TimerEvent: {}
[6.434883] (-) TimerEvent: {}
[6.535864] (-) TimerEvent: {}
[6.636867] (-) TimerEvent: {}
[6.737621] (-) TimerEvent: {}
[6.838325] (-) TimerEvent: {}
[6.939006] (-) TimerEvent: {}
[7.039755] (-) TimerEvent: {}
[7.140509] (-) TimerEvent: {}
[7.242066] (-) TimerEvent: {}
[7.343679] (-) TimerEvent: {}
[7.445019] (-) TimerEvent: {}
[7.546554] (-) TimerEvent: {}
[7.649745] (-) TimerEvent: {}
[7.750428] (-) TimerEvent: {}
[7.851105] (-) TimerEvent: {}
[7.951795] (-) TimerEvent: {}
[8.052501] (-) TimerEvent: {}
[8.153189] (-) TimerEvent: {}
[8.253895] (-) TimerEvent: {}
[8.354639] (-) TimerEvent: {}
[8.455323] (-) TimerEvent: {}
[8.556015] (-) TimerEvent: {}
[8.656725] (-) TimerEvent: {}
[8.757387] (-) TimerEvent: {}
[8.858087] (-) TimerEvent: {}
[8.958828] (-) TimerEvent: {}
[9.059510] (-) TimerEvent: {}
[9.160235] (-) TimerEvent: {}
[9.260940] (-) TimerEvent: {}
[9.362051] (-) TimerEvent: {}
[9.462765] (-) TimerEvent: {}
[9.563441] (-) TimerEvent: {}
[9.664132] (-) TimerEvent: {}
[9.764827] (-) TimerEvent: {}
[9.865506] (-) TimerEvent: {}
[9.966383] (-) TimerEvent: {}
[10.067065] (-) TimerEvent: {}
[10.167740] (-) TimerEvent: {}
[10.268431] (-) TimerEvent: {}
[10.351217] (ros2_bag_to_image) StdoutLine: {'line': b'[ 50%] \x1b[32m\x1b[1mLinking CXX executable bag_to_image_node\x1b[0m\n'}
[10.368719] (-) TimerEvent: {}
[10.413966] (ros2_bag_to_image) StdoutLine: {'line': b'[ 62%] \x1b[32m\x1b[1mLinking CXX executable topic_to_image_node\x1b[0m\n'}
[10.468853] (-) TimerEvent: {}
[10.569544] (-) TimerEvent: {}
[10.610254] (ros2_bag_to_image) StdoutLine: {'line': b'[ 62%] Built target bag_to_image_node\n'}
[10.669384] (ros2_bag_to_image) StdoutLine: {'line': b'[ 62%] Built target topic_to_image_node\n'}
[10.670164] (-) TimerEvent: {}
[10.770696] (-) TimerEvent: {}
[10.871635] (-) TimerEvent: {}
[10.972490] (-) TimerEvent: {}
[11.073318] (-) TimerEvent: {}
[11.174188] (-) TimerEvent: {}
[11.275037] (-) TimerEvent: {}
[11.375902] (-) TimerEvent: {}
[11.476707] (-) TimerEvent: {}
[11.577449] (-) TimerEvent: {}
[11.678305] (-) TimerEvent: {}
[11.779179] (-) TimerEvent: {}
[11.880041] (-) TimerEvent: {}
[11.980913] (-) TimerEvent: {}
[12.081772] (-) TimerEvent: {}
[12.182718] (-) TimerEvent: {}
[12.283408] (-) TimerEvent: {}
[12.384206] (-) TimerEvent: {}
[12.484920] (-) TimerEvent: {}
[12.585756] (-) TimerEvent: {}
[12.686480] (-) TimerEvent: {}
[12.787291] (-) TimerEvent: {}
[12.888200] (-) TimerEvent: {}
[12.989054] (-) TimerEvent: {}
[13.090035] (-) TimerEvent: {}
[13.190765] (-) TimerEvent: {}
[13.291564] (-) TimerEvent: {}
[13.392341] (-) TimerEvent: {}
[13.493253] (-) TimerEvent: {}
[13.594309] (-) TimerEvent: {}
[13.695180] (-) TimerEvent: {}
[13.796198] (-) TimerEvent: {}
[13.897010] (-) TimerEvent: {}
[13.998002] (-) TimerEvent: {}
[14.098924] (-) TimerEvent: {}
[14.199881] (-) TimerEvent: {}
[14.300743] (-) TimerEvent: {}
[14.401897] (-) TimerEvent: {}
[14.502826] (-) TimerEvent: {}
[14.603807] (-) TimerEvent: {}
[14.704570] (-) TimerEvent: {}
[14.805521] (-) TimerEvent: {}
[14.906432] (-) TimerEvent: {}
[15.007274] (-) TimerEvent: {}
[15.108151] (-) TimerEvent: {}
[15.209122] (-) TimerEvent: {}
[15.309947] (-) TimerEvent: {}
[15.410835] (-) TimerEvent: {}
[15.511581] (-) TimerEvent: {}
[15.612669] (-) TimerEvent: {}
[15.663556] (ros2_bag_to_image) StdoutLine: {'line': b'[ 75%] \x1b[32m\x1b[1mLinking CXX shared library libtopic_to_image.so\x1b[0m\n'}
[15.712796] (-) TimerEvent: {}
[15.813522] (-) TimerEvent: {}
[15.914369] (-) TimerEvent: {}
[15.934269] (ros2_bag_to_image) StdoutLine: {'line': b'[ 75%] Built target topic_to_image\n'}
[15.979318] (ros2_bag_to_image) StdoutLine: {'line': b'[ 87%] \x1b[32mBuilding CXX object CMakeFiles/bag_to_image.dir/src/bag_to_image.cpp.o\x1b[0m\n'}
[16.014536] (-) TimerEvent: {}
[16.115207] (-) TimerEvent: {}
[16.215885] (-) TimerEvent: {}
[16.316531] (-) TimerEvent: {}
[16.417188] (-) TimerEvent: {}
[16.517857] (-) TimerEvent: {}
[16.618568] (-) TimerEvent: {}
[16.719252] (-) TimerEvent: {}
[16.819918] (-) TimerEvent: {}
[16.920767] (-) TimerEvent: {}
[17.021570] (-) TimerEvent: {}
[17.122314] (-) TimerEvent: {}
[17.223168] (-) TimerEvent: {}
[17.324018] (-) TimerEvent: {}
[17.424828] (-) TimerEvent: {}
[17.525450] (-) TimerEvent: {}
[17.626201] (-) TimerEvent: {}
[17.726918] (-) TimerEvent: {}
[17.827752] (-) TimerEvent: {}
[17.928605] (-) TimerEvent: {}
[18.029456] (-) TimerEvent: {}
[18.130335] (-) TimerEvent: {}
[18.231168] (-) TimerEvent: {}
[18.331980] (-) TimerEvent: {}
[18.432653] (-) TimerEvent: {}
[18.533336] (-) TimerEvent: {}
[18.634060] (-) TimerEvent: {}
[18.734804] (-) TimerEvent: {}
[18.835648] (-) TimerEvent: {}
[18.936500] (-) TimerEvent: {}
[19.037366] (-) TimerEvent: {}
[19.138250] (-) TimerEvent: {}
[19.239013] (-) TimerEvent: {}
[19.339703] (-) TimerEvent: {}
[19.440390] (-) TimerEvent: {}
[19.541111] (-) TimerEvent: {}
[19.642522] (-) TimerEvent: {}
[19.743397] (-) TimerEvent: {}
[19.844239] (-) TimerEvent: {}
[19.945141] (-) TimerEvent: {}
[20.046298] (-) TimerEvent: {}
[20.147013] (-) TimerEvent: {}
[20.248247] (-) TimerEvent: {}
[20.349125] (-) TimerEvent: {}
[20.449971] (-) TimerEvent: {}
[20.550844] (-) TimerEvent: {}
[20.651664] (-) TimerEvent: {}
[20.752681] (-) TimerEvent: {}
[20.853449] (-) TimerEvent: {}
[20.954130] (-) TimerEvent: {}
[21.054849] (-) TimerEvent: {}
[21.155681] (-) TimerEvent: {}
[21.256511] (-) TimerEvent: {}
[21.357344] (-) TimerEvent: {}
[21.458222] (-) TimerEvent: {}
[21.559030] (-) TimerEvent: {}
[21.659769] (-) TimerEvent: {}
[21.760610] (-) TimerEvent: {}
[21.861286] (-) TimerEvent: {}
[21.961986] (-) TimerEvent: {}
[22.062854] (-) TimerEvent: {}
[22.163713] (-) TimerEvent: {}
[22.264577] (-) TimerEvent: {}
[22.365403] (-) TimerEvent: {}
[22.466258] (-) TimerEvent: {}
[22.566947] (-) TimerEvent: {}
[22.667607] (-) TimerEvent: {}
[22.768323] (-) TimerEvent: {}
[22.869140] (-) TimerEvent: {}
[22.969969] (-) TimerEvent: {}
[23.070828] (-) TimerEvent: {}
[23.171651] (-) TimerEvent: {}
[23.272480] (-) TimerEvent: {}
[23.373312] (-) TimerEvent: {}
[23.474046] (-) TimerEvent: {}
[23.574911] (-) TimerEvent: {}
[23.675859] (-) TimerEvent: {}
[23.776829] (-) TimerEvent: {}
[23.877695] (-) TimerEvent: {}
[23.978842] (-) TimerEvent: {}
[24.079747] (-) TimerEvent: {}
[24.180537] (-) TimerEvent: {}
[24.281279] (-) TimerEvent: {}
[24.381961] (-) TimerEvent: {}
[24.482826] (-) TimerEvent: {}
[24.583739] (-) TimerEvent: {}
[24.684591] (-) TimerEvent: {}
[24.785444] (-) TimerEvent: {}
[24.886320] (-) TimerEvent: {}
[24.987459] (-) TimerEvent: {}
[25.088216] (-) TimerEvent: {}
[25.189051] (-) TimerEvent: {}
[25.290260] (-) TimerEvent: {}
[25.391070] (-) TimerEvent: {}
[25.491863] (-) TimerEvent: {}
[25.592709] (-) TimerEvent: {}
[25.693552] (-) TimerEvent: {}
[25.794651] (-) TimerEvent: {}
[25.798952] (ros2_bag_to_image) StderrLine: {'line': b'In file included from \x1b[01m\x1b[K/opt/ros/humble/include/rclcpp/rclcpp/client.hpp:40\x1b[m\x1b[K,\n'}
[25.799674] (ros2_bag_to_image) StderrLine: {'line': b'                 from \x1b[01m\x1b[K/opt/ros/humble/include/rclcpp/rclcpp/callback_group.hpp:24\x1b[m\x1b[K,\n'}
[25.799979] (ros2_bag_to_image) StderrLine: {'line': b'                 from \x1b[01m\x1b[K/opt/ros/humble/include/rclcpp/rclcpp/any_executable.hpp:20\x1b[m\x1b[K,\n'}
[25.800242] (ros2_bag_to_image) StderrLine: {'line': b'                 from \x1b[01m\x1b[K/opt/ros/humble/include/rclcpp/rclcpp/memory_strategy.hpp:25\x1b[m\x1b[K,\n'}
[25.800525] (ros2_bag_to_image) StderrLine: {'line': b'                 from \x1b[01m\x1b[K/opt/ros/humble/include/rclcpp/rclcpp/memory_strategies.hpp:18\x1b[m\x1b[K,\n'}
[25.801254] (ros2_bag_to_image) StderrLine: {'line': b'                 from \x1b[01m\x1b[K/opt/ros/humble/include/rclcpp/rclcpp/executor_options.hpp:20\x1b[m\x1b[K,\n'}
[25.801434] (ros2_bag_to_image) StderrLine: {'line': b'                 from \x1b[01m\x1b[K/opt/ros/humble/include/rclcpp/rclcpp/executor.hpp:37\x1b[m\x1b[K,\n'}
[25.801560] (ros2_bag_to_image) StderrLine: {'line': b'                 from \x1b[01m\x1b[K/opt/ros/humble/include/rclcpp/rclcpp/executors/multi_threaded_executor.hpp:25\x1b[m\x1b[K,\n'}
[25.801677] (ros2_bag_to_image) StderrLine: {'line': b'                 from \x1b[01m\x1b[K/opt/ros/humble/include/rclcpp/rclcpp/executors.hpp:21\x1b[m\x1b[K,\n'}
[25.801786] (ros2_bag_to_image) StderrLine: {'line': b'                 from \x1b[01m\x1b[K/opt/ros/humble/include/rclcpp/rclcpp/rclcpp.hpp:155\x1b[m\x1b[K,\n'}
[25.801893] (ros2_bag_to_image) StderrLine: {'line': b'                 from \x1b[01m\x1b[K/home/orin2/ros2_ws/src/ros2_bag_to_image/include/bag_to_image/bag_to_image.hpp:37\x1b[m\x1b[K,\n'}
[25.802002] (ros2_bag_to_image) StderrLine: {'line': b'                 from \x1b[01m\x1b[K/home/orin2/ros2_ws/src/ros2_bag_to_image/src/bag_to_image.cpp:29\x1b[m\x1b[K:\n'}
[25.802107] (ros2_bag_to_image) StderrLine: {'line': b'\x1b[01m\x1b[K/home/orin2/ros2_ws/src/ros2_bag_to_image/src/bag_to_image.cpp:\x1b[m\x1b[K In member function \xe2\x80\x98\x1b[01m\x1b[Kvoid BagToImage::ReadBag()\x1b[m\x1b[K\xe2\x80\x99:\n'}
[25.802254] (ros2_bag_to_image) StderrLine: {'line': b'\x1b[01m\x1b[K/home/orin2/ros2_ws/src/ros2_bag_to_image/src/bag_to_image.cpp:98:37:\x1b[m\x1b[K \x1b[01;31m\x1b[Kerror: \x1b[m\x1b[K\xe2\x80\x98\x1b[01m\x1b[Kusing element_type = struct rosbag2_storage::SerializedBagMessage\x1b[m\x1b[K\xe2\x80\x99 {aka \xe2\x80\x98\x1b[01m\x1b[Kstruct rosbag2_storage::SerializedBagMessage\x1b[m\x1b[K\xe2\x80\x99} has no member named \xe2\x80\x98\x1b[01m\x1b[Ktimestamp\x1b[m\x1b[K\xe2\x80\x99; did you mean \xe2\x80\x98\x1b[01m\x1b[Ktime_stamp\x1b[m\x1b[K\xe2\x80\x99?\n'}
[25.802415] (ros2_bag_to_image) StderrLine: {'line': b'   98 |           << " at " << bag_message->\x1b[01;31m\x1b[Ktimestamp\x1b[m\x1b[K);\n'}
[25.802540] (ros2_bag_to_image) StderrLine: {'line': b'      |                                     \x1b[01;31m\x1b[K^~~~~~~~~\x1b[m\x1b[K\n'}
[25.894817] (-) TimerEvent: {}
[25.995508] (-) TimerEvent: {}
[26.096487] (-) TimerEvent: {}
[26.197350] (-) TimerEvent: {}
[26.298222] (-) TimerEvent: {}
[26.399034] (-) TimerEvent: {}
[26.499962] (-) TimerEvent: {}
[26.600828] (-) TimerEvent: {}
[26.701974] (-) TimerEvent: {}
[26.802793] (-) TimerEvent: {}
[26.904528] (-) TimerEvent: {}
[27.005365] (-) TimerEvent: {}
[27.106243] (-) TimerEvent: {}
[27.207071] (-) TimerEvent: {}
[27.308171] (-) TimerEvent: {}
[27.408897] (-) TimerEvent: {}
[27.509722] (-) TimerEvent: {}
[27.610929] (-) TimerEvent: {}
[27.711686] (-) TimerEvent: {}
[27.812543] (-) TimerEvent: {}
[27.913376] (-) TimerEvent: {}
[28.014240] (-) TimerEvent: {}
[28.115313] (-) TimerEvent: {}
[28.216119] (-) TimerEvent: {}
[28.316823] (-) TimerEvent: {}
[28.417753] (-) TimerEvent: {}
[28.518812] (-) TimerEvent: {}
[28.619671] (-) TimerEvent: {}
[28.720679] (-) TimerEvent: {}
[28.821566] (-) TimerEvent: {}
[28.922471] (-) TimerEvent: {}
[29.023472] (-) TimerEvent: {}
[29.124520] (-) TimerEvent: {}
[29.156710] (ros2_bag_to_image) StderrLine: {'line': b'gmake[2]: *** [CMakeFiles/bag_to_image.dir/build.make:76: CMakeFiles/bag_to_image.dir/src/bag_to_image.cpp.o] Error 1\n'}
[29.157312] (ros2_bag_to_image) StderrLine: {'line': b'gmake[1]: *** [CMakeFiles/Makefile2:195: CMakeFiles/bag_to_image.dir/all] Error 2\n'}
[29.157603] (ros2_bag_to_image) StderrLine: {'line': b'gmake: *** [Makefile:146: all] Error 2\n'}
[29.162474] (ros2_bag_to_image) CommandEnded: {'returncode': 2}
[29.180442] (ros2_bag_to_image) JobEnded: {'identifier': 'ros2_bag_to_image', 'rc': 2}
[29.192255] (-) EventReactorShutdown: {}
